/*
 Navicat Premium Data Transfer

 Source Server         : mysql
 Source Server Type    : MySQL
 Source Server Version : 80018
 Source Host           : localhost:3306
 Source Schema         : guli_college

 Target Server Type    : MySQL
 Target Server Version : 80018
 File Encoding         : 65001

 Date: 02/11/2020 22:08:48
*/

SET NAMES utf8mb4;
SET FOREIGN_KEY_CHECKS = 0;

-- ----------------------------
-- Table structure for acl_permission
-- ----------------------------
DROP TABLE IF EXISTS `acl_permission`;
CREATE TABLE `acl_permission`  (
  `id` char(19) CHARACTER SET utf8mb4 COLLATE utf8mb4_0900_ai_ci NOT NULL DEFAULT '' COMMENT '编号',
  `pid` char(19) CHARACTER SET utf8mb4 COLLATE utf8mb4_0900_ai_ci NOT NULL DEFAULT '' COMMENT '所属上级',
  `name` varchar(20) CHARACTER SET utf8mb4 COLLATE utf8mb4_0900_ai_ci NOT NULL DEFAULT '' COMMENT '名称',
  `type` tinyint(3) NOT NULL DEFAULT 0 COMMENT '类型(1:菜单,2:按钮)',
  `permission_value` varchar(50) CHARACTER SET utf8mb4 COLLATE utf8mb4_0900_ai_ci NULL DEFAULT NULL COMMENT '权限值',
  `path` varchar(100) CHARACTER SET utf8mb4 COLLATE utf8mb4_0900_ai_ci NULL DEFAULT NULL COMMENT '访问路径',
  `component` varchar(100) CHARACTER SET utf8mb4 COLLATE utf8mb4_0900_ai_ci NULL DEFAULT NULL COMMENT '组件路径',
  `icon` varchar(50) CHARACTER SET utf8mb4 COLLATE utf8mb4_0900_ai_ci NULL DEFAULT NULL COMMENT '图标',
  `status` tinyint(4) NULL DEFAULT NULL COMMENT '状态(0:禁止,1:正常)',
  `is_deleted` tinyint(1) UNSIGNED NOT NULL DEFAULT 0 COMMENT '逻辑删除 1（true）已删除， 0（false）未删除',
  `create_time` datetime(0) NULL DEFAULT NULL COMMENT '创建时间',
  `update_time` datetime(0) NULL DEFAULT NULL COMMENT '更新时间',
  PRIMARY KEY (`id`) USING BTREE,
  INDEX `idx_pid`(`pid`) USING BTREE
) ENGINE = InnoDB CHARACTER SET = utf8mb4 COLLATE = utf8mb4_0900_ai_ci COMMENT = '权限' ROW_FORMAT = Dynamic;

-- ----------------------------
-- Records of acl_permission
-- ----------------------------
INSERT INTO `acl_permission` VALUES ('1', '0', '全部数据', 0, NULL, NULL, NULL, NULL, NULL, 0, '2019-11-15 17:13:06', '2019-11-15 17:13:06');
INSERT INTO `acl_permission` VALUES ('1195268474480156673', '1', '权限管理', 1, NULL, '/acl', 'Layout', NULL, NULL, 0, '2019-11-15 17:13:06', '2019-11-18 13:54:25');
INSERT INTO `acl_permission` VALUES ('1195268616021139457', '1195268474480156673', '用户管理', 1, NULL, 'user/list', '/acl/user/list', NULL, NULL, 0, '2019-11-15 17:13:40', '2019-11-18 13:53:12');
INSERT INTO `acl_permission` VALUES ('1195268788138598401', '1195268474480156673', '角色管理', 1, NULL, 'role/list', '/acl/role/list', NULL, NULL, 0, '2019-11-15 17:14:21', '2019-11-15 17:14:21');
INSERT INTO `acl_permission` VALUES ('1195268893830864898', '1195268474480156673', '菜单管理', 1, NULL, 'menu/list', '/acl/menu/list', NULL, NULL, 0, '2019-11-15 17:14:46', '2019-11-15 17:14:46');
INSERT INTO `acl_permission` VALUES ('1195269143060602882', '1195268616021139457', '查看', 2, 'user.list', '', '', NULL, NULL, 0, '2019-11-15 17:15:45', '2019-11-17 21:57:16');
INSERT INTO `acl_permission` VALUES ('1195269295926206466', '1195268616021139457', '添加', 2, 'user.add', 'user/add', '/acl/user/form', NULL, NULL, 0, '2019-11-15 17:16:22', '2019-11-15 17:16:22');
INSERT INTO `acl_permission` VALUES ('1195269473479483394', '1195268616021139457', '修改', 2, 'user.update', 'user/update/:id', '/acl/user/form', NULL, NULL, 0, '2019-11-15 17:17:04', '2019-11-15 17:17:04');
INSERT INTO `acl_permission` VALUES ('1195269547269873666', '1195268616021139457', '删除', 2, 'user.remove', '', '', NULL, NULL, 0, '2019-11-15 17:17:22', '2019-11-15 17:17:22');
INSERT INTO `acl_permission` VALUES ('1195269821262782465', '1195268788138598401', '修改', 2, 'role.update', 'role/update/:id', '/acl/role/form', NULL, NULL, 0, '2019-11-15 17:18:27', '2019-11-15 17:19:53');
INSERT INTO `acl_permission` VALUES ('1195269903542444034', '1195268788138598401', '查看', 2, 'role.list', '', '', NULL, NULL, 0, '2019-11-15 17:18:47', '2019-11-15 17:18:47');
INSERT INTO `acl_permission` VALUES ('1195270037005197313', '1195268788138598401', '添加', 2, 'role.add', 'role/add', '/acl/role/form', NULL, NULL, 0, '2019-11-15 17:19:19', '2019-11-18 11:05:42');
INSERT INTO `acl_permission` VALUES ('1195270442602782721', '1195268788138598401', '删除', 2, 'role.remove', '', '', NULL, NULL, 0, '2019-11-15 17:20:55', '2019-11-15 17:20:55');
INSERT INTO `acl_permission` VALUES ('1195270621548568578', '1195268788138598401', '角色权限', 2, 'role.acl', 'role/distribution/:id', '/acl/role/roleForm', NULL, NULL, 0, '2019-11-15 17:21:38', '2019-11-15 17:21:38');
INSERT INTO `acl_permission` VALUES ('1195270744097742849', '1195268893830864898', '查看', 2, 'permission.list', '', '', NULL, NULL, 0, '2019-11-15 17:22:07', '2019-11-15 17:22:07');
INSERT INTO `acl_permission` VALUES ('1195270810560684034', '1195268893830864898', '添加', 2, 'permission.add', '', '', NULL, NULL, 0, '2019-11-15 17:22:23', '2019-11-15 17:22:23');
INSERT INTO `acl_permission` VALUES ('1195270862100291586', '1195268893830864898', '修改', 2, 'permission.update', '', '', NULL, NULL, 0, '2019-11-15 17:22:35', '2019-11-15 17:22:35');
INSERT INTO `acl_permission` VALUES ('1195270887933009922', '1195268893830864898', '删除', 2, 'permission.remove', '', '', NULL, NULL, 0, '2019-11-15 17:22:41', '2019-11-15 17:22:41');
INSERT INTO `acl_permission` VALUES ('1195349439240048642', '1', '讲师管理', 1, NULL, '/edu/teacher', 'Layout', NULL, NULL, 0, '2019-11-15 22:34:49', '2019-11-15 22:34:49');
INSERT INTO `acl_permission` VALUES ('1195349699995734017', '1195349439240048642', '讲师列表', 1, NULL, 'list', '/edu/teacher/list', NULL, NULL, 0, '2019-11-15 22:35:52', '2019-11-15 22:35:52');
INSERT INTO `acl_permission` VALUES ('1195349810561781761', '1195349439240048642', '添加讲师', 1, NULL, 'create', '/edu/teacher/insert', NULL, NULL, 0, '2019-11-15 22:36:18', '2019-11-15 22:36:18');
INSERT INTO `acl_permission` VALUES ('1195349876252971010', '1195349810561781761', '添加', 2, 'teacher.add', '', '', NULL, NULL, 0, '2019-11-15 22:36:34', '2019-11-15 22:36:34');
INSERT INTO `acl_permission` VALUES ('1195349979797753857', '1195349699995734017', '查看', 2, 'teacher.list', '', '', NULL, NULL, 0, '2019-11-15 22:36:58', '2019-11-15 22:36:58');
INSERT INTO `acl_permission` VALUES ('1195350117270261762', '1195349699995734017', '修改', 2, 'teacher.update', 'edit/:id', '/edu/teacher/insert', NULL, NULL, 0, '2019-11-15 22:37:31', '2019-11-15 22:37:31');
INSERT INTO `acl_permission` VALUES ('1195350188359520258', '1195349699995734017', '删除', 2, 'teacher.remove', '', '', NULL, NULL, 0, '2019-11-15 22:37:48', '2019-11-15 22:37:48');
INSERT INTO `acl_permission` VALUES ('1195350299365969922', '1', '课程分类', 1, NULL, '/edu/subject', 'Layout', NULL, NULL, 0, '2019-11-15 22:38:15', '2019-11-15 22:38:15');
INSERT INTO `acl_permission` VALUES ('1195350397751758850', '1195350299365969922', '课程分类列表', 1, NULL, 'list', '/edu/subject/list', NULL, NULL, 0, '2019-11-15 22:38:38', '2019-11-15 22:38:38');
INSERT INTO `acl_permission` VALUES ('1195350500512206850', '1195350299365969922', '导入课程分类', 1, NULL, 'import', '/edu/subject/insert', NULL, NULL, 0, '2019-11-15 22:39:03', '2019-11-15 22:39:03');
INSERT INTO `acl_permission` VALUES ('1195350612172967938', '1195350397751758850', '查看', 2, 'subject.list', '', '', NULL, NULL, 0, '2019-11-15 22:39:29', '2019-11-15 22:39:29');
INSERT INTO `acl_permission` VALUES ('1195350687590748161', '1195350500512206850', '导入', 2, 'subject.import', '', '', NULL, NULL, 0, '2019-11-15 22:39:47', '2019-11-15 22:39:47');
INSERT INTO `acl_permission` VALUES ('1195350831744782337', '1', '课程管理', 1, NULL, '/edu/course', 'Layout', NULL, NULL, 0, '2019-11-15 22:40:21', '2019-11-15 22:40:21');
INSERT INTO `acl_permission` VALUES ('1195350919074385921', '1195350831744782337', '课程列表', 1, NULL, 'list', '/edu/course/list', NULL, NULL, 0, '2019-11-15 22:40:42', '2019-11-15 22:40:42');
INSERT INTO `acl_permission` VALUES ('1195351020463296513', '1195350831744782337', '发布课程', 1, NULL, 'info', '/edu/course/info', NULL, NULL, 0, '2019-11-15 22:41:06', '2019-11-15 22:41:06');
INSERT INTO `acl_permission` VALUES ('1195351159672246274', '1195350919074385921', '完成发布', 2, 'course.publish', 'publish/:id', '/edu/course/publish', NULL, NULL, 0, '2019-11-15 22:41:40', '2019-11-15 22:44:01');
INSERT INTO `acl_permission` VALUES ('1195351326706208770', '1195350919074385921', '编辑课程', 2, 'course.update', 'info/:id', '/edu/course/info', NULL, NULL, 0, '2019-11-15 22:42:19', '2019-11-15 22:42:19');
INSERT INTO `acl_permission` VALUES ('1195351566221938690', '1195350919074385921', '编辑课程大纲', 2, 'chapter.update', 'chapter/:id', '/edu/course/chapter', NULL, NULL, 0, '2019-11-15 22:43:17', '2019-11-15 22:43:17');
INSERT INTO `acl_permission` VALUES ('1195351862889254913', '1', '统计分析', 1, NULL, '/statistics/daily', 'Layout', NULL, NULL, 0, '2019-11-15 22:44:27', '2019-11-15 22:44:27');
INSERT INTO `acl_permission` VALUES ('1195351968841568257', '1195351862889254913', '生成统计', 1, NULL, 'create', '/sta/create', NULL, NULL, 0, '2019-11-15 22:44:53', '2019-11-15 22:44:53');
INSERT INTO `acl_permission` VALUES ('1195352054917074946', '1195351862889254913', '统计图表', 1, NULL, 'chart', '/sta/show', NULL, NULL, 0, '2019-11-15 22:45:13', '2019-11-15 22:45:13');
INSERT INTO `acl_permission` VALUES ('1195352127734386690', '1195352054917074946', '查看', 2, 'daily.list', '', '', NULL, NULL, 0, '2019-11-15 22:45:30', '2019-11-15 22:45:30');
INSERT INTO `acl_permission` VALUES ('1195352215768633346', '1195351968841568257', '生成', 2, 'daily.add', '', '', NULL, NULL, 0, '2019-11-15 22:45:51', '2019-11-15 22:45:51');

-- ----------------------------
-- Table structure for acl_role
-- ----------------------------
DROP TABLE IF EXISTS `acl_role`;
CREATE TABLE `acl_role`  (
  `id` char(19) CHARACTER SET utf8 COLLATE utf8_general_ci NOT NULL DEFAULT '' COMMENT '角色id',
  `role_name` varchar(20) CHARACTER SET utf8 COLLATE utf8_general_ci NOT NULL DEFAULT '' COMMENT '角色名称',
  `role_code` varchar(20) CHARACTER SET utf8 COLLATE utf8_general_ci NULL DEFAULT NULL COMMENT '角色编码',
  `remark` varchar(255) CHARACTER SET utf8 COLLATE utf8_general_ci NULL DEFAULT NULL COMMENT '备注',
  `is_deleted` tinyint(1) UNSIGNED NOT NULL DEFAULT 0 COMMENT '逻辑删除 1（true）已删除， 0（false）未删除',
  `create_time` datetime(0) NOT NULL COMMENT '创建时间',
  `update_time` datetime(0) NOT NULL COMMENT '更新时间',
  PRIMARY KEY (`id`) USING BTREE
) ENGINE = InnoDB CHARACTER SET = utf8 COLLATE = utf8_general_ci ROW_FORMAT = Dynamic;

-- ----------------------------
-- Records of acl_role
-- ----------------------------
INSERT INTO `acl_role` VALUES ('1', '普通管理员', NULL, NULL, 0, '2019-11-11 13:09:32', '2019-11-18 10:27:18');
INSERT INTO `acl_role` VALUES ('1193757683205607426', '课程管理员', NULL, NULL, 0, '2019-11-11 13:09:45', '2019-11-18 10:25:44');
INSERT INTO `acl_role` VALUES ('1196300996034977794', '超级管理员', NULL, NULL, 0, '2019-11-18 13:35:58', '2020-10-31 17:41:11');
INSERT INTO `acl_role` VALUES ('1322473594936119297', '111', NULL, NULL, 1, '2020-10-31 17:40:50', '2020-10-31 17:40:50');

-- ----------------------------
-- Table structure for acl_role_permission
-- ----------------------------
DROP TABLE IF EXISTS `acl_role_permission`;
CREATE TABLE `acl_role_permission`  (
  `id` char(19) CHARACTER SET utf8 COLLATE utf8_general_ci NOT NULL DEFAULT '',
  `role_id` char(19) CHARACTER SET utf8 COLLATE utf8_general_ci NOT NULL DEFAULT '',
  `permission_id` char(19) CHARACTER SET utf8 COLLATE utf8_general_ci NOT NULL DEFAULT '',
  `is_deleted` tinyint(1) UNSIGNED NOT NULL DEFAULT 0 COMMENT '逻辑删除 1（true）已删除， 0（false）未删除',
  `create_time` datetime(0) NOT NULL COMMENT '创建时间',
  `update_time` datetime(0) NOT NULL COMMENT '更新时间',
  PRIMARY KEY (`id`) USING BTREE,
  INDEX `idx_role_id`(`role_id`) USING BTREE,
  INDEX `idx_permission_id`(`permission_id`) USING BTREE
) ENGINE = InnoDB CHARACTER SET = utf8 COLLATE = utf8_general_ci COMMENT = '角色权限' ROW_FORMAT = Dynamic;

-- ----------------------------
-- Records of acl_role_permission
-- ----------------------------
INSERT INTO `acl_role_permission` VALUES ('1196301979754455041', '1', '1', 1, '2019-11-18 13:39:53', '2019-11-18 13:39:53');
INSERT INTO `acl_role_permission` VALUES ('1196301979792203778', '1', '1195268474480156673', 1, '2019-11-18 13:39:53', '2019-11-18 13:39:53');
INSERT INTO `acl_role_permission` VALUES ('1196301979821563906', '1', '1195268616021139457', 1, '2019-11-18 13:39:53', '2019-11-18 13:39:53');
INSERT INTO `acl_role_permission` VALUES ('1196301979842535426', '1', '1195269143060602882', 1, '2019-11-18 13:39:53', '2019-11-18 13:39:53');
INSERT INTO `acl_role_permission` VALUES ('1196301979855118338', '1', '1195269295926206466', 1, '2019-11-18 13:39:53', '2019-11-18 13:39:53');
INSERT INTO `acl_role_permission` VALUES ('1196301979880284161', '1', '1195269473479483394', 1, '2019-11-18 13:39:53', '2019-11-18 13:39:53');
INSERT INTO `acl_role_permission` VALUES ('1196301979913838593', '1', '1195269547269873666', 1, '2019-11-18 13:39:53', '2019-11-18 13:39:53');
INSERT INTO `acl_role_permission` VALUES ('1196301979926421506', '1', '1196301740985311234', 1, '2019-11-18 13:39:53', '2019-11-18 13:39:53');
INSERT INTO `acl_role_permission` VALUES ('1196301979951587330', '1', '1195268788138598401', 1, '2019-11-18 13:39:53', '2019-11-18 13:39:53');
INSERT INTO `acl_role_permission` VALUES ('1196301980014501889', '1', '1195269821262782465', 1, '2019-11-18 13:39:53', '2019-11-18 13:39:53');
INSERT INTO `acl_role_permission` VALUES ('1196301980035473410', '1', '1195269903542444034', 1, '2019-11-18 13:39:53', '2019-11-18 13:39:53');
INSERT INTO `acl_role_permission` VALUES ('1196301980052250626', '1', '1195270037005197313', 1, '2019-11-18 13:39:53', '2019-11-18 13:39:53');
INSERT INTO `acl_role_permission` VALUES ('1196301980077416450', '1', '1195270442602782721', 1, '2019-11-18 13:39:53', '2019-11-18 13:39:53');
INSERT INTO `acl_role_permission` VALUES ('1196301980094193665', '1', '1195270621548568578', 1, '2019-11-18 13:39:53', '2019-11-18 13:39:53');
INSERT INTO `acl_role_permission` VALUES ('1196301980119359489', '1', '1195268893830864898', 1, '2019-11-18 13:39:53', '2019-11-18 13:39:53');
INSERT INTO `acl_role_permission` VALUES ('1196301980136136706', '1', '1195270744097742849', 1, '2019-11-18 13:39:53', '2019-11-18 13:39:53');
INSERT INTO `acl_role_permission` VALUES ('1196301980249382913', '1', '1195270810560684034', 1, '2019-11-18 13:39:53', '2019-11-18 13:39:53');
INSERT INTO `acl_role_permission` VALUES ('1196301980270354434', '1', '1195270862100291586', 1, '2019-11-18 13:39:53', '2019-11-18 13:39:53');
INSERT INTO `acl_role_permission` VALUES ('1196301980287131649', '1', '1195270887933009922', 1, '2019-11-18 13:39:53', '2019-11-18 13:39:53');
INSERT INTO `acl_role_permission` VALUES ('1196301980303908866', '1', '1195349439240048642', 1, '2019-11-18 13:39:53', '2019-11-18 13:39:53');
INSERT INTO `acl_role_permission` VALUES ('1196301980320686082', '1', '1195349699995734017', 1, '2019-11-18 13:39:53', '2019-11-18 13:39:53');
INSERT INTO `acl_role_permission` VALUES ('1196301980345851905', '1', '1195349979797753857', 1, '2019-11-18 13:39:53', '2019-11-18 13:39:53');
INSERT INTO `acl_role_permission` VALUES ('1196301980362629121', '1', '1195350117270261762', 1, '2019-11-18 13:39:53', '2019-11-18 13:39:53');
INSERT INTO `acl_role_permission` VALUES ('1196301980383600641', '1', '1195350188359520258', 1, '2019-11-18 13:39:53', '2019-11-18 13:39:53');
INSERT INTO `acl_role_permission` VALUES ('1196301980408766465', '1', '1195349810561781761', 1, '2019-11-18 13:39:53', '2019-11-18 13:39:53');
INSERT INTO `acl_role_permission` VALUES ('1196301980421349378', '1', '1195349876252971010', 1, '2019-11-18 13:39:53', '2019-11-18 13:39:53');
INSERT INTO `acl_role_permission` VALUES ('1196301980438126593', '1', '1195350299365969922', 1, '2019-11-18 13:39:53', '2019-11-18 13:39:53');
INSERT INTO `acl_role_permission` VALUES ('1196301980450709506', '1', '1195350397751758850', 1, '2019-11-18 13:39:53', '2019-11-18 13:39:53');
INSERT INTO `acl_role_permission` VALUES ('1196301980501041153', '1', '1195350612172967938', 1, '2019-11-18 13:39:53', '2019-11-18 13:39:53');
INSERT INTO `acl_role_permission` VALUES ('1196301980517818370', '1', '1195350500512206850', 1, '2019-11-18 13:39:53', '2019-11-18 13:39:53');
INSERT INTO `acl_role_permission` VALUES ('1196301980538789889', '1', '1195350687590748161', 1, '2019-11-18 13:39:53', '2019-11-18 13:39:53');
INSERT INTO `acl_role_permission` VALUES ('1196301980622675970', '1', '1195350831744782337', 1, '2019-11-18 13:39:53', '2019-11-18 13:39:53');
INSERT INTO `acl_role_permission` VALUES ('1196301980639453186', '1', '1195350919074385921', 1, '2019-11-18 13:39:53', '2019-11-18 13:39:53');
INSERT INTO `acl_role_permission` VALUES ('1196301980660424705', '1', '1195351159672246274', 1, '2019-11-18 13:39:53', '2019-11-18 13:39:53');
INSERT INTO `acl_role_permission` VALUES ('1196301980677201922', '1', '1195351326706208770', 1, '2019-11-18 13:39:53', '2019-11-18 13:39:53');
INSERT INTO `acl_role_permission` VALUES ('1196301980698173441', '1', '1195351566221938690', 1, '2019-11-18 13:39:53', '2019-11-18 13:39:53');
INSERT INTO `acl_role_permission` VALUES ('1196301980714950658', '1', '1195351020463296513', 1, '2019-11-18 13:39:53', '2019-11-18 13:39:53');
INSERT INTO `acl_role_permission` VALUES ('1196301980723339266', '1', '1195351862889254913', 1, '2019-11-18 13:39:53', '2019-11-18 13:39:53');
INSERT INTO `acl_role_permission` VALUES ('1196301980744310786', '1', '1195351968841568257', 1, '2019-11-18 13:39:53', '2019-11-18 13:39:53');
INSERT INTO `acl_role_permission` VALUES ('1196301980761088001', '1', '1195352215768633346', 1, '2019-11-18 13:39:53', '2019-11-18 13:39:53');
INSERT INTO `acl_role_permission` VALUES ('1196301980777865217', '1', '1195352054917074946', 1, '2019-11-18 13:39:53', '2019-11-18 13:39:53');
INSERT INTO `acl_role_permission` VALUES ('1196301980794642434', '1', '1195352127734386690', 1, '2019-11-18 13:39:53', '2019-11-18 13:39:53');
INSERT INTO `acl_role_permission` VALUES ('1196301980811419650', '1', '1195352547621965825', 1, '2019-11-18 13:39:53', '2019-11-18 13:39:53');
INSERT INTO `acl_role_permission` VALUES ('1196301980828196865', '1', '1195353513549205505', 1, '2019-11-18 13:39:53', '2019-11-18 13:39:53');
INSERT INTO `acl_role_permission` VALUES ('1196301980844974082', '1', '1195352856645701633', 1, '2019-11-18 13:39:53', '2019-11-18 13:39:53');
INSERT INTO `acl_role_permission` VALUES ('1196301980861751298', '1', '1195352909401657346', 1, '2019-11-18 13:39:53', '2019-11-18 13:39:53');
INSERT INTO `acl_role_permission` VALUES ('1196301980886917122', '1', '1195353051395624961', 1, '2019-11-18 13:39:53', '2019-11-18 13:39:53');
INSERT INTO `acl_role_permission` VALUES ('1196301980928860162', '1', '1195353672110673921', 1, '2019-11-18 13:39:53', '2019-11-18 13:39:53');
INSERT INTO `acl_role_permission` VALUES ('1196301980954025986', '1', '1195354076890370050', 1, '2019-11-18 13:39:53', '2019-11-18 13:39:53');
INSERT INTO `acl_role_permission` VALUES ('1196301980970803201', '1', '1195354153482555393', 1, '2019-11-18 13:39:53', '2019-11-18 13:39:53');
INSERT INTO `acl_role_permission` VALUES ('1196301980987580418', '1', '1195354315093282817', 1, '2019-11-18 13:39:53', '2019-11-18 13:39:53');
INSERT INTO `acl_role_permission` VALUES ('1196305293070077953', '1', '1', 1, '2019-11-18 13:53:03', '2019-11-18 13:53:03');
INSERT INTO `acl_role_permission` VALUES ('1196305293099438081', '1', '1195268474480156673', 1, '2019-11-18 13:53:03', '2019-11-18 13:53:03');
INSERT INTO `acl_role_permission` VALUES ('1196305293120409602', '1', '1195268616021139457', 1, '2019-11-18 13:53:03', '2019-11-18 13:53:03');
INSERT INTO `acl_role_permission` VALUES ('1196305293153964034', '1', '1195269143060602882', 1, '2019-11-18 13:53:03', '2019-11-18 13:53:03');
INSERT INTO `acl_role_permission` VALUES ('1196305293183324162', '1', '1195269295926206466', 1, '2019-11-18 13:53:03', '2019-11-18 13:53:03');
INSERT INTO `acl_role_permission` VALUES ('1196305293212684290', '1', '1195269473479483394', 1, '2019-11-18 13:53:03', '2019-11-18 13:53:03');
INSERT INTO `acl_role_permission` VALUES ('1196305293237850114', '1', '1195269547269873666', 1, '2019-11-18 13:53:03', '2019-11-18 13:53:03');
INSERT INTO `acl_role_permission` VALUES ('1196305293271404545', '1', '1196301740985311234', 1, '2019-11-18 13:53:03', '2019-11-18 13:53:03');
INSERT INTO `acl_role_permission` VALUES ('1196305293485314049', '1', '1195268788138598401', 1, '2019-11-18 13:53:03', '2019-11-18 13:53:03');
INSERT INTO `acl_role_permission` VALUES ('1196305293506285569', '1', '1195269821262782465', 1, '2019-11-18 13:53:03', '2019-11-18 13:53:03');
INSERT INTO `acl_role_permission` VALUES ('1196305293527257089', '1', '1195269903542444034', 1, '2019-11-18 13:53:03', '2019-11-18 13:53:03');
INSERT INTO `acl_role_permission` VALUES ('1196305293552422914', '1', '1195270037005197313', 1, '2019-11-18 13:53:03', '2019-11-18 13:53:03');
INSERT INTO `acl_role_permission` VALUES ('1196305293565005825', '1', '1195270442602782721', 1, '2019-11-18 13:53:03', '2019-11-18 13:53:03');
INSERT INTO `acl_role_permission` VALUES ('1196305293594365954', '1', '1195270621548568578', 1, '2019-11-18 13:53:03', '2019-11-18 13:53:03');
INSERT INTO `acl_role_permission` VALUES ('1196305293611143169', '1', '1195268893830864898', 1, '2019-11-18 13:53:03', '2019-11-18 13:53:03');
INSERT INTO `acl_role_permission` VALUES ('1196305293627920385', '1', '1195270744097742849', 1, '2019-11-18 13:53:03', '2019-11-18 13:53:03');
INSERT INTO `acl_role_permission` VALUES ('1196305293657280513', '1', '1195349439240048642', 1, '2019-11-18 13:53:03', '2019-11-18 13:53:03');
INSERT INTO `acl_role_permission` VALUES ('1196305293674057729', '1', '1195349699995734017', 1, '2019-11-18 13:53:03', '2019-11-18 13:53:03');
INSERT INTO `acl_role_permission` VALUES ('1196305293690834946', '1', '1195349979797753857', 1, '2019-11-18 13:53:03', '2019-11-18 13:53:03');
INSERT INTO `acl_role_permission` VALUES ('1196305293716000770', '1', '1195350117270261762', 1, '2019-11-18 13:53:03', '2019-11-18 13:53:03');
INSERT INTO `acl_role_permission` VALUES ('1196305293736972290', '1', '1195350188359520258', 1, '2019-11-18 13:53:03', '2019-11-18 13:53:03');
INSERT INTO `acl_role_permission` VALUES ('1196305293749555202', '1', '1195349810561781761', 1, '2019-11-18 13:53:03', '2019-11-18 13:53:03');
INSERT INTO `acl_role_permission` VALUES ('1196305293766332417', '1', '1195349876252971010', 1, '2019-11-18 13:53:03', '2019-11-18 13:53:03');
INSERT INTO `acl_role_permission` VALUES ('1196305293795692546', '1', '1195350299365969922', 1, '2019-11-18 13:53:03', '2019-11-18 13:53:03');
INSERT INTO `acl_role_permission` VALUES ('1196305293812469762', '1', '1195350397751758850', 1, '2019-11-18 13:53:03', '2019-11-18 13:53:03');
INSERT INTO `acl_role_permission` VALUES ('1196305293837635586', '1', '1195350612172967938', 1, '2019-11-18 13:53:03', '2019-11-18 13:53:03');
INSERT INTO `acl_role_permission` VALUES ('1196305293858607106', '1', '1195350500512206850', 1, '2019-11-18 13:53:03', '2019-11-18 13:53:03');
INSERT INTO `acl_role_permission` VALUES ('1196305293875384322', '1', '1195350687590748161', 1, '2019-11-18 13:53:03', '2019-11-18 13:53:03');
INSERT INTO `acl_role_permission` VALUES ('1196305293892161538', '1', '1195350831744782337', 1, '2019-11-18 13:53:03', '2019-11-18 13:53:03');
INSERT INTO `acl_role_permission` VALUES ('1196305293950881794', '1', '1195350919074385921', 1, '2019-11-18 13:53:03', '2019-11-18 13:53:03');
INSERT INTO `acl_role_permission` VALUES ('1196305293976047617', '1', '1195351159672246274', 1, '2019-11-18 13:53:03', '2019-11-18 13:53:03');
INSERT INTO `acl_role_permission` VALUES ('1196305294127042561', '1', '1195351326706208770', 1, '2019-11-18 13:53:03', '2019-11-18 13:53:03');
INSERT INTO `acl_role_permission` VALUES ('1196305294156402690', '1', '1195351566221938690', 1, '2019-11-18 13:53:03', '2019-11-18 13:53:03');
INSERT INTO `acl_role_permission` VALUES ('1196305294177374209', '1', '1195351862889254913', 1, '2019-11-18 13:53:03', '2019-11-18 13:53:03');
INSERT INTO `acl_role_permission` VALUES ('1196305294194151425', '1', '1195351968841568257', 1, '2019-11-18 13:53:03', '2019-11-18 13:53:03');
INSERT INTO `acl_role_permission` VALUES ('1196305294223511554', '1', '1195352215768633346', 1, '2019-11-18 13:53:03', '2019-11-18 13:53:03');
INSERT INTO `acl_role_permission` VALUES ('1196305294240288770', '1', '1195352054917074946', 1, '2019-11-18 13:53:03', '2019-11-18 13:53:03');
INSERT INTO `acl_role_permission` VALUES ('1196305294248677377', '1', '1195352127734386690', 1, '2019-11-18 13:53:03', '2019-11-18 13:53:03');
INSERT INTO `acl_role_permission` VALUES ('1196305294248677378', '1', '1195352547621965825', 1, '2019-11-18 13:53:03', '2019-11-18 13:53:03');
INSERT INTO `acl_role_permission` VALUES ('1196305294319980546', '1', '1195353513549205505', 1, '2019-11-18 13:53:03', '2019-11-18 13:53:03');
INSERT INTO `acl_role_permission` VALUES ('1196305294319980547', '1', '1195352856645701633', 1, '2019-11-18 13:53:03', '2019-11-18 13:53:03');
INSERT INTO `acl_role_permission` VALUES ('1196305294319980548', '1', '1195352909401657346', 1, '2019-11-18 13:53:03', '2019-11-18 13:53:03');
INSERT INTO `acl_role_permission` VALUES ('1196305294378700802', '1', '1195353051395624961', 1, '2019-11-18 13:53:03', '2019-11-18 13:53:03');
INSERT INTO `acl_role_permission` VALUES ('1196305294378700803', '1', '1195353672110673921', 1, '2019-11-18 13:53:03', '2019-11-18 13:53:03');
INSERT INTO `acl_role_permission` VALUES ('1196305294458392577', '1', '1195354076890370050', 1, '2019-11-18 13:53:03', '2019-11-18 13:53:03');
INSERT INTO `acl_role_permission` VALUES ('1196305294483558402', '1', '1195354153482555393', 1, '2019-11-18 13:53:03', '2019-11-18 13:53:03');
INSERT INTO `acl_role_permission` VALUES ('1196305294500335618', '1', '1195354315093282817', 1, '2019-11-18 13:53:03', '2019-11-18 13:53:03');
INSERT INTO `acl_role_permission` VALUES ('1196305566656139266', '1', '1', 1, '2019-11-18 13:54:08', '2019-11-18 13:54:08');
INSERT INTO `acl_role_permission` VALUES ('1196305566689693698', '1', '1195268474480156673', 1, '2019-11-18 13:54:08', '2019-11-18 13:54:08');
INSERT INTO `acl_role_permission` VALUES ('1196305566706470913', '1', '1195268616021139457', 1, '2019-11-18 13:54:08', '2019-11-18 13:54:08');
INSERT INTO `acl_role_permission` VALUES ('1196305566740025346', '1', '1195269143060602882', 1, '2019-11-18 13:54:08', '2019-11-18 13:54:08');
INSERT INTO `acl_role_permission` VALUES ('1196305566756802561', '1', '1195269295926206466', 1, '2019-11-18 13:54:08', '2019-11-18 13:54:08');
INSERT INTO `acl_role_permission` VALUES ('1196305566781968385', '1', '1195269473479483394', 1, '2019-11-18 13:54:08', '2019-11-18 13:54:08');
INSERT INTO `acl_role_permission` VALUES ('1196305566811328514', '1', '1195269547269873666', 1, '2019-11-18 13:54:08', '2019-11-18 13:54:08');
INSERT INTO `acl_role_permission` VALUES ('1196305566828105730', '1', '1196301740985311234', 1, '2019-11-18 13:54:08', '2019-11-18 13:54:08');
INSERT INTO `acl_role_permission` VALUES ('1196305566853271554', '1', '1195268788138598401', 1, '2019-11-18 13:54:08', '2019-11-18 13:54:08');
INSERT INTO `acl_role_permission` VALUES ('1196305566878437378', '1', '1195269821262782465', 1, '2019-11-18 13:54:08', '2019-11-18 13:54:08');
INSERT INTO `acl_role_permission` VALUES ('1196305566895214593', '1', '1195269903542444034', 1, '2019-11-18 13:54:08', '2019-11-18 13:54:08');
INSERT INTO `acl_role_permission` VALUES ('1196305566916186113', '1', '1195270037005197313', 1, '2019-11-18 13:54:08', '2019-11-18 13:54:08');
INSERT INTO `acl_role_permission` VALUES ('1196305566949740546', '1', '1195270442602782721', 1, '2019-11-18 13:54:08', '2019-11-18 13:54:08');
INSERT INTO `acl_role_permission` VALUES ('1196305566966517761', '1', '1195270621548568578', 1, '2019-11-18 13:54:08', '2019-11-18 13:54:08');
INSERT INTO `acl_role_permission` VALUES ('1196305566991683585', '1', '1195268893830864898', 1, '2019-11-18 13:54:08', '2019-11-18 13:54:08');
INSERT INTO `acl_role_permission` VALUES ('1196305567012655106', '1', '1195270744097742849', 1, '2019-11-18 13:54:08', '2019-11-18 13:54:08');
INSERT INTO `acl_role_permission` VALUES ('1196305567029432322', '1', '1195270810560684034', 1, '2019-11-18 13:54:08', '2019-11-18 13:54:08');
INSERT INTO `acl_role_permission` VALUES ('1196305567042015233', '1', '1195270862100291586', 1, '2019-11-18 13:54:08', '2019-11-18 13:54:08');
INSERT INTO `acl_role_permission` VALUES ('1196305567100735490', '1', '1195270887933009922', 1, '2019-11-18 13:54:08', '2019-11-18 13:54:08');
INSERT INTO `acl_role_permission` VALUES ('1196305567117512705', '1', '1195349439240048642', 1, '2019-11-18 13:54:08', '2019-11-18 13:54:08');
INSERT INTO `acl_role_permission` VALUES ('1196305567142678530', '1', '1195349699995734017', 1, '2019-11-18 13:54:08', '2019-11-18 13:54:08');
INSERT INTO `acl_role_permission` VALUES ('1196305567155261442', '1', '1195349979797753857', 1, '2019-11-18 13:54:08', '2019-11-18 13:54:08');
INSERT INTO `acl_role_permission` VALUES ('1196305567172038658', '1', '1195350117270261762', 1, '2019-11-18 13:54:08', '2019-11-18 13:54:08');
INSERT INTO `acl_role_permission` VALUES ('1196305567188815873', '1', '1195350188359520258', 1, '2019-11-18 13:54:08', '2019-11-18 13:54:08');
INSERT INTO `acl_role_permission` VALUES ('1196305567218176001', '1', '1195349810561781761', 1, '2019-11-18 13:54:08', '2019-11-18 13:54:08');
INSERT INTO `acl_role_permission` VALUES ('1196305567234953217', '1', '1195349876252971010', 1, '2019-11-18 13:54:08', '2019-11-18 13:54:08');
INSERT INTO `acl_role_permission` VALUES ('1196305567251730434', '1', '1195350299365969922', 1, '2019-11-18 13:54:08', '2019-11-18 13:54:08');
INSERT INTO `acl_role_permission` VALUES ('1196305567272701954', '1', '1195350397751758850', 1, '2019-11-18 13:54:08', '2019-11-18 13:54:08');
INSERT INTO `acl_role_permission` VALUES ('1196305567289479170', '1', '1195350612172967938', 1, '2019-11-18 13:54:08', '2019-11-18 13:54:08');
INSERT INTO `acl_role_permission` VALUES ('1196305567310450690', '1', '1195350500512206850', 1, '2019-11-18 13:54:08', '2019-11-18 13:54:08');
INSERT INTO `acl_role_permission` VALUES ('1196305567327227905', '1', '1195350687590748161', 1, '2019-11-18 13:54:08', '2019-11-18 13:54:08');
INSERT INTO `acl_role_permission` VALUES ('1196305567448862722', '1', '1195350831744782337', 1, '2019-11-18 13:54:08', '2019-11-18 13:54:08');
INSERT INTO `acl_role_permission` VALUES ('1196305567478222850', '1', '1195350919074385921', 1, '2019-11-18 13:54:08', '2019-11-18 13:54:08');
INSERT INTO `acl_role_permission` VALUES ('1196305567495000065', '1', '1195351159672246274', 1, '2019-11-18 13:54:08', '2019-11-18 13:54:08');
INSERT INTO `acl_role_permission` VALUES ('1196305567520165889', '1', '1195351326706208770', 1, '2019-11-18 13:54:08', '2019-11-18 13:54:08');
INSERT INTO `acl_role_permission` VALUES ('1196305567541137409', '1', '1195351566221938690', 1, '2019-11-18 13:54:08', '2019-11-18 13:54:08');
INSERT INTO `acl_role_permission` VALUES ('1196305567570497538', '1', '1195351862889254913', 1, '2019-11-18 13:54:08', '2019-11-18 13:54:08');
INSERT INTO `acl_role_permission` VALUES ('1196305567587274754', '1', '1195351968841568257', 1, '2019-11-18 13:54:08', '2019-11-18 13:54:08');
INSERT INTO `acl_role_permission` VALUES ('1196305567604051970', '1', '1195352215768633346', 1, '2019-11-18 13:54:08', '2019-11-18 13:54:08');
INSERT INTO `acl_role_permission` VALUES ('1196305567633412098', '1', '1195352054917074946', 1, '2019-11-18 13:54:08', '2019-11-18 13:54:08');
INSERT INTO `acl_role_permission` VALUES ('1196305567683743745', '1', '1195352127734386690', 1, '2019-11-18 13:54:08', '2019-11-18 13:54:08');
INSERT INTO `acl_role_permission` VALUES ('1196305567721492481', '1', '1195352547621965825', 1, '2019-11-18 13:54:08', '2019-11-18 13:54:08');
INSERT INTO `acl_role_permission` VALUES ('1196305567742464002', '1', '1195353513549205505', 1, '2019-11-18 13:54:08', '2019-11-18 13:54:08');
INSERT INTO `acl_role_permission` VALUES ('1196305567771824129', '1', '1195352856645701633', 1, '2019-11-18 13:54:08', '2019-11-18 13:54:08');
INSERT INTO `acl_role_permission` VALUES ('1196305567792795650', '1', '1195352909401657346', 1, '2019-11-18 13:54:08', '2019-11-18 13:54:08');
INSERT INTO `acl_role_permission` VALUES ('1196305567809572866', '1', '1195353051395624961', 1, '2019-11-18 13:54:08', '2019-11-18 13:54:08');
INSERT INTO `acl_role_permission` VALUES ('1196305567843127298', '1', '1195353672110673921', 1, '2019-11-18 13:54:08', '2019-11-18 13:54:08');
INSERT INTO `acl_role_permission` VALUES ('1196305567868293122', '1', '1195354076890370050', 1, '2019-11-18 13:54:08', '2019-11-18 13:54:08');
INSERT INTO `acl_role_permission` VALUES ('1196305567885070338', '1', '1195354153482555393', 1, '2019-11-18 13:54:08', '2019-11-18 13:54:08');
INSERT INTO `acl_role_permission` VALUES ('1196305567910236162', '1', '1195354315093282817', 1, '2019-11-18 13:54:08', '2019-11-18 13:54:08');
INSERT INTO `acl_role_permission` VALUES ('1196312702601695234', '1', '1', 0, '2019-11-18 14:22:29', '2019-11-18 14:22:29');
INSERT INTO `acl_role_permission` VALUES ('1196312702652026881', '1', '1195268474480156673', 0, '2019-11-18 14:22:29', '2019-11-18 14:22:29');
INSERT INTO `acl_role_permission` VALUES ('1196312702668804098', '1', '1195268616021139457', 0, '2019-11-18 14:22:29', '2019-11-18 14:22:29');
INSERT INTO `acl_role_permission` VALUES ('1196312702698164226', '1', '1195269143060602882', 0, '2019-11-18 14:22:29', '2019-11-18 14:22:29');
INSERT INTO `acl_role_permission` VALUES ('1196312702723330049', '1', '1195269295926206466', 0, '2019-11-18 14:22:29', '2019-11-18 14:22:29');
INSERT INTO `acl_role_permission` VALUES ('1196312702744301569', '1', '1195269473479483394', 0, '2019-11-18 14:22:29', '2019-11-18 14:22:29');
INSERT INTO `acl_role_permission` VALUES ('1196312702765273089', '1', '1195269547269873666', 0, '2019-11-18 14:22:29', '2019-11-18 14:22:29');
INSERT INTO `acl_role_permission` VALUES ('1196312702790438913', '1', '1196301740985311234', 0, '2019-11-18 14:22:29', '2019-11-18 14:22:29');
INSERT INTO `acl_role_permission` VALUES ('1196312702945628161', '1', '1195268788138598401', 0, '2019-11-18 14:22:29', '2019-11-18 14:22:29');
INSERT INTO `acl_role_permission` VALUES ('1196312702970793985', '1', '1195269821262782465', 0, '2019-11-18 14:22:29', '2019-11-18 14:22:29');
INSERT INTO `acl_role_permission` VALUES ('1196312703000154114', '1', '1195269903542444034', 0, '2019-11-18 14:22:29', '2019-11-18 14:22:29');
INSERT INTO `acl_role_permission` VALUES ('1196312703025319938', '1', '1195270037005197313', 0, '2019-11-18 14:22:29', '2019-11-18 14:22:29');
INSERT INTO `acl_role_permission` VALUES ('1196312703046291458', '1', '1195270442602782721', 0, '2019-11-18 14:22:29', '2019-11-18 14:22:29');
INSERT INTO `acl_role_permission` VALUES ('1196312703063068673', '1', '1195270621548568578', 0, '2019-11-18 14:22:29', '2019-11-18 14:22:29');
INSERT INTO `acl_role_permission` VALUES ('1196312703084040193', '1', '1195268893830864898', 0, '2019-11-18 14:22:29', '2019-11-18 14:22:29');
INSERT INTO `acl_role_permission` VALUES ('1196312703113400321', '1', '1195270744097742849', 0, '2019-11-18 14:22:29', '2019-11-18 14:22:29');
INSERT INTO `acl_role_permission` VALUES ('1196312703134371842', '1', '1195270810560684034', 0, '2019-11-18 14:22:30', '2019-11-18 14:22:30');
INSERT INTO `acl_role_permission` VALUES ('1196312703159537665', '1', '1195270862100291586', 0, '2019-11-18 14:22:30', '2019-11-18 14:22:30');
INSERT INTO `acl_role_permission` VALUES ('1196312703184703490', '1', '1195270887933009922', 0, '2019-11-18 14:22:30', '2019-11-18 14:22:30');
INSERT INTO `acl_role_permission` VALUES ('1196312703209869313', '1', '1195349439240048642', 0, '2019-11-18 14:22:30', '2019-11-18 14:22:30');
INSERT INTO `acl_role_permission` VALUES ('1196312703230840834', '1', '1195349699995734017', 0, '2019-11-18 14:22:30', '2019-11-18 14:22:30');
INSERT INTO `acl_role_permission` VALUES ('1196312703251812354', '1', '1195349979797753857', 0, '2019-11-18 14:22:30', '2019-11-18 14:22:30');
INSERT INTO `acl_role_permission` VALUES ('1196312703272783873', '1', '1195350117270261762', 0, '2019-11-18 14:22:30', '2019-11-18 14:22:30');
INSERT INTO `acl_role_permission` VALUES ('1196312703293755394', '1', '1195350188359520258', 0, '2019-11-18 14:22:30', '2019-11-18 14:22:30');
INSERT INTO `acl_role_permission` VALUES ('1196312703327309826', '1', '1195349810561781761', 0, '2019-11-18 14:22:30', '2019-11-18 14:22:30');
INSERT INTO `acl_role_permission` VALUES ('1196312703348281345', '1', '1195349876252971010', 0, '2019-11-18 14:22:30', '2019-11-18 14:22:30');
INSERT INTO `acl_role_permission` VALUES ('1196312703365058561', '1', '1195350299365969922', 0, '2019-11-18 14:22:30', '2019-11-18 14:22:30');
INSERT INTO `acl_role_permission` VALUES ('1196312703386030082', '1', '1195350397751758850', 0, '2019-11-18 14:22:30', '2019-11-18 14:22:30');
INSERT INTO `acl_role_permission` VALUES ('1196312703440556034', '1', '1195350612172967938', 0, '2019-11-18 14:22:30', '2019-11-18 14:22:30');
INSERT INTO `acl_role_permission` VALUES ('1196312703486693378', '1', '1195350500512206850', 0, '2019-11-18 14:22:30', '2019-11-18 14:22:30');
INSERT INTO `acl_role_permission` VALUES ('1196312703511859202', '1', '1195350687590748161', 0, '2019-11-18 14:22:30', '2019-11-18 14:22:30');
INSERT INTO `acl_role_permission` VALUES ('1196312703654465537', '1', '1195350831744782337', 0, '2019-11-18 14:22:30', '2019-11-18 14:22:30');
INSERT INTO `acl_role_permission` VALUES ('1196312703683825665', '1', '1195350919074385921', 0, '2019-11-18 14:22:30', '2019-11-18 14:22:30');
INSERT INTO `acl_role_permission` VALUES ('1196312703700602882', '1', '1195351159672246274', 0, '2019-11-18 14:22:30', '2019-11-18 14:22:30');
INSERT INTO `acl_role_permission` VALUES ('1196312703717380098', '1', '1195351326706208770', 0, '2019-11-18 14:22:30', '2019-11-18 14:22:30');
INSERT INTO `acl_role_permission` VALUES ('1196312703738351618', '1', '1195351566221938690', 0, '2019-11-18 14:22:30', '2019-11-18 14:22:30');
INSERT INTO `acl_role_permission` VALUES ('1196312703759323137', '1', '1195351020463296513', 0, '2019-11-18 14:22:30', '2019-11-18 14:22:30');
INSERT INTO `acl_role_permission` VALUES ('1196312703776100353', '1', '1195351862889254913', 0, '2019-11-18 14:22:30', '2019-11-18 14:22:30');
INSERT INTO `acl_role_permission` VALUES ('1196312703792877570', '1', '1195351968841568257', 0, '2019-11-18 14:22:30', '2019-11-18 14:22:30');
INSERT INTO `acl_role_permission` VALUES ('1196312703830626305', '1', '1195352215768633346', 0, '2019-11-18 14:22:30', '2019-11-18 14:22:30');
INSERT INTO `acl_role_permission` VALUES ('1196312703843209217', '1', '1195352054917074946', 0, '2019-11-18 14:22:30', '2019-11-18 14:22:30');
INSERT INTO `acl_role_permission` VALUES ('1196312703868375041', '1', '1195352127734386690', 0, '2019-11-18 14:22:30', '2019-11-18 14:22:30');
INSERT INTO `acl_role_permission` VALUES ('1196312703889346561', '1', '1195352547621965825', 0, '2019-11-18 14:22:30', '2019-11-18 14:22:30');
INSERT INTO `acl_role_permission` VALUES ('1196312703901929473', '1', '1195353513549205505', 0, '2019-11-18 14:22:30', '2019-11-18 14:22:30');
INSERT INTO `acl_role_permission` VALUES ('1196312703918706689', '1', '1195352856645701633', 0, '2019-11-18 14:22:30', '2019-11-18 14:22:30');
INSERT INTO `acl_role_permission` VALUES ('1196312703952261121', '1', '1195352909401657346', 0, '2019-11-18 14:22:30', '2019-11-18 14:22:30');
INSERT INTO `acl_role_permission` VALUES ('1196312703973232642', '1', '1195353051395624961', 0, '2019-11-18 14:22:30', '2019-11-18 14:22:30');
INSERT INTO `acl_role_permission` VALUES ('1196312703990009857', '1', '1195353672110673921', 0, '2019-11-18 14:22:30', '2019-11-18 14:22:30');
INSERT INTO `acl_role_permission` VALUES ('1196312704048730114', '1', '1195354076890370050', 0, '2019-11-18 14:22:30', '2019-11-18 14:22:30');
INSERT INTO `acl_role_permission` VALUES ('1196312704069701633', '1', '1195354153482555393', 0, '2019-11-18 14:22:30', '2019-11-18 14:22:30');
INSERT INTO `acl_role_permission` VALUES ('1196312704094867457', '1', '1195354315093282817', 0, '2019-11-18 14:22:30', '2019-11-18 14:22:30');

-- ----------------------------
-- Table structure for acl_user
-- ----------------------------
DROP TABLE IF EXISTS `acl_user`;
CREATE TABLE `acl_user`  (
  `id` char(19) CHARACTER SET utf8mb4 COLLATE utf8mb4_0900_ai_ci NOT NULL COMMENT '会员id',
  `username` varchar(20) CHARACTER SET utf8mb4 COLLATE utf8mb4_0900_ai_ci NOT NULL DEFAULT '' COMMENT '微信openid',
  `password` varchar(32) CHARACTER SET utf8mb4 COLLATE utf8mb4_0900_ai_ci NOT NULL DEFAULT '' COMMENT '密码',
  `nick_name` varchar(50) CHARACTER SET utf8mb4 COLLATE utf8mb4_0900_ai_ci NULL DEFAULT NULL COMMENT '昵称',
  `salt` varchar(255) CHARACTER SET utf8mb4 COLLATE utf8mb4_0900_ai_ci NULL DEFAULT NULL COMMENT '用户头像',
  `token` varchar(100) CHARACTER SET utf8mb4 COLLATE utf8mb4_0900_ai_ci NULL DEFAULT NULL COMMENT '用户签名',
  `is_deleted` tinyint(1) UNSIGNED NOT NULL DEFAULT 0 COMMENT '逻辑删除 1（true）已删除， 0（false）未删除',
  `create_time` datetime(0) NOT NULL COMMENT '创建时间',
  `update_time` datetime(0) NOT NULL COMMENT '更新时间',
  PRIMARY KEY (`id`) USING BTREE,
  UNIQUE INDEX `uk_username`(`username`) USING BTREE
) ENGINE = InnoDB CHARACTER SET = utf8mb4 COLLATE = utf8mb4_0900_ai_ci COMMENT = '用户表' ROW_FORMAT = Dynamic;

-- ----------------------------
-- Records of acl_user
-- ----------------------------
INSERT INTO `acl_user` VALUES ('1', 'admin', '96e79218965eb72c92a549dd5a330112', 'admin', '', NULL, 0, '2019-11-01 10:39:47', '2019-11-01 10:39:47');
INSERT INTO `acl_user` VALUES ('1322473425184247810', '111', '96e79218965eb72c92a549dd5a330112', 'ss', NULL, NULL, 1, '2020-10-31 17:40:10', '2020-10-31 17:40:10');
INSERT INTO `acl_user` VALUES ('2', 'test', '96e79218965eb72c92a549dd5a330112', 'test', NULL, NULL, 0, '2019-11-01 16:36:07', '2019-11-01 16:40:08');
INSERT INTO `acl_user` VALUES ('3', 'sunny', '96e79218965eb72c92a549dd5a330112', 'sunny', NULL, NULL, 0, '2020-10-31 15:52:44', '2020-10-31 15:52:47');

-- ----------------------------
-- Table structure for acl_user_role
-- ----------------------------
DROP TABLE IF EXISTS `acl_user_role`;
CREATE TABLE `acl_user_role`  (
  `id` char(19) CHARACTER SET utf8 COLLATE utf8_general_ci NOT NULL DEFAULT '' COMMENT '主键id',
  `role_id` char(19) CHARACTER SET utf8 COLLATE utf8_general_ci NOT NULL DEFAULT '0' COMMENT '角色id',
  `user_id` char(19) CHARACTER SET utf8 COLLATE utf8_general_ci NOT NULL DEFAULT '0' COMMENT '用户id',
  `is_deleted` tinyint(1) UNSIGNED NOT NULL DEFAULT 0 COMMENT '逻辑删除 1（true）已删除， 0（false）未删除',
  `create_time` datetime(0) NOT NULL COMMENT '创建时间',
  `update_time` datetime(0) NOT NULL COMMENT '更新时间',
  PRIMARY KEY (`id`) USING BTREE,
  INDEX `idx_role_id`(`role_id`) USING BTREE,
  INDEX `idx_user_id`(`user_id`) USING BTREE
) ENGINE = InnoDB CHARACTER SET = utf8 COLLATE = utf8_general_ci ROW_FORMAT = Dynamic;

-- ----------------------------
-- Records of acl_user_role
-- ----------------------------
INSERT INTO `acl_user_role` VALUES ('1', '1', '1', 0, '2019-11-11 13:09:53', '2019-11-11 13:09:53');
INSERT INTO `acl_user_role` VALUES ('2', '1', '3', 0, '2020-10-31 16:48:20', '2020-10-31 16:48:21');

-- ----------------------------
-- Table structure for crm_banner
-- ----------------------------
DROP TABLE IF EXISTS `crm_banner`;
CREATE TABLE `crm_banner`  (
  `id` char(19) CHARACTER SET utf8mb4 COLLATE utf8mb4_0900_ai_ci NOT NULL DEFAULT '' COMMENT 'ID',
  `title` varchar(20) CHARACTER SET utf8mb4 COLLATE utf8mb4_0900_ai_ci NULL DEFAULT '' COMMENT '标题',
  `image_url` varchar(500) CHARACTER SET utf8mb4 COLLATE utf8mb4_0900_ai_ci NOT NULL DEFAULT '' COMMENT '图片地址',
  `link_url` varchar(500) CHARACTER SET utf8mb4 COLLATE utf8mb4_0900_ai_ci NULL DEFAULT '' COMMENT '链接地址',
  `sort` int(10) UNSIGNED NOT NULL DEFAULT 0 COMMENT '排序',
  `is_deleted` tinyint(1) UNSIGNED NOT NULL DEFAULT 0 COMMENT '逻辑删除 1（true）已删除， 0（false）未删除',
  `create_time` datetime(0) NOT NULL COMMENT '创建时间',
  `update_time` datetime(0) NOT NULL COMMENT '更新时间',
  PRIMARY KEY (`id`) USING BTREE,
  UNIQUE INDEX `uk_name`(`title`) USING BTREE
) ENGINE = InnoDB CHARACTER SET = utf8mb4 COLLATE = utf8mb4_0900_ai_ci COMMENT = '首页banner表' ROW_FORMAT = Dynamic;

-- ----------------------------
-- Records of crm_banner
-- ----------------------------
INSERT INTO `crm_banner` VALUES ('1194556896025845762', 'test1', 'https://online-teach-file.oss-cn-beijing.aliyuncs.com/cms/2019/11/14/297acd3b-b592-4cfb-a446-a28310369675.jpg', '/course', 1, 0, '2019-11-13 18:05:32', '2019-11-18 10:28:22');
INSERT INTO `crm_banner` VALUES ('1194607458461216769', 'test2', 'https://online-teach-file.oss-cn-beijing.aliyuncs.com/cms/2019/11/13/8f80790d-d736-4842-a6a4-4dcb0d684d4e.jpg', '/teacher', 2, 0, '2019-11-13 21:26:27', '2019-11-14 09:12:15');

-- ----------------------------
-- Table structure for edu_chapter
-- ----------------------------
DROP TABLE IF EXISTS `edu_chapter`;
CREATE TABLE `edu_chapter`  (
  `id` char(19) CHARACTER SET utf8mb4 COLLATE utf8mb4_0900_ai_ci NOT NULL COMMENT '章节ID',
  `course_id` char(19) CHARACTER SET utf8mb4 COLLATE utf8mb4_0900_ai_ci NOT NULL COMMENT '课程ID',
  `title` varchar(50) CHARACTER SET utf8mb4 COLLATE utf8mb4_0900_ai_ci NOT NULL COMMENT '章节名称',
  `sort` int(10) UNSIGNED NOT NULL DEFAULT 0 COMMENT '显示排序',
  `create_time` datetime(0) NOT NULL COMMENT '创建时间',
  `update_time` datetime(0) NOT NULL COMMENT '更新时间',
  `is_deleted` tinyint(1) NULL DEFAULT 0 COMMENT '逻辑删除',
  PRIMARY KEY (`id`) USING BTREE,
  INDEX `idx_course_id`(`course_id`) USING BTREE
) ENGINE = InnoDB CHARACTER SET = utf8mb4 COLLATE = utf8mb4_0900_ai_ci COMMENT = '课程章节' ROW_FORMAT = Compact;

-- ----------------------------
-- Records of edu_chapter
-- ----------------------------
INSERT INTO `edu_chapter` VALUES ('1', '14', '第一章：HTML', 0, '2019-01-01 12:27:40', '2019-01-01 12:55:30', 0);
INSERT INTO `edu_chapter` VALUES ('1181729226915577857', '18', '第七章：I/O流', 0, '2019-01-01 12:27:40', '2019-10-09 08:33:20', 1);
INSERT INTO `edu_chapter` VALUES ('1192252428399751169', '1192252213659774977', '第一章节', 0, '2019-11-07 09:28:25', '2019-11-07 09:28:25', 0);
INSERT INTO `edu_chapter` VALUES ('1311923674999279617', '1311875258457829378', '第一章 测试', 1, '2020-10-02 14:59:13', '2020-10-02 15:22:24', 0);
INSERT INTO `edu_chapter` VALUES ('1311925703742181378', '1311875258457829378', '第二章 继续', 2, '2020-10-02 15:07:17', '2020-10-02 15:07:17', 0);
INSERT INTO `edu_chapter` VALUES ('1311972910470004737', '1311972845852557313', '第一章节', 1, '2020-10-02 18:14:52', '2020-10-02 18:14:52', 0);
INSERT INTO `edu_chapter` VALUES ('1312232642732646401', '1312232592715571201', '第一章节', 0, '2020-10-03 11:26:57', '2020-10-03 11:26:57', 1);
INSERT INTO `edu_chapter` VALUES ('1312280498436833281', '1312280426085089282', '第一章 PHP的历史', 0, '2020-10-03 14:37:06', '2020-10-03 14:37:06', 0);
INSERT INTO `edu_chapter` VALUES ('1312737116676952065', '1312737085408415745', '一', 0, '2020-10-04 20:51:33', '2020-10-04 20:51:33', 1);
INSERT INTO `edu_chapter` VALUES ('1312740082511253505', '1312740059291586562', '第一章节', 0, '2020-10-04 21:03:20', '2020-10-04 21:03:20', 1);
INSERT INTO `edu_chapter` VALUES ('1312742003552821250', '1312741977137094658', '第一章节', 0, '2020-10-04 21:10:58', '2020-10-04 21:10:58', 1);
INSERT INTO `edu_chapter` VALUES ('1313739589113913345', '1313739573142003714', '111', 0, '2020-10-07 15:15:01', '2020-10-07 15:15:01', 0);
INSERT INTO `edu_chapter` VALUES ('15', '18', '第一章：Java入门', 0, '2019-01-01 12:27:40', '2019-10-09 09:13:19', 0);
INSERT INTO `edu_chapter` VALUES ('3', '14', '第二章：CSS', 0, '2019-01-01 12:55:35', '2019-01-01 12:27:40', 0);
INSERT INTO `edu_chapter` VALUES ('32', '18', '第二章：控制台输入和输出', 0, '2019-01-01 12:27:40', '2019-01-01 12:27:40', 0);
INSERT INTO `edu_chapter` VALUES ('44', '18', '第三章：控制流', 0, '2019-01-01 12:27:40', '2019-01-01 12:27:40', 0);
INSERT INTO `edu_chapter` VALUES ('48', '18', '第四章：类的定义', 0, '2019-01-01 12:27:40', '2019-01-01 12:27:40', 0);
INSERT INTO `edu_chapter` VALUES ('63', '18', '第五章：数组', 0, '2019-01-01 12:27:40', '2019-01-01 12:27:40', 0);
INSERT INTO `edu_chapter` VALUES ('64', '18', '第六章：继承', 61, '2019-01-01 12:27:40', '2019-10-09 08:32:47', 0);

-- ----------------------------
-- Table structure for edu_comment
-- ----------------------------
DROP TABLE IF EXISTS `edu_comment`;
CREATE TABLE `edu_comment`  (
  `id` char(19) CHARACTER SET utf8mb4 COLLATE utf8mb4_0900_ai_ci NOT NULL COMMENT '讲师ID',
  `course_id` varchar(19) CHARACTER SET utf8mb4 COLLATE utf8mb4_0900_ai_ci NOT NULL DEFAULT '' COMMENT '课程id',
  `teacher_id` char(19) CHARACTER SET utf8mb4 COLLATE utf8mb4_0900_ai_ci NOT NULL DEFAULT '' COMMENT '讲师id',
  `member_id` varchar(19) CHARACTER SET utf8mb4 COLLATE utf8mb4_0900_ai_ci NOT NULL DEFAULT '' COMMENT '会员id',
  `nickname` varchar(50) CHARACTER SET utf8mb4 COLLATE utf8mb4_0900_ai_ci NULL DEFAULT NULL COMMENT '会员昵称',
  `avatar` varchar(255) CHARACTER SET utf8mb4 COLLATE utf8mb4_0900_ai_ci NULL DEFAULT NULL COMMENT '会员头像',
  `content` varchar(500) CHARACTER SET utf8mb4 COLLATE utf8mb4_0900_ai_ci NULL DEFAULT NULL COMMENT '评论内容',
  `is_deleted` tinyint(1) UNSIGNED NOT NULL DEFAULT 0 COMMENT '逻辑删除 1（true）已删除， 0（false）未删除',
  `create_time` datetime(0) NOT NULL COMMENT '创建时间',
  `update_time` datetime(0) NOT NULL COMMENT '更新时间',
  PRIMARY KEY (`id`) USING BTREE,
  INDEX `idx_course_id`(`course_id`) USING BTREE,
  INDEX `idx_teacher_id`(`teacher_id`) USING BTREE,
  INDEX `idx_member_id`(`member_id`) USING BTREE
) ENGINE = InnoDB CHARACTER SET = utf8mb4 COLLATE = utf8mb4_0900_ai_ci COMMENT = '评论' ROW_FORMAT = Dynamic;

-- ----------------------------
-- Records of edu_comment
-- ----------------------------
INSERT INTO `edu_comment` VALUES ('1194499162790211585', '1192252213659774977', '1189389726308478977', '1', '小三123', 'http://thirdwx.qlogo.cn/mmopen/vi_32/DYAIOgq83eoj0hHXhgJNOTSOFsS4uZs8x1ConecaVOB8eIl115xmJZcT4oCicvia7wMEufibKtTLqiaJeanU2Lpg3w/132', '课程很好', 0, '2019-11-13 14:16:08', '2019-11-13 14:16:08');
INSERT INTO `edu_comment` VALUES ('1194898406466420738', '1192252213659774977', '1189389726308478977', '1', '小三123', 'http://thirdwx.qlogo.cn/mmopen/vi_32/DYAIOgq83eoj0hHXhgJNOTSOFsS4uZs8x1ConecaVOB8eIl115xmJZcT4oCicvia7wMEufibKtTLqiaJeanU2Lpg3w/132', '11', 0, '2019-11-14 16:42:35', '2019-11-14 16:42:35');
INSERT INTO `edu_comment` VALUES ('1194898484388200450', '1192252213659774977', '1189389726308478977', '1', '小三123', 'http://thirdwx.qlogo.cn/mmopen/vi_32/DYAIOgq83eoj0hHXhgJNOTSOFsS4uZs8x1ConecaVOB8eIl115xmJZcT4oCicvia7wMEufibKtTLqiaJeanU2Lpg3w/132', '111', 0, '2019-11-14 16:42:53', '2019-11-14 16:42:53');
INSERT INTO `edu_comment` VALUES ('1195251020861317122', '1192252213659774977', '1189389726308478977', '1', NULL, NULL, '2233', 0, '2019-11-15 16:03:45', '2019-11-15 16:03:45');
INSERT INTO `edu_comment` VALUES ('1195251382720700418', '1192252213659774977', '1189389726308478977', '1', NULL, NULL, '4455', 0, '2019-11-15 16:05:11', '2019-11-15 16:05:11');
INSERT INTO `edu_comment` VALUES ('1195252819177570306', '1192252213659774977', '1189389726308478977', '1', '小三1231', 'http://thirdwx.qlogo.cn/mmopen/vi_32/DYAIOgq83eoj0hHXhgJNOTSOFsS4uZs8x1ConecaVOB8eIl115xmJZcT4oCicvia7wMEufibKtTLqiaJeanU2Lpg3w/132', '55', 0, '2019-11-15 16:10:53', '2019-11-15 16:10:53');
INSERT INTO `edu_comment` VALUES ('1195252899448160258', '1192252213659774977', '1189389726308478977', '1', '小三1231', 'http://thirdwx.qlogo.cn/mmopen/vi_32/DYAIOgq83eoj0hHXhgJNOTSOFsS4uZs8x1ConecaVOB8eIl115xmJZcT4oCicvia7wMEufibKtTLqiaJeanU2Lpg3w/132', '55', 0, '2019-11-15 16:11:13', '2019-11-15 16:11:13');
INSERT INTO `edu_comment` VALUES ('1195252920587452417', '1192252213659774977', '1189389726308478977', '1', '小三1231', 'http://thirdwx.qlogo.cn/mmopen/vi_32/DYAIOgq83eoj0hHXhgJNOTSOFsS4uZs8x1ConecaVOB8eIl115xmJZcT4oCicvia7wMEufibKtTLqiaJeanU2Lpg3w/132', '223344', 0, '2019-11-15 16:11:18', '2019-11-15 16:11:18');
INSERT INTO `edu_comment` VALUES ('1195262128095559681', '14', '1189389726308478977', '1', '小三1231', 'http://thirdwx.qlogo.cn/mmopen/vi_32/DYAIOgq83eoj0hHXhgJNOTSOFsS4uZs8x1ConecaVOB8eIl115xmJZcT4oCicvia7wMEufibKtTLqiaJeanU2Lpg3w/132', '11', 0, '2019-11-15 16:47:53', '2019-11-15 16:47:53');
INSERT INTO `edu_comment` VALUES ('1196264505170767874', '1192252213659774977', '1189389726308478977', '1', '小三1231', 'http://thirdwx.qlogo.cn/mmopen/vi_32/DYAIOgq83eoj0hHXhgJNOTSOFsS4uZs8x1ConecaVOB8eIl115xmJZcT4oCicvia7wMEufibKtTLqiaJeanU2Lpg3w/132', '666666', 0, '2019-11-18 11:10:58', '2019-11-18 11:10:58');

-- ----------------------------
-- Table structure for edu_course
-- ----------------------------
DROP TABLE IF EXISTS `edu_course`;
CREATE TABLE `edu_course`  (
  `id` char(19) CHARACTER SET utf8mb4 COLLATE utf8mb4_0900_ai_ci NOT NULL COMMENT '课程ID',
  `teacher_id` char(19) CHARACTER SET utf8mb4 COLLATE utf8mb4_0900_ai_ci NOT NULL COMMENT '课程讲师ID',
  `subject_id` char(19) CHARACTER SET utf8mb4 COLLATE utf8mb4_0900_ai_ci NOT NULL COMMENT '二级分类ID',
  `subject_parent_id` char(19) CHARACTER SET utf8mb4 COLLATE utf8mb4_0900_ai_ci NULL DEFAULT NULL COMMENT '一级分类ID',
  `title` varchar(50) CHARACTER SET utf8mb4 COLLATE utf8mb4_0900_ai_ci NOT NULL COMMENT '课程标题',
  `price` decimal(10, 2) UNSIGNED NOT NULL COMMENT '课程销售价格，设置为0则可免费观看',
  `lesson_num` int(10) UNSIGNED NOT NULL DEFAULT 0 COMMENT '总课时',
  `cover` varchar(255) CHARACTER SET utf8 COLLATE utf8_general_ci NOT NULL COMMENT '课程封面图片路径',
  `buy_count` bigint(10) UNSIGNED NOT NULL DEFAULT 0 COMMENT '销售数量',
  `view_count` bigint(10) UNSIGNED NOT NULL DEFAULT 0 COMMENT '浏览数量',
  `version` bigint(20) UNSIGNED NOT NULL DEFAULT 1 COMMENT '乐观锁',
  `status` varchar(10) CHARACTER SET utf8mb4 COLLATE utf8mb4_0900_ai_ci NOT NULL DEFAULT 'Draft' COMMENT '课程状态 Draft未发布  Normal已发布',
  `is_deleted` tinyint(1) NULL DEFAULT 0 COMMENT '逻辑删除 1（true）已删除， 0（false）未删除',
  `create_time` datetime(0) NOT NULL COMMENT '创建时间',
  `update_time` datetime(0) NOT NULL COMMENT '更新时间',
  PRIMARY KEY (`id`) USING BTREE,
  INDEX `idx_title`(`title`) USING BTREE,
  INDEX `idx_subject_id`(`subject_id`) USING BTREE,
  INDEX `idx_teacher_id`(`teacher_id`) USING BTREE
) ENGINE = InnoDB CHARACTER SET = utf8mb4 COLLATE = utf8mb4_0900_ai_ci COMMENT = '课程' ROW_FORMAT = Compact;

-- ----------------------------
-- Records of edu_course
-- ----------------------------
INSERT INTO `edu_course` VALUES ('1192252213659774977', '1310044959117688834', '1178214681626079235', '1178214681118568449', 'java基础课程：test', 0.01, 2, 'https://online-teach-file.oss-cn-beijing.aliyuncs.com/cms/2019/11/14/297acd3b-b592-4cfb-a446-a28310369675.jpg', 4, 425, 39, 'Normal', 0, '2019-11-07 09:27:33', '2020-10-18 16:07:09');
INSERT INTO `edu_course` VALUES ('1311845751566979074', '1189426464967995393', '1178214681584136193', '1178214681554776066', '机器学习', 0.01, 15, 'https://online-teach-file.oss-cn-beijing.aliyuncs.com/cms/2019/11/14/297acd3b-b592-4cfb-a446-a28310369675.jpg', 0, 30, 31, 'Draft', 0, '2020-10-02 09:49:35', '2020-11-02 21:45:59');
INSERT INTO `edu_course` VALUES ('1311875258457829378', '1309457523014721537', '1178214681626079235', '1178214681118568449', 'JavaWeb从入门到入坟', 9999.00, 32, 'https://online-teach-file.oss-cn-beijing.aliyuncs.com/cms/2019/11/14/297acd3b-b592-4cfb-a446-a28310369675.jpg', 0, 27, 28, 'Normal', 0, '2020-10-02 11:46:50', '2020-11-02 21:48:01');
INSERT INTO `edu_course` VALUES ('1311972845852557313', '1189426464967995393', '1178214681504444418', '1178214681483472898', 'test', 0.01, 7, 'https://online-teach-file.oss-cn-beijing.aliyuncs.com/cms/2019/11/14/297acd3b-b592-4cfb-a446-a28310369675.jpg', 0, 16, 17, 'Normal', 0, '2020-10-02 18:14:36', '2020-10-18 16:09:27');
INSERT INTO `edu_course` VALUES ('1312232592715571201', '1189426437876985857', '1178214681210843137', '1178214681181483010', 'test', 0.00, 22, 'https://online-teach-file.oss-cn-beijing.aliyuncs.com/cms/2019/11/14/297acd3b-b592-4cfb-a446-a28310369675.jpg', 0, 0, 1, 'Normal', 1, '2020-10-03 11:26:45', '2020-10-03 11:27:11');
INSERT INTO `edu_course` VALUES ('1312280426085089282', '1189426464967995393', '1310790061146583041', '1178214681118568449', 'php从入门到入坟', 0.01, 32, 'https://online-teach-file.oss-cn-beijing.aliyuncs.com/cms/2019/11/14/297acd3b-b592-4cfb-a446-a28310369675.jpg', 0, 14, 15, 'Normal', 0, '2020-10-03 14:36:49', '2020-11-02 21:46:11');
INSERT INTO `edu_course` VALUES ('1312737085408415745', '1189426437876985857', '1178214681252786178', '1178214681231814658', '1111', 0.00, 2, 'https://online-teach-file.oss-cn-beijing.aliyuncs.com/cms/2019/11/14/297acd3b-b592-4cfb-a446-a28310369675.jpg', 0, 0, 1, 'Normal', 1, '2020-10-04 20:51:25', '2020-10-04 20:52:43');
INSERT INTO `edu_course` VALUES ('1312740059291586562', '1189426437876985857', '1178585108407984130', '1178214681118568449', '1111', 0.00, 2, 'https://online-teach-file.oss-cn-beijing.aliyuncs.com/cms/2019/11/14/297acd3b-b592-4cfb-a446-a28310369675.jpg', 0, 0, 1, 'Normal', 1, '2020-10-04 21:03:14', '2020-10-04 21:06:00');
INSERT INTO `edu_course` VALUES ('1312741977137094658', '1189426437876985857', '1178585108454121473', '1178214681181483010', '111121221', 0.01, 23, 'https://online-teach-file.oss-cn-beijing.aliyuncs.com/cms/2019/11/14/297acd3b-b592-4cfb-a446-a28310369675.jpg', 0, 0, 1, 'Normal', 1, '2020-10-04 21:10:52', '2020-10-04 21:11:24');
INSERT INTO `edu_course` VALUES ('1313739573142003714', '1189426437876985857', '1178214681626079235', '1178214681118568449', '111', 0.01, 1212, 'https://online-teach-file.oss-cn-beijing.aliyuncs.com/cms/2019/11/14/297acd3b-b592-4cfb-a446-a28310369675.jpg', 1, 17, 19, 'Draft', 0, '2020-10-07 15:14:57', '2020-10-18 16:12:56');
INSERT INTO `edu_course` VALUES ('15', '1310044959117688834', '1178585108454121473', '1178214681181483010', 'HTML5入门课程学习', 0.00, 23, 'https://online-teach-file.oss-cn-beijing.aliyuncs.com/cms/2019/11/14/297acd3b-b592-4cfb-a446-a28310369675.jpg', 0, 64, 30, 'Normal', 0, '2018-04-02 18:34:32', '2020-11-02 21:48:11');
INSERT INTO `edu_course` VALUES ('18', '1310044959117688834', '1178214681626079235', '1178214681118568449', 'Java精品课程', 0.01, 20, 'https://online-teach-file.oss-cn-beijing.aliyuncs.com/cms/2019/11/14/297acd3b-b592-4cfb-a446-a28310369675.jpg', 151, 859, 128, 'Normal', 0, '2018-04-02 21:28:46', '2020-11-02 21:48:22');

-- ----------------------------
-- Table structure for edu_course_collect
-- ----------------------------
DROP TABLE IF EXISTS `edu_course_collect`;
CREATE TABLE `edu_course_collect`  (
  `id` char(19) CHARACTER SET utf8mb4 COLLATE utf8mb4_0900_ai_ci NOT NULL COMMENT '收藏ID',
  `course_id` char(19) CHARACTER SET utf8mb4 COLLATE utf8mb4_0900_ai_ci NOT NULL COMMENT '课程讲师ID',
  `member_id` char(19) CHARACTER SET utf8mb4 COLLATE utf8mb4_0900_ai_ci NOT NULL DEFAULT '' COMMENT '课程专业ID',
  `is_deleted` tinyint(3) NOT NULL DEFAULT 0 COMMENT '逻辑删除 1（true）已删除， 0（false）未删除',
  `create_time` datetime(0) NOT NULL COMMENT '创建时间',
  `update_time` datetime(0) NOT NULL COMMENT '更新时间',
  PRIMARY KEY (`id`) USING BTREE
) ENGINE = InnoDB CHARACTER SET = utf8mb4 COLLATE = utf8mb4_0900_ai_ci COMMENT = '课程收藏' ROW_FORMAT = Compact;

-- ----------------------------
-- Records of edu_course_collect
-- ----------------------------
INSERT INTO `edu_course_collect` VALUES ('1196269345666019330', '1192252213659774977', '1', 1, '2019-11-18 11:30:12', '2019-11-18 11:30:12');

-- ----------------------------
-- Table structure for edu_course_description
-- ----------------------------
DROP TABLE IF EXISTS `edu_course_description`;
CREATE TABLE `edu_course_description`  (
  `id` char(19) CHARACTER SET utf8mb4 COLLATE utf8mb4_0900_ai_ci NOT NULL COMMENT '课程ID',
  `description` longtext CHARACTER SET utf8mb4 COLLATE utf8mb4_0900_ai_ci NULL COMMENT '课程简介',
  `create_time` datetime(0) NOT NULL COMMENT '创建时间',
  `update_time` datetime(0) NOT NULL COMMENT '更新时间',
  `is_deleted` tinyint(1) NULL DEFAULT 0 COMMENT '逻辑删除',
  PRIMARY KEY (`id`) USING BTREE
) ENGINE = InnoDB CHARACTER SET = utf8mb4 COLLATE = utf8mb4_0900_ai_ci COMMENT = '课程简介' ROW_FORMAT = Dynamic;

-- ----------------------------
-- Records of edu_course_description
-- ----------------------------
INSERT INTO `edu_course_description` VALUES ('1192252213659774977', '<p>测试</p>', '2019-11-07 09:27:33', '2019-11-13 16:21:28', 0);
INSERT INTO `edu_course_description` VALUES ('1311845751566979074', '<p><strong>这课是真的棒啊哈哈哈哈<img class=\"wscnph\" src=\"data:image/png;base64,iVBORw0KGgoAAAANSUhEUgAABhgAAAQFCAYAAABDxcLtAAAgAElEQVR4nOzdB4BU5bk+8GdmeweWslWk7LKCBUUIi90EUUCKEW5yc6NBYzTKP4AmmngTTMi9Gr2RkqBBSfSqifGyJhRZiqZYkCVURcVll84W2i7b+8z8z/dN2elzZuZMWXh+ycjOmVO+OXOmnO893/vqDEaTCUREREREREREREREdNEyGo3o6emRf3d3d9umd3R0yH/b2tps01paWuS/+jC2j4iIiIiIiIiIiIiILhA6jmAgIiIiIiIiIiIiIiL7UQyCdSSDdRSDlXU0Q2z4mkZERERERERERERERNEsNjbWFmSIi4vzOi9HMBARERERERERERERkSRGMVjZj2YQ7GszCAwwEBERERERERERERGRC2/BBoEBBiIiIiIiIiIiIiIi8sk+4CCwBgMREREREREREREREfmk1+sd7vsXYNhXAd1DzwI5mTBlDwSUmy4rU/5ruvYyIGuAbdYfPV2L5Hg9fvHDIZo0nIiIiIiIiIiIiIiIood/AYZ1HwDNrcDBVugOnnB4SAQaTG8uAZR/33jjHD44bYIJBtT+qBq/+WU2EhP1HlZKRERERERERERERER9jfpe/44u6LaUeX78VB1033sGn/79DP53WzuSu4xIUW4VLSZ8Z1E1aqq6NGguERERERERERERERFFA/UBhr/tAprbUKc3YmtCm/vbyQp8/tRPkFD3vnL7wHZrbKvHDxbXYM+/WkL4VIiIiIiIiKJD6fzhGDplBSrCtsVKLJuibHP+prBtse/Qbt8E8rqG/1ggIiIiCh/VAYbO9TvQqUvEx7GdeHl4rMfb2iHnkWxaizTDX2y3mIZ9iOk24dcrz2JdyflQPh9p56rv457FG1Hl4X70qsXaxUpbV+21TYm2tkdbe6IB90mgXI93iqyL+liu3ogn71eev3J7ckNtpFvTJwT2Xcv3fbhd1O/rENJuv17c7wken+GwCQ8PG46hdrfJKypdZyud72MerdYTvIoVU0K2bt8qUeH3ZgNZhoiIiKjvUFWDwVh7Hh07jyJGl4BOkx5dXV3YuHGjfOzNN9+UN+HWW2/Ft771Ldx///2OGzF0I6XLIP/e9HYdZs3pH1SjqzYswZPrXTuAJjz0O8wfX4vqmqBWrwnvbVS7lvA8F3Fyt3LXNZj/hwcwwU0b1i5egrU5D+D1h7KjYt/6Ytv340Wbr3F61P75OD8WiOg43kJnL1bevxo77ab4dwxHD/XHuRbHhfasx3XezMV4ekZ2pJsTce4/Y7Mxe8lizM71d23Kcb64FFD27esXwb41vxccp/l/XEXHZ5+2x0FoefpdYNXX39uBfcaq+I7Ztdqx8z13Gp5eMh15oWqvCDZaPg8cX4++93tIa+ZjONvDa2x+LWv6+HF8ISqdPx+VC7fi+IIC6wQMnT8Fk7EV7zlMq8TCrUewqBCiBx+TpzjOo9V6gleJ0k2VmDZtqvLvJlQsWIBCjdasTgEWiecX0mVEMGc+sPIIXpzmb/vCsT4iIiIiR6oCDG0b9qDTFI8YXQw6jDp0dHTgrbfewm233YZNyg87cV/o7u6GyWSy3bdKFwGGeCNMyt/GNP/qSnvm6SRWdCz8DrM12kpQgj4JdvdczCdw0LCTd8I45WR/117s3KX87bzO6j3YVa1Mv9PcIRA1+1aNXauxclyoO8NDebxp/1r7w9oZJjp7Xrfb/s5VooMl+jrvfPHnOI8+tdi1W3ktxl+Dnbv3oGpG8J1rFwbH7wF5zC5eAvjbuVxdgxrlvTx+nJadYpF9//pk//0kO1SVfQd/Ogaj6LtWq+MgxPJmiACW5Y7sNK+NykBIoPz9jFXzHdPbof273t97yr4To4yC7cQ2t7cW1Uq7YPcaVO3Za76a3vmzti//HqKL2rSVRzDNcQJe3DwcD9s65yux7Deb5PRF1p76wgV4YeEmTLbrwNdqPUErXYHlFVPx4m8LUDlF+bt0ATvNiYiIiCJMVYqkpq1folOMXlBuHUY92tvbcejQIXR2duLo0aPyvriJkQ0iwGC9b73FKtNF0eeuWB2QpL7sA4XJ+HHyxH3nHtfh+eYT7WtcOwuiXa7S5lzRUeF4ZSSpJDpw1ps7UJw7Ryc81Ec7xPrycb5rI9ZWK+27Mxt51aVYt8v3IhejvBnTlde4Frv2+JniqKb24k7PkTsds5Rjv6rmwkgNFfBxQMHx5zNW1XfMXqyTo7amO15MMv4Bba6Ql+11Pk4swdyZ05TP2lo4DFKQnxPZyM0JftN0oXFKHeQrz764qt8p1dDDpa7rc07/4zaHv1M6ooDqC1RswiZlpdPumOowuXBkgXysVG3RAK3W40PpZhHEmIpphVMxtdBy3+2MvveN3KfKdGvKJfvXz2HasPkodV7O9lr01nZQv4zgeNxYjwHzOszLymXsjgXrOkqt23Fug5tte1ufZQYfx6O37RIRERGZqRpOkPWnh9D6f2vRvuYddBwzoq2tzRZMEH9bifsGg8FhmqCP6UZrgh7tcXqkJcVo+wzckMPea3yMHrAMgbd1Kmk05N4vzsP+x09zuRrO/rnAPr2CyFm7SquUCtdg1sxs7Fy/BzsfusbuRN58op03s/fKULf71su+dDe/x2nQMj1NNmY9OA01SrtWKvvY+3otaQ+qrfd7r4b1dCzZT69xN4/Tayv24fjdq53SQ3jebpWv1zqkx6/Srnf2yu2pCiQ4twUe0iipON7drk+z56b2OHef5sHfY19LssNuvNK+3GxU55Zirbxvf0z3pu54OmejXRoW55Feno85l236OvbvrMWTbnKGh+849YOvzyhLwEbkQV9rS6+jZl85pXfJVflZreI9Y93P869VtiHWFdJ9Z0l3ZOs4VfceUPVdq/Z9H1Jqno/a91CYqP1cVTufA8fjVru0d2o/Y/37jjEHvkKRcicbueJCBIeRCmJEgzL9QeXNsL7UYTSG/BxW3ofjLW0O+PgJ9LsQjq9V5H5f+cnP7wHbc3gQeNF+ObdpL6OATAm0CYX2qYMqVmBZKVDo7qp6y/xiNMB71sdlGqHhmHzIzzRCduuyXsEvOoIfFj2/3lZTIa76V9q3cKrdiIICFDgvo0wQoxJCvh5/WLY5baU5iDFtagGWL1f29w+m9o6aEPzZN8q8j4jX72iB5bUQHe4r5EiM40fFdszphR5W1nd85VR4ZL8en8uYH7dPOVW6QnTaL0DhAjHNS0ojpY0PF1jbZp2ktPe3R3Bc7gMRbJiCh5Xn8d5WH+vz53h0s10iIiIiK1XDCfRJcUitexaDJn6A5NG70NLSghkzZqBfv36YOHEiFi5ciF/+8pf45je/iQMHDsjH7W+tuh40JsagK1bZXGIUjGAQJ3eL92L8kt/h9T+Im3KSi1LlBCiMReYsJ5gyNcAfzDdxbUlvZ5YrmV7BcqJqXU6rPLd5465RTvbMqQ1sZDoAH2lDfOxLmYKgeq9MK2Bm2YbDNHPnlpxXS7nT8fDMbHOqJC9XfFdt2Ag8aNf+XJGP3VP7IU+WxRXkE+50f4IsggPOr+2smtUur6237Xp9rUN9/FrSQORkqzi2ZFtKkWP3XF9fMk0GXRwK5ao93kP83AI+zt0J1+eI9XiT7w+lnddmW0Y0uG/Ti6IjSbZHHD97ZYDNytsx58ztsW/Zd/LYH/9A72v+B0unV+40PByu49QN84ilazDL/nPR12eUOCYfMu/b2Uus+0XFvhLrtXRa2/bDg8rkXWrevyreM0J1KVbWTLfME8LAjGWEzHytO+8C+J7TgtvjQC0f76Gw8OdzVe2xZNMbbLEuM6FWu/ekqs9Y1d8xlhEPzh3ymrF8ntqPVNi1Bztzr8H4XPO2a2qt+9H8nPKuHef9fejr+PHru9D7axvR31dqBfo9oHz2PfkS8LDdc88L2XEQjN6UQA4dsYULsMhtyp5NssNZBCMcOnllGqECVCxfgVJ3i7nlfl3TVm7FQm95iCwd6BVim9Y2V1Z6uRq9UjwcuvX4qWLzJmUbUzHN8pwL75gqgxebNtuv3M99Y/8clL8XymWm4kVbYMCyPa/Pz2k9yjILldcUpZvcv6YVlTLkUjCy97iZpjqFlH3brJu2S0sl6j38YKptG575ezy6bpeIiIjISlVvv2nn/wKtZ+Xf7T1GNDU1yRRJGzZskKMVVq1ahdOnT6O0tFQGG8Tj9rdzMQZ0xeiVmw66BJ1GTRcnyd/HPbab2lQ45ivnHNO8ZGP2g2I4vHNnWpDECZLbNppPOMXVe/ZXDUY09UzuOHlVnn1qA5nSQJ5oe1pIxb60pCCwFUMUJ+/KPHm5dmkJLJ0PoUg7kDfjAdk2b6mSrPPY2i/yK1s7HMZPl1cy26dQ8J5Ox5rSwfdr63W7HoXr+FXzerg/jq2Bnar1G/083sPw3AI6zt0J3+eI8/Fm7sDzkP7FvoPfcjWx+T1nWdafY87NsW9el5tjXwbxxPPvvQo4PPvH8Xtg57jf2Tr2EWQ7vO8r83pdUrUox/5sX1eOq3rPWIWg09/K/vtJtmm6xlfph/N7ztdx4Acf76HQC+5z1fOxZCHrjTh27k/QsqaL6s9Ydd/5oiP+acuFAtZjVUvOARHZ7pwcuT9ycpT9KEY3iAfU1mnxevyofU+ofG0j9vvK+fe3p9/hwXwPKJ999kFV2wUj4XwvquAhJZDn+V07la1kGiHl0QrV6Yg8r8vjIiK9jSUoIK9sV7WU64gErdZj5pzaZwqWedwHm7B8eaU5PZJ1kiVNkkNnuL/7Ro6wcFJY4DDQocB9432vxxNreid3aa98LlvgdoCKNf2R6lRZ/h6PHrZLREREJKiruPyPZ2x/1nckoKHhHO69916HWR5++GGPi3f0dMv6CzLAkKhViqQA0xZYrpyrsqStcJYjTtS06vzwNAzczQl+5Jmv5FtrS21gSWng7Wo9VfvS3Bm50pLSpUpcDTheOVEUKQQsaQlg6Xx4OCTBFfPJ7C5bqiT3+9w+TYqZtVPPsl9sKRRc00Y58PO19bxdD8J5/Pri5bnmyWmW4plQuU/C8twCOM4j1lbBHLAS7xnb8SY78EqV57ARO2c4HYeWjjFv1B9zrse+Na2JS5qgVU7pTsK2f5zSmYlA4ni7fRJkOzzuq0CLgqt9z1jblJuNkKV7d/h+Mqd3uWe3hmmYwvo95+M48IeK91BIafC56vZYsrJ+foj3xDuhSLul0WesHWtxbPP7cTXu2ZWtXXFsy/7YJUcq1JpHaFmCejL4sF50hFt+p4jUi7626e34UfueUP05EanfV55+f1tGx9ieRxCfv24++7we1+SDOWXO8go4pAyykR3jm8wjDOx7yC1X7E/VfD0OC2HR1iNYpOZpWEcDiLQ+LsMClMdE6qQ+U+zZ8rztUzL5FbCxZ05/VCpGGBxdaQ6+yNRHmjeaiIiIyCN1AYZJyi+UD36NRmM6mpuT0dV11K+NdOtMMrggRjHooiFFErTMOXzhMJ9MW3IO51hSGjzou3PI174UVwFid408OZfFE+9UtqOcWeatt1wNXBNc54NP8sq3vXhy/WqsHLfY6bzUmova7oRZDsPvncO6X9btmo75fuwX73xv15uQHr+5OcqJfam8AnJ2bviDYKF+bwZ6nLsT8s8R69WaslPN+cG9DvnBffP/mLPvYMuD+31lTUcz3006mnB+zk54SHlOYiSFm5or/rcjuPdn32MeobF2leW17sOdd96OAxLMqcBmW/LiP3l/qeb1PXx+xgb4HWNOZ2apdbB4NXI1qY1hvrpfBlLHibDNNbLguX07xQiB3BqnQG+UiPjvKxUu6N/bliu6Kw/J68CDmr/CMq1Q9i4r84mr2yu9rNfjuipR6VRnoHS+CArYdT67rEtcTb8Cm5zWJdtUKIopa7uewFjSUbnthLcEPn6zAhXTlMf82DcRJ57P0QWWgICoL7HANXDjiwy8FGDh1t7XpULNMan6eCQiIiLyTVVvv+7G/wfTfevQEpuJ9uZMOe3mm292uXlisAQXxCgGxGuVIilA8oTRPq9uNLXBemVihOROlyfWIkWATGkgU6R4m1/dvpSdDWI4/C7R0WBJryKvGhQdpOIWQP57P9mnSnLop7WkFJi9pLejosr5+fizX9S+tmq269f6tWR+jTym2FDRFvNzMRfQVL1PwvXe9Pl6mtttLizqaR3haKslDY/o/LOrddBbE0B5Du/4kTs9kGNOvk/N6Tbcpjmx1DeRnboOy0Xic9aSTsi+5kqg7fC1rwJdr9r3TMSpeA/4ErHvOTfHgRbPJ1yC/lxVeSwpn4Pyc0Xsq+pSWedFMz4/Y1V+x7hlSVemIWstg3XviM84+yvnze3cuWe1OVgSbB0DDb4LnV/baPh95VEw3wNuUveZi2z7m84w1Mx59iuWT8HD9lfUl853vK9i/snLKzFtpbWDuED0/Trm73dZp7kuQMXy+Q4phUrnz3fKm2+5sn+lh6CAZXsiZ7/DuipW4BHRph9YO/O1Wk+ArOmo3K7HWnNAaaPcrtp9E0GiYPIK5woJrmmkzJ3/atjVuLDsc7dzOaxP7fFIRERE5Jvq4QT63KuR89hmGFv6yftDhw51uXli0OlsKZL0CZEewWDOiVu1folj6gtxNV/YisdZT64dC/96qxPgLFQdd/IEumYP1okr4XyeTKvcl5ZOymrRSSlzBgvmNAqig7QmLCeMlry/yol8lUvnll0OY6XtL6533bdyX+xSHvO5X/x5bX1vV3B8rcNz/JpzJouruJc4FZ+0XD1a7aUtu1bjSeW59HY6q90n4Xtvej/OLfmq7XM9uxQKD0NbbWl43F1ZbK0J4G89A3XHnPN2qnZvNO8rh7ZYipeOf8DN1akR+py1dGT2Bl6CaYe3feX52HcuKK/q/evyngk3azDL+lms5j3gS/DfcwFzOQ60eD7hov5zNaBjSTmWV7oUgNa+BpKv3xLqvmM8PC7rn4zT7r1iqWWwc5fr1f7m7/69MuAY/D4K8rvQ3WsbFb+vPAnm89e1OLYMZrv9PoyswgVbcXzlVMf895unerwK3e388yuxcOsRNwWJReobz+s0pymqxHK7GgaldzgVMrbk2XfYnrt6B6JQ9UL0rmvKChTYp0HSaj0BKhWjE+yKO7uQdRmUffGbTer3TSQVLsC0yilOx8BWu0LN5oLKovNfPD7ZJRhhR+7zgt7X5v8BL7gUY3a/PrXHIxEREZEv6lIkWTQe7kCPIUH+/dprr6lezqCHJUWSDoiCFEkin+/TWKKc4NjlhZUpAjROp1BtST9gb/wD8opBOWQc38fKxd/HWstD8oS7ZontvnvmqzPvWbUE96yHzHv+tJvUJAETJ6jWlCcqhrSr25fWnMx75YmxbVlLGgXMDNPwfVuqJLvOFVGktdau/aLtyv590jkVim2/TMPDPvaLqtdW1Xbdv9bhOX7NaTTGb1C2Y/c8zNN7c1/L3NjZInWMfY5lSwoOu04Ntcd72N6bPo5za9tEIUvz/KITfS9W2l1SGeq27nynVBZ3nuXpeLM8B9HZNttDbRHH+VUe6x6247yvbJ1izumbLJ9xYXstHfTWXHlyVU7g7VCxr9we+/K5W+fw/P5V854JOefvJ8vrZqXmPeBL4N9zwXI9DrR4PuGi9hgJ6FhSvgcnvCMK8trPH4LC2z5/S6j5jhEpymAuKGy3pHgvva7l7x7rSIVdbuoe5GTL3yeuRaoD4893obrXNkp+X3kQ8PeAMs/8nI2ycLRVVKdamrYSxz10xoqO7uN+zN/LXW0C13XJ9a90nmi3nDUFjwqys9nTrFqtJ0Bun6cDkbrpiO9lpjnuU3evj7tpzs/JcR73dSS8L6PiObk5TtweT262JbgcY56OOxXHo6ftEhEREVnpDEaTSe3MX6yuxLYXP8Ku+o8RAxN0JiP0MMKkB+oTUnA0JRM9eh0Myq0nRidHLojgQvrIqUC/PLTH6TF7fBL+e25GKJ8TURSyXJWZ8wDzglMfw2OXiIjCQxbzrglFAXIiIiIiIgoVv0YwnNzegIyEfEzJuhvxCUDOTYOQdVMO/nZQj39sa8WwGD26Y3XojNGhW7l1xuptIxeuGp2Ib05Mxq2XJwbV4HusVx+6IXKTR4O+0EZ73tprLxrb7kztc7EK23OypbuJ/g7aC+l4IA1Um4u0zn7Q8diN5Occj9HA+dp3F+I+U3O8hON5X4z7Phihft38/b2g1Xb7qqj9fUVERERERBGnegRDW1031szahdxr0zBi8iBccssgxCbF2B7f90kbXnytDjVNRltwISE1BpOLk/H161IwfLBfsQyiPqtqwxK8iAfsUleJPNKrsTOXV+RR3yOvJgVHLxARUehxBAMRERERUd+jutdfp9dh7vrxSB4Q5/bxq8cmY3lhIl5ccx7lNT2488ZU3D4hGYnxOs0aS9QXiJzDs1bZ57iGS35zomgnAmWyXknI6yYQEREREREREVFf5VcNBiIiIiIiIiIiIiIiIkEf6QYQEREREREREREREVHfwwADERERERERERERERH5jQEGIiIiIiIiIiIiIiLyGwMMRERERERERERERETkNwYYiIiIiIiIiIiIiIjIbwwwEBERERERERERERGR32JNpkg3gYiIiIiIiIiIiIiI+hqOYCAiIiIiIiIiIiIiIr8xwEBERERERERERERERH5jgIGIiIiIiIiIiIiIiPzGAAMREREREREREREREfktNtINILrYtLe349CRI8q/HZFuChFFsbjYWAwdegkG9O8f6aYQEREREREREbnFEQxEYVZdU8vgAhH51N3Tg+PHT0S6GUREREREREREHjHAQBRmotOQiEgNfl4QERERERERUTRjgCHKtbe1RLoJfQL3ExEREWmJvy184z4iIiIiIiIGGIiIiIiIiIiIiIiIyG8MMGjIaDJFuglERERERNRHmZTzidozZ+XNxHOLiOgytirndUxRaNXe1RzpJhAREVGUi410Ay4UIriwZPen+Pn4sZFuChEREblhMhnR2HAIqWn58n5z03Fk9CuAXh8T9rYYq87B1NQm/9alJ0OfNzDsbaDwqT/cCWO3ubNYH6fDgBEJEW4RRZOOzk6se/c9vP+vHfjiYIUtsKDT6TBmVCFu/spEzLptMhITeNyEWkXjO6jrqkSsLgGj0mciPT4v0k2KmJaOeqzb80s0tp3GoPRhuHHUvcjqV2h7vLH9DCprP0ZzxzkUZBUjb8DlEWwtERERRVKfCzA0HO9C6xl1V5T0uyQeKUNC/xStwYW/V9cwwHAhMBrR9Y/9MJ5vQVzxZYjJy4x0i/xmMBkQowt/hxkRRZea+i8xMP1SxMcmRbopwNnzgMkIDHb6TD1TB+j0wKD+Idt0R8d5fPH5yzh8aK3ydx1mztwkp7+z4U4kJPTDiBGzccVVD8u/Q8nU1onuzXvQXVYOU2Orw2O6jBTlO6cIcXeMgy45ejsRW1takJiUhJgYfseo1dFgwOEtTQ7Tkr81AIn9Lt59WH62HLtqdwe07Pjsa1E0qEizthiUz6VjzY043d6m/HbSISc5Ffmp6Zqt35fte/fiuVWrcK7+vMtjItDweflBeXvrnQ14/KGHMOmaazTZrq6tCmj6wu1jpoGT0N2dgjOftrt9PD0/Hmm5cUFt/1DjeWytOqp6/il5wzAyoz9e+GKvyzStNHVVyeCC0GPqxMm2MoyJn6PZ+vuafcfewcjBX8HEgn/DodP/wpb9yzH3K08jKT4du4+sxf6TWzEq+wZkpl2iPLYCcyb8FzKSh0S62URERBQBfvW+f1p3BidaGl2mZyk/xMcPytasUZ40HOtCZanr9j05/UkbRt2ZgZSs4H4Ae2MfXBCe2bsfQ9NScX3WEFySlhKy7QaqvrMDAxISI90MdHZ2IiEKr8IydXShdfGb6NljPrnoWL0Vid+4EYnzviYuI4tw69RpNzbLk+XUmIxIN4WIIuzouT1474sXcEPRdzB80LWRa0h3D2J++SJgMMDw1CO9QYYzdYj5xQtATAwMzz8BxGl/UUBXZyM2bpiOtrYzSEvLw6XD7kFSirkD5IorHsTJqn/iwIFXcfjwWtx08wpkZU/SvA2CoaIGHS9tgqmpHfrs/ogrHgVdzgD5mKmmHj2fHkXXlj3o3n4AiQ9ORUxhTkjaEazm5iZUVZ1Adk4u0tPD/z1TV3cOHe3uOz09EQGRzMzIjRDpbDS4nXaxBhiqmqrx6NbH5MUQgfjz/j/j5RkvIy89N+i2HG1uwMbjh9DY1ekwfUhyCmYPLcTApOSgt+HNXzZvwYpXXlGVZlUEIH78zK+w4L778PU7bg9+423Hoa95x+1DxozL0dOejJo9bW4f1yfogg4wHFH2/Quf71E9f0FGf3OAwW4Z6zStdJvavN6/2JxpPoLiEd9Q/tJh5JCJ8tZj6MTmT5ehvbsZ/zbxV0hNNH+P1dSXo7bhIAMMREREFynVZ/K1rS1453il28dE4KG9pwc3Zudr1jB3Ws+aRy6MmpmBhHTPJ2Vn9rfj1KftMHSZcPCdxpAGGc53duHA+d4rjjadqJL/rvqiHJPzc/HolWOQEoIOk0CI4MIfKz/DDy4fH+mm4NjRw7h02IjoCzIo53epv7pHOXPSyyBD61NvouNP78NYW4/kn8yR06NZh7ENLcZGxOjEMccAAxGZUxxs/mQphg8ejxuLvoOUhNCNFPBI+R40zr0d+pVvIuanK2DKGig/b3WnzwFNrTDO/1ZoggtdTYhPyMA11z6Bzs4GFBV9Czq70V1Xj/uhvB07tgn/KluMv713P742+Q+aBxlEcKF92Tro4mKQ+N3bEDthlOiv6dVtQPxd16Fn50F0Kt85Yt6kRbOiNsjQ3d2NE8ePyQCDCDTExYXuQg5nba2taGxs8GuZDGO/sAYYzpV3oKmqG4NHJyI2WY/afa6dlGJaQkYMetqMOHOgA+l5cRhYpM0FIFtOGXC4pbfDevwAPeqV38Rqpk0YEPrfOUcbjgQcXBDEsmIdwSNnS6EAACAASURBVAYYRHDhz4cOKL+Z9Mo5zCUYmpaObqMRRxrPY9e5U/jfis8wb9SVyEwMzQiw7Xv2qA4uWIl5xTLZgwdh0rhxIWnXxeR4ywc4330EJsvxaHCqu9BhaMC++t/b7sfFpGFY8i3Kud3gsLbTm52rvo8Xaqfh6V9MR67d/deU+8EyGA0OF1gZlf1U+snzclTkrHH/iRh972d/jF75nhejFImIiOiipPpsvqG70+vjH9aekDdPCtIH4O4RRXLocbDilZM1bwEGfULvyZEtyDCjX0jSJWUmJmDF9ROxYNsO1La1493pU1De0IC3Ko/i3ZPVONzUhBeuL454kMEaXGjq6opoO6xE50Q0Bhl0SfG2v2PHFSBmVB56PjkiUyaJzrDkJ6MzyCDyireZmtFmbJLtNKAbRuW/eoT46siypZi7rMxhUt6cZVg6xzFfbVXJIjxaUuW0cB7mPL8Mc/L9n8/zvEDxohIsKvZ3m/lYtOZRFLs+QSybuxQnLc+pbNkcLCsrdjNvFUoeW4QSzMXS5+dAPnvnfZPf+5intttaadme2ucg21VlWb91u8WPYs0ip2d0sgSPPrYGVZbHbOu3a5s75ufdu2+dWdfj7rV3aZ/983fXRuu+zHN6zHl/ulvWaR5P7blYHTmzC1X1X2BSwTcxJu9WOPZwh4HoRBO/ARqaoWuwKxgZG2NOnaQxkRZp44Y7MX7Cf2L48Ble57300qnon1GALVv+HR+8vwCz7npPs3RJIi2SGLkgggtJj39d1lqQ3ytvfYikp/5djpxr/9kfEf/NmxB33WXQ52ai/bm/yGWSf/ntqE6X1NTUiNbWFgzJysaAAX0vnWAodLcbcXJbC3o6Tag72OFxvubqbnz2p3rb/cZjncgYGo+4pOB/Y7T1iN/tvZ3WHUb108KpX2I/JMb6d3x39HSiocO/AJM7BuXzSIxcEMGF+0dd6TBSYWR6fwzP6I+3Dh3A5pNH8B8FY4LenjNRc+G5l17yK7hgJZYRy771299ecDUZYpXf2AuvHI8V+3fJYE8oNXWfRE279xEUIvDQYehNbyb+Pob3MSZjbtDbr96wBE9uqPX4eO6MxXh6hq8MAbWo8byKoKUlDJD1FazeP/AH5ZeDHrdd8f9kQMFeYlwKBqUNDV1jiIiIKKr53es9NDUD/fz8Mdug/IiubKrHseYGjEgP/5WTIsjQcKJL0wDDgfoGjB5g7nzITk6yBRmSYmNw9cBMeXuj4jBePnAQS/d/gZ+Nu0qzbfsr2oILVtEaZLAydXbDUFFtu9/1z/3QZaYh6ftTI9gqR+JKoi60o0054XG4GtAkhnV3IUEXqrzrlk7gk6Kzu8Sus1t0yC/C3B3uOqwdO+ZlJ7OyDjgHD5w7u2Wn+ByUuOtQ9tExrnqbKhXfPRclZWtQUlKFYvuOazFN7gv7DnQRtCjpDUSULZWd6qLDW3R8r5nTO33uspNugygBPQdlPy2tEttX2nR3sd08ymu2vDe4YJOvtOfkdpSdnON+fcr+LylT5sn3FBCpQtkOZX8UFyv/lqFqjrfXw4ny3JdNdB+0cJ5PBA5sAQ55TCjTYPdcbPvRcjzKeZT9AAYZ7HX1tOH9L/+Ag6e24ZbLHkD/lNBeIa87cMhce6GtHfrXN8gUSS56DNC/+BaMLW2A8n0qajGYRo8Metui5kJb22k5isHe8WObkZt3M2Kd6lJk9C/AV4p/gQ/fX4DP96/CuPE/DroNQveWPTItkhi5YC3krB/SXwaxdQlx6H5vn/y+0aeb2yPmSfjWzej4/bty2fi7QpOySSsG5TWtqa5CQ8N55ObmR+X3eThV/6tVBhf8JZYRy156c1oIWhWd5n/lEdxwyQ1+LfPRiY/wXx/8d9DbFuckIi2SGLngLg2SCDKM7j8QB86fk/NlxGt7XIuCzu5qLggxcXFIGzJI/t18+iwMyu9lZ2JZsY5v3Bn8VerRRAQX7ht1JfTQ4blPdoR0W91G/1KtBbucMxFAeM0a+969GveuqsXsXyzGLL8G5mRj1i9+h1matKhXZ3crTtR9iubOOvzr8BrsPFyCtq5G5evafC75x48XIj4uBf2SsmRKpKyMAowbPhvJ8Rw9TUREdLHyu8f92sHZuKyff1epfdlQh+MtjejS6EqU0591yCHnnjRXhbYjXYxUeGRbGX46biy+mmu+ssQaZLD37cIR+EI5AfhbVQ3uUf4WtRnCzV1w4cPak27nHZSUpLy22qUQECkMRK0Fb6I5yCA6fpIenYW2Z0rEGGE5refz4zA1tkEnOoLCWJOhx9SNLlMHjMr/xNVURjk+oQdGU48sAOh+mdAFGKpKnkfJSXdX8punYe5SPLosz83V6b3y5sxFcclS2Tk9J99LB3D+HCxdkydHEjyaF1xnseptemnLnOI1WFayBmVzrM+9CiVvm0cMmDvoy2QAIm/OY477RnT8B9xy/56D2PacHYtQsrwExbagh+U1e955VEM+8ovL5HOY4+b1qtqxHVXF+Sgu8xBgkMEVZb0L83HyMeXvsjm+AwZCfrGyf8pQtmwpJha7Gz1it4kdZTKYNMc6k/I6PDpnOx4tUZZfJNbj/BrYzeNv0MNP7R0d+OzzA6rmHZg5AMOHXRqilvin9vxB/N+OH2PcsFnKbSb0ISoKr9vyMXQ7PvE9o8EA/atr5Z+miWODDjCIz0lR0Dk9YxhGFjgW6Dx2bDM++fS3uOmm36BfP8ftiJEM+/u/IOsxXD3uR9Drg9wvIti7vRz67AEyLVLPvsPyb1GDIX7OdSJKjJ6PD0A/IA0xY4bCeOq8TMkn5tWX7pbLxs+eFPbBJoEQqYsOVR7EoMFDMGjQYOUrsg80WmNGgwl1FW5+9yi7IuvKJFsKJJFC6dT+dnl82BPLXnJDKvQxF8++a+lqwfryDfJ3zeThk5GVGp787WfazWmrRFokTy5JTZcBhrMdbZoHGP65o8zt9IycLIydPRVJGeZ2tTc24ZO1m9BYc8rtOkIZYIhL1iH/OvfnLuk52qdFu6x/Jr5TeIX8+57Cy2Vq3i/P17nM98jlvamhhqdpM9KMzMSIaFG8+ZMTmzEkfSSyMkbi6Nk9uHn0A9j0yVJ8Y+IzyEjOQltXE3p6OtDQcRoNrbX4ouof+Nvnv5PFni/P+xoKs667KL8DiIiILmbRl+tFhTOft6NmZ6vHW3ON65U+WvpA+ZHfYzQpJxuOP65FkMHZv40cJocyf1R7OqRtcsfTyAVrOivn24F61x/xwWhqbMSZ06fc3uxZgwy+ghHhZDhwUt7ib7lS1l6IyRmAuOtGw1Behca7n0Hbf68BQjx0W+gxdaLBcBrne06h1dCAdkMTOoyt6BJXTyknAXFIQLwu0fGmT5L/IoBh9+pYO9DneugULsYcEQQoK4P70+dAmNdZJTr2NVtngC25ey7ylFbY+gZOKs9TjF642ylpUpX7QF54KO1ZqLTzpOjwh7yaf6kYdbHIfUf+RPGcZKDA+RHxWsPluTnMIXZEcTGKRcAg33JflXxzG8Wol2Xel8nP8xAeyM+HjCfI10BpxkTHdublKY/K0RkqmxSApMRExMTosWv3Xq+3gwcrkTUkenI2CwZjD3YeflsGGk41VIRkG6bbr4PxkX93qK9gmnK9nCZu4m8bUadBTFOWCVZjw2F0dNQhL/dm6HSuP3Uaz1di08a7cPjQX10eG3rJZGXZejQ3Hgm6HSJYYGpsRezYYbKTueutj9Dz0RfyMTFqofPN92Gsb0HsDWOUX2Q6+ZiYR8wrlhHLinX0FSLgLb7jDx+qkAGHi40IDFw2ux8SMxwDUyK4kH99KpIGxsqb+FtMsyeWEcteTMEFITU+FUNSh+DN/W/iifcex6mW8Pxe1ls6P3u8/JbrsaRu02vcUdpjMODLCte6dvqYGIfggiD+FtPEY87EOnrcjQrTSGyiHlljk9zekgdrn/p1wRXjbfta/PvQ6GvczlfT2my7dRh63M5zYanFuqe+j3u/a72txk67R0XNhXuf2ohqj8ur99HB11Gr/B74xsRfYca4H+OGUfcqpzsGbK/8M64eOg2ZaUMRG5OA9KRBGJCWj0sGKOdJCRm485oncP/NL8ngwr7jpXh712K0dgafyoyIiIj6juioPtzHVLeYT5qL+vkeBjrKMk9VmE+0ozUtkifRNJJBBBZannhV/p367DwZZIi/wZx/VwQXTM3tMl1Swt3XIaYodKlXOk1taDLUuw8UKOdf6TGDEKvzfAWZGOEQEiercBJ5KJ7o+bnnTZyEvJLtkH3sHlIRiSvXy8SIB5UjEtSs0xd/t+mWdRTD2yXKv3Nw8m1z2qHe9ELFEP3cZWVOKXw0ovo5WK/gX7YIJ/OrZBuXemqK5TmVOI2KkAGd4rlYozy3Ze6Wk+mTRG0G84rFMVHikppJRRtLvKdKso3IsI6OkAET2FJSWeaCSxwiL1+ZGvpAz7irx6KtrR37P/vC7eMiCHHntNuRnOyahiMa1LdU46+7fyE7BiaO/IYs3qgV20iEF97snTZmJEwTLWkDE+Kh27rN/Hd3D0w3jddku2npQ3HX3e97raPQ09OOj7c9gdOn/oUJE39uS5mUljFc/tvSVi3TJgXDdN5ca0I3xNyOpF/8uxwdJ3SX7kL3B59bGmPuJIxXvlfi7pzgsIxcR84An9vaunULtm7Z7HWeKbffgSlTbvf/ifipo6MDR44ckoWVBw/JQoybztELVfKgWAz7ahq+/Gtv55q74s1i2qlPe1OtiGXEslq4PSsGtw7pDawl6nVisIyqaZHwteFflf8+v/15GWR4dvJzIR/JkJNsvjL/UON5j+lbDzU2yKuws5JSNN123fkGt7UXMrKHOAQXrMQ08dj5qhqH6WIdYl1DBoam/kmd8tGzbqf7x666FLh2hLbbGz/Isd7AhMHu6w+sPdobEL8p5xJcPmBQQNvLTChE8aBH0WloxtGWv+N8l7qgsrXwc7w+A/nJxUiPD20axuoNG4Hv/Q6vydRJItiwBC88tRG5lqLOWqqo3Ya5E59BWpJ5RLsI0A8bNA7V5w/g2uGz5bR1u/8LHT0tuHv8EpiU/31U/poc7SBSLo7Kvh4FWcXYdvANvH9gNaZd/SONW0hERETR6oIJMMQmWK5ECiDvrb+6/biiyXoCEefmCkqKPtbggijK6VBYM9bcOZJw1yR0vPb3kAcXRKqAZuN5j6MQ4nVJiFHevs1tHW7nEZ05yYnxbpbUQNVJeC5P7DAjqsSMDvUZ5tg6qkU+/TWL/N644zpPrsGjc9fYPe6ctkntNh3nc+b8SstaDCIdUIm4eF7UXnBKFKVsJz9vkew4nysuzndbzFitwPebrWPeXWokJ+Lq/2XL7FM/mUeqmIMH7kcYyPRJYnSJZdXmINAav1JQ2droNVXSSRlYEsWiy2wvkt36vR6TzsdhaFw/aSLa2tpw6PBRh+lxcXGYNvU29FMRkI4kceX5ibr9KMy6Hln9gutUt6df+ppLiiT90v/1OH/M3EUyRZLx0Xs1a4PfbAWnte9s1dl/LhvtPrutn+PK7wpdgJ/d1sCBpyBDuIIL9pqbm5CR0Q/JKdp20Ea9QH6KavjzdcspA75s7r0y/4ZBMTjXYVI17caBkfm9KoIMRuW9J4IMT73/FF6aviqk28tPTceQ5BTsPncKIzL6y5oL9nacqZZ1Gsb0H4TkWO3TAfUFIu552sNF6C3alCFwIII9V2T2BgtONDd5mVs7CTFpKEifht11v5OpR32xFn4Wt4NNZzAu80HlnDB0p9S5Mx6wCyRkY9ad12Dtqlo5YkHrAEN2vyLsO/YObii615I60YTapkq0dzejx9gtAw51LSeUv7vQbehAUnw6CrImYf+JLbjpsvvkOsRyY4dOw9s7f6px64iIiCiaXRABhqE3p2HwGPPVYWe+6MDx95tDur08y4nywYZGWczZm3JlHiE3Nbwn1wMSEvEfBVf0mVEMohMu0qMXnIMLYvRCzGjHXsnEe25F3OSxiMn2fTVpMDqNrTB5GbafrE9Hlzjzs3RK6WP0SFT2YVuHOc2UKLppMBhl6hbNqb4q3PmK8t7Of9FRvExF7n2f6/SjyLP3bbqrJyGUydoPLs/WrhaDQ95/+5ZaCjnL7YrRDDIQEUhx6cD3W9myRRBlpovzzWmIir0FOYrnYs7bi3oLWIsUV2L/elzEHIAQy9lmkWmS1shRDL2BCl/M6ZzKHltjaaPzDhIFxS2jNtbY1b0QRcaV6XluXzfH9XvKsKQlcZXr1269Ge3tHaiuqZXTRBB6yuRbMWRwdKVGcmbuDJiK8cO/jtgYbQOTpstHKh+c8dC933sZrBzVMNjyGXqm3lwI2vrYzRNgGnlJ0Nttbj6JDevuwOjR38G1E/7T7TxixMJXJv4cI0be5TD93LnP5L8pKcEfOLr+5oK9ptONLo/FTR9vi2HE3THO5XHrMtZ1qOEpyBDu4IJ4PwwcOEjWY9DrL64LLNrO9uDI3x1/h4qaCyItkvM0e2KZkbenazaKoa8RwYVd1ebPiYIgRw6pNXtoIf634jO8deiALOgsgg7iwqCKhnpZO04YnJws0yjFangcZ/bvJ78fnEcxNNaeljUXnEcxiGmNblKtinWIdQXKNPA6GAZ6KiKvfDiFOXPp4t0f4bfXTUZeahqqWprl/XCJ0cUhVpeILlOLX8uJVKY9pg7E60JbZ0+kQXpht/0U9+mjgvXVyx/Clk+X4y+7fo45E36J4+c+kcHP3P6j8cnxUnxlxBx8o/hZmWJRBBeEy3JuwsZ9z+H6UfcgRh+LxrbT+MeXL2PkkIk+tkZEREQXkj5/FtPv0nhbcEEQfzce60TDsdB1qt+QPQSrv6zA/x066hJgEAWg7WsxNHZ1KyclOtyUkxWy9njiKchwY7b7zhtR5FlL6RkZSEh0TQsg2Ndh6CvBBatQBxeELpPns7p4faLyxo1DS7d5nnhl/8XHxcqa0ylJiehQXmsRXOjs7kGyxp2FUn4e8lHl9Sp185Xt+SIW4ZaoBbCjbKnvTm8/1ulLINv0uj4xiqFsu/Kvj5EBi0qUmz8d4t7W5cdzEPOVmZdZlFeCk495T0MES9qrElkUuRhlb5chb+Jcz8Eba42NMssoDccHYSnNoI5DqqRljtu01ldwqB/RG5SQ25FBrzLXkQqqR9toQ4wcuuP2yVi7vhT19fW4+eYbMPSSEA+dCNLgjBG45bLvYmDa0JCs33TbdfIW8+FuW90a0+3X21Ik6XZ82htg0OthfPibmmw3I2M4kpIGoar6A4wz/cSlDoNIfeSuyLNQdfLvSEzMVNYxLOh2iILOuowU9Hx6BPF3Ob4hxEiF+K97rjchlhHL6v38znEOMoQ7uJCUnIzcnDwkavyboi8QRZ6/XNsAY7djx7Es6Ay4Fnm209lkkMtefX/mRVeHQQQXnvnoV/jw+Ee4cegNWDRpIRo7GrGh4h2H+b595X9out2BScmYN+pKbDl5RBZzFjdB7H0xciE7JRV/qzoqr6SfM7xIsyBDrPJdcVlhAb446Fj7xmgwyILO7oo8G93UWhDriA0m/ZgI8B5zn7lfBnr14R15d7ChDreVvoWBiUk41xGCIRJeNHYfR5fRv+CCkBlfoPwuD2VwYS9ekDUXrsEjv38AMoHe7tW4N0QDfBLjUjHr2p/iXNMxef+zk+/hivzJyO0/Ro5IGJ1ziy19ktUQ5XdEXGwiahoOICU+E3/d9RQuV5YRwQgiIiK6ePT5AENiP9cf1u6maWloWiq+lpeDd09W442Kw/h2YW8S0gXbdmDF9RNtQYav5mYjWznJdlcAOhzcBRluzA5Ph5dIi+CJNcDQ14IL4eItU0KK3eiF2NhYxMfFyCJ/cbExMrCQnJiAlvbOEI5isNQY8HiVurUI9GNeOtKLsWhRsawn4L3T2591+m63f9vUkrkIdImnHEyqqX0OlsLJxY9a5umtx5CX53kUhSzcXbJUaedJlMm0Sp7CC1UoebvMwwgSSzDFUqNC7TXgvamSnvc/iGQZOVEmIwx2NSREXqX8SbL4dLgkxMdjxrQpOHrsBC4bVRi+DfspLiYRE0bejavyb3dbBFkrunc/hu7QCVnAGJZBWbot26Dbe8B854xdAWNlHv2Lf5YdWyIoEdR2lec0cuRd+Oyzl1BZuQaFhd+wPXbppXcgN+9mW80FexUH30JLSzWuuPIhbfaL8rTjJhWha/Me9OysQOwE8zEhCjf37DsCkyX/iG5wBmLHDoc+13zRgpjXWFOPeDGyIYC+ZvuAQriCC2Kkgqi3IOou6DQuittXiMBAZmECzn7hODpBfKmLegv2NRfcEctevMGFD2Vw4cc3/Bgxuhg0dDTgj5/+0WFerQMMQmZiEr5VMAaNXZ0419EmRwUMSUqRaZHEyIWjTQ043HQeJUfKNQ0y3KL8kHIOMAiNNaew7eU3kDbEnCqo+fRZGLq7Pa4jGLrPDkL/0hq3jxl/OA8ovDKo9QcqXMGFtp461HVVoMvQhLOd5aqXEwGFS1KuR4LyezzU9Rewew92Ihuzf2EJLijMoyTd16fQysD0S9Ft6ETN+XJ8dcz3kRSfhlHZN+Cjg69h6tjHnObW4ZLMq1BTX46vjJyL797y+5C2jYiIiKJTnx+33niyuzddMsypk8W0UHv0yjEYkZGGlw8cxBNlu7HvXB3aewxyBIMIMoh/rUYPCHz4shasQYb0+BDl5A8QgwuexXko3hynT0QM4tHVbc4RGxerR4/BiG5LgVAxesFoNCHWElTo7A5NoefiRaKT2pw+yPHidcu0/Ll41FcRYpGSR9nVZW+XeL/KXFwhL9YpihQHU5zZn20GRewDUffAfpqlQ764OIgAiYWK52ArBG0XgZDBA9GO5d6eezHmKPu4rKzMMr8H1lEFd7sLIJiDKTi5Xc6jnnlUQp6omWC/nExH5fx8xfNYgyrlODPXfzBvs6rk+d79LgtBV3loY2iJYs5jRheFeavqXZI5Ft8sfg5jL5ka0uCCoPv8kDk9Uk/v1bdixIKYJm926ZHEPHLa54fcrMl/oy9/ACkpWYiPd0w3MvTSO9wGFxrOH8TuXU8rr99gjBnzXU3aIMTdPg669CR0/ul9GCqq0fH7d9H21J/QtbYM3du/lLeudTvQ9vM30fHSFhgOVst5xTJi2UCJwEK4ggupqWkYWTBKpkW6WIMLVrlfSbHVBfOHWEYse7ExGA24/5r78drs12zBBSE3PVdOs7+FUkZ8giz2PCytn63mgggmiKCCmG4NMvR4SV/pj1m3TcbAAe6LS4uAQkNVjbx5Ci6IZcU6KHDthjpUtZbhTMcXsq6CvXh9ise6CjH6BAxKHB364IJNLaprLX9Wb8QLG2q9zq2V042V6J+aK4MLwsSR/4ZzzcdRXvuhy7yidlN9SzjHjBIREVG0UT2CoV+cuRP4L0fUX+HhaR1aaq/rQWVpI7KuNncWnNrXLqeFWkpcLF64vhhL93+B905WY/vpM7bHrEGG3904CZmJkes8t2c/kiEaMLjgXZI+Fe3GFuWEx3wiKzpsYhGvTHfsfLCOdBCjFZpbwzmcXNQTKEFxySI86lQcWRYhVtWL3pvm5tFleb1FkN0Wbi5x39ntMi98FFT2sE1NifZCFmaea79lWZNBi5NR78/BXPPBOaWQpV1y9IP3524u1LxdpkvypOztNQ7FnV2IQIrSCBFUmePPPralSnI8SZVFs+WxZvdaO7/OIgBVpczz2ByU2C0X3pEq0U3kS75+1LdRmBXc6AB/mIs1K7fWNsQ88bzjiAV7gwfA8OxjypdrsmbbTkjIwJ0zS2WAoarqn+juasGw4Xe6nffY0Y3YUfaU/PuGG5chPkG71CDi+yXxwaloX7YO7f/zV6/z9uyulDfExiDpkVly2WgmRtFlZeegXz/3HaUXo7gkvay30FzVjUFjEhGr3D/2fjOaqx07itNyld9BN6ehp90oRzyk5cXJZbVwV57opHc3mlfttPBo6GhEXXvvZ8LZ1nNe5z/VclouE07WIIMILliDDN8YOTroEvCJyu/fxx98ED/+1bMutRh8EaMsxLKJEfwNrYXb8obhwL894PdygSyjlqhJVJQxCxlxQ2EwdaOyaRPOdx0O2fZ8uvYBPD1jCZ5c9X3ICiW50/D0Q9co90O/6ZbOemTa1SKKj03CrWO+h82fLseg1EuRmdabcjcjcQhauz1UBCciIqKLgq7HoP5X7ad1Z3CiJbAf9pekZuCqzOAKXYq6CiKYEIiCaRmyXkMonGhuxbZTp3G8uQWbTpg7xr6am4PF114lTwKC0d7WgqRk7XJ71nd2yGBDpHV2dmoaXPB3PxnPNqL5vhURCS58ebACzc2+C5EbTT3oNHUgVhev3OKUk1mdcrJjUP5rghiY0NXVjRjRCRUfJ0cqiKvq4mNiERcXg9b2TlkkWqRLCkmhZyIKmwnXBn4V+8cVf8QnxzehKOdGXFf4HzK/csScPQ/98tegqzzuMNlUMBTGhfcCg0LTSd3V1YQN66aire00BmSORn7eLbhszH3ysc8/e0nWXGhoOIzk5CG44calGJI1wccaA2OoqEHHS5tgavIeDBYjF0RAIqYwJyTtCNap2hqcO3cW/fsPkMGFmGBywAegru4cOtr9C6iLehAidZO/tPoN1ni8CxUbHX+/Fk7PQMbQ6BpZGohA9lFVUzW+t+F78jdNIMQoh5dnvIy89NyAlg+E+I0lggsFGf1x7SDt0tP8ZfMWrHjlFVVBBvE7MCUlDZNvvBHXXnmFbXpqcjLGjfF/1Jzu72VeUySdKrwSf/h77zSTsQeN5z5TfoWaMDILKMoLbvvVrc3Yddb1avyijEw093TJx13a1WPAicpjsg2CGHHSXzmvCaQN9V2VONjoWOdjcOIYjEibYrvfYWjCvvrelD8G5ff38Yp45CU7FscOdB9Es4O121BV9xm+evn35f3WzvNo62xATUO5GYOabQAAIABJREFULPg8a9zPkKF8bwpV577E2//8P1x96QyHdVyI+4WIiIjc8yvAEA0alJO01jP+jVBIGRyLfmE6ibth3SbNgguC1gGGC1Ug+6nj9X+gs2Rb2EcuqA0wWImTqE5jO7rQhh5TN+J0yomUrp+ssyDqMIgCz+YizzqZHsla5Fl0+iQn9v3OC6KLXTABBlGgsX9KNvIGXK5hi4Kj+/IIcMwySuXSPJguGx7ybXZ0nMfn+1/EocNr0dXZiJkzN8np69dPRVLSQBQUzsXoMfe7pFPSmghqd2/eg+6ycpgaWx0eEwWd44qLEHfHuKgeuSA6+BMTE5GScuH/NtHqN1hHgwGf/clx9M4V3xoQ8pph4RDoPio/W45dtbsD2ub47GtRNOjC6bTcvncvnlu1Cufqz3udT6RFmj75dvy9bK/y8898+paanIT//P59GJbnf0BSV34Euo/2uH3MNHkSGgfnYvtBx+mHDu3BtrK18vdnsNt/t+ooFn78N5fpj1w+Docaz2PrySNulxtwthm5h+tso0gCbYMo6vxp/WvKb+tO27S8lGLkJzuNDD271OF+zZfZeHvdF5q8BtGsqf0s/rJzMcYNm4nm9nM4eOojTBz5DYzOvQV7jq7Hpyc246bL5mHE4K9ge8WfcKC8AX9/v/aC3y9ERETkXp8LMES7n+/6RLPggsAAgzqB7icxkkE/SLtUGGr4G2DwRIxaEKMYrESAwWT3duboBaILQzABBnJkNHbjfH050jOGKZ+ZMWhrO4P09KGRaUvVOZia2uTfuvRk6PP8v8KeQkvL32D1hzth7DZ/R+vjdBgwInqDSP7g71RtdHR2Yt277+H9f+2QxZ+tv+fEb7sxowpx81cmypoLIi3S+zv34KW31iIlKTEiHbhabT+QEQxWRw9U4l9/K5O/dX/28P0Bt0EEGZq6q201GFJiByE5dpDDPGc7Dtj+jo9JRUbcJRF/DcLl+LlPcLD2I6QnDcaY3K8iLan3e+pE3Sf4uOJNWXtBjGQQIxp27z96UewXIiIicsUAg8bEEGetggsCT9zU6Uv7SasAgzj5tI5icMbRC0QXDgYYiCKjL/22iBTuI+2J33enzprrUWQNGui2cPpHu/chL2tIxDpwI739aGhDpLcfLVo66pGS0N92nHK/EBERXZwYYIhyPHFTpy/tJ60CDER0cWCAgSgy+tJvi0jhPiIiIiIiIuZPISIiIiIiIiIiIiIivzHAQEREREREREREREREfmOAgSjM4mJjI90EIuoj+HlBRERERERERNGMAQaiMMvNyUZSUmKkm0FEUU4EF4YOvSTSzSAiIiIiIiIi8ohFnomIiIiIiIiIiIiIyG8cwUBERERERERERERERH5jgIGIiIiIiIiIiIiIiPzGAAMREREREREREREREfmNAQYiIiIiIiIiIiIiIvJbrE4Xpi2Z5P/R3tYSpg0SEVE4JCWnRt1nu2gTERERERERERGFFkcwEBERERERERERERGR3xhgICIiIiIiIiIiIiIivzHAQEREREREREREREREfmOAgYiIiIiIiIiIiIiI/MYAAxERERERERERERER+Y0BBiIiIiIiIiIiIiIi8hsDDERERERERERERERE5DcGGIiIiIiIiIiIiIiIyG+xkW6AWqfaO1DX1eUyvSAtFfF6xkmIyLOTp86gsblF/p2hfGbkZw2OcIuIiIiIiIiIiIj6vj4RYPiisRlbak+7fezThibcnZ/DIAMROWhr70Dph2XYvu9zNFiCC1b90lIx6erLMe3GYiQnJUaohXZMJug6umFKio90S4iIiIiIiIiIiFTTGYwmk3+LrMd9meswq+5VzHCYPA8DnyvCto+fQJG7xUzy/2hva3H3qFelNadR3tTs8fFBCQkYnOi+Y06v02Fsvwzl8QS/t0tEfVPFsZN44c9/RVNLG7IHZWJsUQFyBmfKx2rO1OGT8krUnq1DemoyHvnmXSi8ND98jevqQczJepgGpMDYP0UGF2IOnYHufCsMV+RFNMjQ2dWNLWV75N+3F49DQnycquWSklMD+mwPJdEmIiIiIiIiIiIKLe1GMIwqQlF5OSqUP90GGILgKwZytrNT3jw53tqGB0ZcqnGr1DqNjc/8GhsxGYt/chtyItQKoouFCC78+tW3EBOjx/fmzMDEq0ZDp9M5zDNnys3Y8ekBvL5hi5z3h/O+EbYgg85ghP5sM4wJcUC/ZBlc0Ne1wJiZClOiug79UNmyfQ/+tvMT8x3lY3fmzRMj2h4iIiIiIiIiIopufgQYxMiFedhgubchc4DLHEVPbHcc1RCE58sPoTAtFXfmZgW9rqbuHo+P1Wz+NZZsdkq/lM1gAFFfJNIiiZELIrjw5Pe+LWstfHrwELZu24kjVTVynuF5OZhy/QQUjx2DvKxBePrlN+Qyzyx8MKzpkkyWkQvW4IJh5GDAKRBCREREREREREQUzfwIMMzEK3X18JgiqS9zCCiYRxwseQYaBRmGYPpP/gfTg16Ps/1Y/YM3gHn/gweu1nzlRH1S6Yc7ZFokMXJBBBf+8u4H2PjBdpnqx1rYWQQalr9eguk3TcLXb7sJ98y4HS+XbJDLipEN4aKvbYDOaIqq4MLtk8Yp7bD8XTwuso0hIiIiIiIiIqKoF0CKJBFomKl9S6LGEEz/zmTsfeY9lO67jZ33RH2EGBGwfd9nsuaCSIskRi6I4IIYsfDwN2chs1+GnK+uoREv/nmdfGzk0Fw57zvvfyyXvfu2m1zSKYWKCC6Y9DqZFimmugGmpDgZbIgkEYiZeRPTIhERERERERERkTra1WC4kGRnIdvu7p5Xf4TVpybjgbH7sVqkU7If8VD7LpY88x5q7OYf5zSqwLq8w4gI5+XcpmUyj1LY4zQP7NM6Keve8yqQc8cPsfiOIaqfYmNLG+qbmjEsx/0yR2tOY0B6GjJSk1WvkyiSas7WoaG5BZOuvkIGCURapPi4OBlcSElOQsnWf8r57rzlOjntyeWr5TxXjRqJqy8rxKYPy+Q6cgcPDFubRZAhpvq8/FsGFyIcYAi0yHOgPtr3BY7XnvFrmaHZg3HD1WNC1CIiIiIiIiIiIvJHAAGGcjx33SSUP16PV+wGMpQ/NwnXlz+Bc69cAKMbak+hFkNwjX35h9r3sDrr21j1myt7p+17Aw+9ul8GFBZbAwoycPAjLDnlpcNfLndapk5aLCMZbtIyWdYtAgerrOtR1r1xHzBdTgsuRZIIINQ1NsNoNGFEnmOdi8NVp3Cs9owMQowtHOb/yokioL6hUf6bNdBcH+ZoVS2G5gyRIxfWbPknNn+0Q04XNePn3n6LfEzMY7+MWEeoAwxixELP1UNdp+sjnyIp3EWeK0/UYN/Bw34t09XdwwADEREREREREVGU0Pu/yEGUl8/ELKc4QtHjT2DG+nW2ItB9136sFiMLrr4N0+2HMeBKPDDvSsf5LAEAhw7+7Nvw3TuGoGbzu70jDxycxsYtIijxQ7v1m9My5dTux97a3nlw9bcdgxTKuqdrlLLpihFD5egEEUgQAQUra3BBPCbmIaIAdBug6+xxucnohk4HU0Ksyw1xMZFuNRERERERERERkV8CGMEwCkVFIsgAzCiym6xMqNCsWWFW+x6W/OA9212HUQNW2UMc0iaZRzmIbEquoxRy5LTTqJUzOG/rUxlEqLGkNnKWLfv6zfOMu/1K1xk0EhOjx9WFw7Gv4ogMKFhZgwviMTEPUV8xwFJj4dS5evnvsLxsHD5ZI2suzLj1OlsNZZEiSUw7XnMaI/JzHJaxriNYMcfOQV/X4jK956p8mJLiNdlGKIS7yHPBJTmIj/Pva0ikSCIiIiIiIiIiougQQIChCDNmAtdfNw9Fda9ihpxWjufufxZ4Yrvlfh/jtv5BaDnXaXBQG542uAsyMLhAfVXOoEz0S0vFvi8rZLHmKddPwPLXS2RBZ1FzYc6UW+R81iLPXd3dch5RHFosI5YV69CCaUAKjEnxct362gZZa6EvCHeRZ5HqiOmOiIiIiIiIiIj6roCKPBc9vh3nRs3DwMwBvRNnvopzjxd5XigIcUHmJo/ThSC3uaUQdO0pUWzZcRRDjWVatvPoBR/L+TWPRuyDDAKDC9RXicLOosCzKNa849MDKB47BtNvmoSNH2zHf65Yjfws85XvJ0+dkcWMxWOiwHPZJ1+g9mwdpt5YLNehBVmw2WRCzKEzMrgg6iv0hSBDuIs8ExERERERERFR3xZ4T7IIKNTV995CWNz5mv79kO5nGg0rEVy4TqOrkh1diWmy1sKvsXqf3eR9b2DJ5tMYN+/bcJ9gxMNyojj0q/t9rtvhPqxBiOBYgwwMLlBfN+3GiUhPTcbrG7bIQMLXb7sJC++Zg+F5OfK+uIm/xTTxmLgv5hXLiGU1YwkuiDRJIthgzO6n3bpDSBZ5/tcn8ib+JiIiIiIiIiIi8iawXvswG5yYgAdGXBrpZriQtRqy3sBDDvUUhmD6T/7HqUC063KL8WsssV9Opmm60mEel3Vf/W2smmedw1x0+qFXf42HNlvW6Vw3wg8MLNCFIDkpEY988y78+tW38PTLb+CeGbdj4lWj5UgFeyJ1kRi5IIILBoMRj9xzl1xWE07BBcPIwYipbtBm3URERERERERERFFEZzCaAsjbsR73Zc7DBvFn0RPY9vFMbLhuEjbM3I5tntIkmeT/0d7mWvjUnaUHD2NIYgLG9kv3v3mK9Lg45CcnBbSs1va8+iOshggOhK5oMxH1qjh2Ei/8+a9oamlD9qBMjC0qQM5g80immjN1+KS8UqZFEiMXRECi8NJ8zbata+9CzGdVMPVPkcEFUV1af74VuvpWGPIHAPHRG9cNNEVSUnKq6s/2cBFtIiIiIiIiIiKi0AogwFCO566bhPLH6/HKqGdx/f3A7z9+AkXlyt/XleNxW+FnJ34GGP5aVYujLa3+Nc1OYVoq7szNCnh57ZzGxmd+jb1jgxthQET+aWvvQOmHZdi+73M0NDt+7oiCzpOuvhzTbizWbuSCHRFkMCXGyeDCxYABBiIiIiIiIiKii1MAl9IeRHn5TMwSJRfKNW+PzczcLBxvbUe7oSeg5cUIhqiw711srB2C6d9hcIEonETgYM6UW+RN1FpotAQZMtJSbQWfQ8WUFB/S9RMREREREREREUWDAAIMIrgwD/fdtx7nHu+duuG5Z1E+08PohQDE6HQYnpqs0drCTxRoFsWehXHzvNdkIKLQEgGFUAcViIiIiIiIiIiILjYB1mAANtw3APett5sw81Wce2Wm5wX8TJFERER9A1MkERERERERERFdnAIOMPiNAQYiogsSAwxERERERERERBcnfaQbQEREREREREREREREfY+6AEP5s7g+cxKeC2FRZyIiIiIiIiIiIiIi6jsCKPK8HvdlzsMGr/PMxCt12hV8JiIiIiIiIiIiIiKi6BKaGgzr52Hgc0XY9vETKLJOYw0GIqILEmswEBERERERERFdnEJSg6H84EHlP+WoCMXKiYiIiIiIiIiIiIgo4gIewbDhvgG4b33v/aIntmPb40WeF7CMYCAiIiIiIiIiIiIior4voBEMMriAV3Gurt52e7x8EgbaRxyIiIiIiIiIiIiIiOiCFUCAYT3WrS/C44/PdJg64/EnULR+nY/iz0REREREREREREREdCEISQ0GIiIiIiIiIiIiIiK6sAUQYJiJWTPL8dz9z6LcNs1yf+YszNCwcUREREREREREREREFJ0CLvJc/twkXP9sb4gBM1/FuVdmel6ARZ6JiIiIiIiIiIiIiC4YAQcY/MYAAxERERERERERERHRBSOgIs/3ZQ7Afeu1bwwREREREREREREREfUNsf4vMgpFRUXiHyIiIiIiIiIiIiIiukgFliJp/TwMfK4I2z5+AkVql2GKJCIiIiIiIiIiIiKiC0YAAQaRImkeNrh9bCZeqXsVM9w9xAADEREREREREREREdEFg0WeiYiIiIiIiIiIiIjIbwEUee47zpV34Ojfm11up/e3h3Crm/DI8OG4dPgULK8I4WZcNjtf2abY7nyUum2Tr/ZUYvntw/HIJq8b0Wg9FBjzvr10fjh3biS2GT6l87V5bnI9t69Q9lb0C39bL+xjiIiIiIiIiIjoYuZHgKEcz103AAMzLbf71oeuVRpoO9MjgwkiyOB8O/FRC6p3tUW6iSEnOxJtQQdLJ59yf/IK+65F63Rz4MC6jH2AQKv1eFO5YoplG4431+XNARzv641kh6Y1wOTtOYS3LZ6235c6xcmemvdAtHN9nzh+nlhnm+9jHpXrISIiIiIiIiKikFAdYNhw3yQ8N+pVnKurl7dtRc9GdZChs9ng9fGana3Y9cJZj7fKjY0weV9FH1GAhVuO4NiRlZhmmVK5Yr5tFELpfOuIhKl44cgRvDDVOt15JIRW6/GicAHeOyK20XuzrqfXVExVppX+Jvo6xs1BkvnASsfnMHVTmEez2ETvvqJg9P3XVXwuVCzY2vs+WTlVvn8cggMiuDC/0vK5o9y2LACc5lG1HiIiIiIiIiIiChmVAYb1WLe+CI8/PtM2pejxJzBj/ToPxZ4DU1VVhb+uXet1HvG4mC/UGo53oam6K+TbCaVpsqN7KxYWintT8cJKa299JSoPiX83YdMm67zmwIH1X8fHtFmPZs/rBwtQULEJpRHptPdg03xMXgHZGeocFJm20rrvwi8q9xUFra+/ruIz5b0FBb0Tpq6U75vKzZssQZNKLP+N8sExdUHve6dwAV5Ulumdx/t6iIiIiIiIiIgo9PxIkTQKRUXO9w+ivFybhvT0GPCdefPw2A9/iD/9+U2384jp4nExn5g/1IzdXspSV6zAZH9S4Til+nBN5dGb6sN+PbbUQU6pbBxTCvkxSkAqQMFIsclNluUs961/Wzr0Sn1GBrRajy+WlEfWfVA4FdMKK1G62Z+rlHtTOznvM0+pghyne17e2hlasGClukCC2mPH+ZjxlPLJeX32z8XffaXFNiVv+8s9d6+Dx2n27VKxP63rKfXwfnKYz+69adu+8zZ8pt9S8/yd0vs4tymo19XHup353Ifm9TmPDHD73lF7DHltjzl4Mm2qY7SuoKDA9hgREREREREREUVe1BR5jo2NweLFP0N8fDx++tOfuQQZxH0xXTwu5hPzR4rs3Pcjd/3/Z+9+gOSo7gTP/1q01OKPBAxYuOmxgUZVw8yeN+IE9MWYQRd7tlB3lSTAt7tzwrHBeA6BscqqvgvfTCwDUtgQ+DzhCHfJ1fwTzAWxYXNxjrAwqEuSdcg2WLYsCc0es8xAl9wSjBpZMkbQAv1ptdRXL/9nVmZVZta/btX3E1SoO/PVey9flojS++X7Pa28zyRb0PFq1KReWXAizITnRqOMNjnpPGcHA9xBgkbWU4uEDK5TqVByoQMrqqxsNNMWqRUFpTEz7qE2iemdtBzNyVDBeFK8yvvN9yYTCd+2XdTka+l9SWcapW1ZGfXeUy09TMFYPWKki5Jceaolrb5SuW2OvpXKLbM+nxHGqm5tVhmvAOX3wVj94jqmr5qxJp7DjqdSuqdri1mrjPduqb+PalK97Kl4Nfm+TuQJR/0JY6yCVL1+bRLek95nowrGhR3jCve1Wt1+5cOOYTVhP0Next+3xEDKcV98/h+yOFF234LqAQAAAAAAQONFCDD8RP76Kscmz1d9Xv7+Lc/Gz1d9paaUSUtvXyqbnnm6LMjgDC6o86pc6xRkyJx0c+4Z4DNhqRnNydfM8qm8NelmTWAWQky+eeobMicKrfqqpeBRTx+b+wAkZHCjMWlejJqnvF71BCh7ijpjrYzQ8rA7xziVknSE9Evu1QX65KyMFkXfNkKlYXE/Da6nYdFz3Vd9v3GsekBFDwQlstvdaZTM1C/WZLF/ufJUS3qwx33cuC/OSflQY1XfNquPlw+tn2baLTFWxqiglePeaG2YYx12PK0GHOm9vJef0SbTy+oy3+f87Bn12yt3ylW+fjP9T94dyCjVO5iyz8e7r9XqLrvwiGNYSdjPkMeoETgxx1U5UKwQjHJ8RqrVAwAAAAAAgIbqDFfsTvmHP3zQ2J4YzCDDmvsf0IIKv9n9G3l5y5YZElwQVzogc4Jdk8z6T6JZE2XGJKMhkc1KOqcm0PXJ09A5+n3r038e8nui2vWktZqotyf7tHQjYddh1KueSlTAJihQU0af/F9buh/DqXBPK6uVH+60L/b4pQcSMqSCClnVvn5P1CRxOtT7QzImmP1WOphjWNQmj4PLuevTJ5uLpX75TQJrk7DGvhlVx6pC3+K1WWm8VPog58bX5ufJ3U8tcJXKyhOJnCwz7o2oP82VM2HH08rhnxDfv2YHSvVn9ODCDr+JaZ/3+dbvEXj9ZvqfdUH3oob7Wq3usrYijmHMuoJYGzJH+rtfHsyLVw8AAAAAAABqFTLA0FzOIMNLL78sXV1dDQsuPLfze7L77Z2+5wYODsi3v7uh7m16Jes1Qe/lDApUnHhzTiLaTwcnzInCetVTZyp90VC/WgGS8g3Q2O2qlRcqmJOS4TEjaKBdk6OsSs2SU6tDsjK8WH9KPr0x5Pu1CWgzUNT8qU2Vjqb8qXtPmSpjVd82q423viJl0Oed2t+FrSqIpo+nmihPLC6W7o3x9H+x6EmjUz9FK8BUq+qftzBacV+bxw4y+V6nlgqp4ApYacpWNlSpBwAAAAAAAA01Y/Zg8DKDDAsXLmzoygUVXLjtoQfki9/5huulju3c9dPyN1g5wB17ESiFjP9GvQHl7dQj5U/j2psi+2zi6qjPPufpi/eYSqXkFxTQUqx46rJSsOhP9devngYI3OhWD3RYT1IbqXYGt9krEsrSOhkpZNTYaxPNKceKlKrv158kr5pOxngSftQnpZRen7GHRWA5c4VD9frK266yKXA92wwz3gG04IH67Kg6Ro0UVVrfVSog9XJ8nsKOZzWLjaCZSrHjtwrIJ7WT9ne0bA8SQ7XrrzaGtdzXKO+tUt49hvqfFe9j2M+QqNUdy7WgyPBYQFDAGFtvXVr7jnGvWg8AAAAAAAAaasYGGBQVVPjlq682PC3SwmsWyRXd3a6XOubLmd9b20zV2C8gaMNXZ+5zR3lr81RrItvO92+XW65NVLrrsyfXtE2ijXJl+zg4c7U7+2m89GCI3aZVl7mJrNmvetVTE/WUcq/Pxtr6ZLO+X4KjtDbR7xhPow4rb7tzXwwHbePgQumcenK+LJVQ5ffreeade1Q4+24eS8mgltd+uTsYZeT/T+fNCWkzYJFx1TWSyZTtKeBbn+9Euf9YOeuqb5vVx9uXMWFeLJReVuBK7/vIxpyMuib1w45nmHaNIIPv5s2eTdSNYKK5Abi/Stcf3G/z71P8+1qtbq+wY2gEQp37TpTVGfYzpO8bUfn+mJtYO+oyxtEe9zD1AAAAAAAAoJFmdIBBUSsYZhqVq/1Q2Wax3gltm0rdUV6+/Lh3M1TVzhMDZa279j/Qm877544PwXcDVjXZGrQZbiPrKdvkuULgxqDtZaFtfG0EIbTgjbieHjfHR+XE1+pcJ/KEX7/MTYbFsyFuqPfraX92ZMXqh7lRtWx07FdhfHasurRrLGrvdW+Mq34vuuoqpMrH2Nw3wFVfwPXZY+U/lnVrM+x4+zKCCYWCK8ijr2woinjSI4Udz1DMz6sKMjiDWaXjw4mc6zNZMR1PiOv37XchZdVZy32tVnf5+8N+Js0gWnCdoT5DxooQV3vWyxGg08bR8fepdE+SznGvUg8AAAAAAAAar+Pc+enpaG95S/7+ts/LS3f+Sn75NzfZR//+8/IXP7lTfrnrb+Umv7dNa/81zcljU/Lmj45XLbfmyZUykHtELr3yCtfxT45/KD9b/7js3rWrUV1EnWib6UreN4gDN8YqGm28Dsz8jYO5rwAAAAAAAGiFGb+CIa5LFnXKDV9YIFffNL/iq7MreAg6Ojua2GPEpaVMKeTK00ShDGN1YeK+AgAAAAAAoBVirGCIqckrGML68//xL2TJA/+rXHz5AtfxUx+dkP1PPye//sUvW9QzAK02W1YwAAAAAAAAAK3Q2YhK/+8XXpDPfPazcttttzWi+roauKNftj79XOA5AAAAAAAAAABQriErGO68c5Xc9vnb5G/+9m/tgzN0BQMAAAAAAAAAAIjugt2DAQAAAAAAAAAANE7IFEk/kb++6ivyUtVyd8o//OH/qrFLAAAAAAAAAABgpgsZYLhT/uEf7pSr/1q0AMKqKqX9dzQAAAAAAAAAAAAXivApku68S1bJT+TFnzSwNwAAAAAAAAAAYFaIsAfDnfI3f3uTvPQTIgwAAAAAAAAAALS7kCmSdDf9za/k/Ub1BAAAAAAAAAAAzBod585PTzelpWntPwAAAAAAAAAAcAGIkCIJAAAAAAAAAABAR4ABAAAAAAAAAABERoABAAAAAAAAAABERoABAAAAAAAAAABE1hn1DR9//LEcP35czpw+LZ1z58pVV10lCxYsaETfAAAAAAAAAADADBUqwDA9PS2HDh2SX/1ql/z2wAE5c+aMdqyjo0O6urpkcSIhf/7nn5frrrtO5sxhUQQAAAAAAAAAABe6jnPnp6crFTh37pz88rXXZM+e38jChQvlc5/7t3L9DTfIpZdeKidPnpRDBw/Kf/2v/6itbLjttr+QJTffLPPnzy+vaFr7DwAAAAAAAAAAXAAqrmBQqxR2/fKXsnv3r7VAQ9f8+XLkd0fk6LGjVpnz58/LxZdcIh9++KH84hc/11Y13NrXJ52dkbMvAQAAAAAAAACAWaJiFODgwYPyT//0hhZcUGmR3n3nHW3PhXldXVaZydLxDz74QM6ePStz586Vf/pv/6SVSf7JnzS88wAAAAAAAAAAoDUqBhjeeOP/k/kXXyx/dNVV8s6hQ3Lq1Cnp6/sf5M/+zb+Riy66SCuz5ze/kV//+lfaaodEMqmnTXrjkOHqAAAgAElEQVTnkHRfey2bPwMAAAAAAAAAcIEK3JH5+PHjcuzYMW3jZrUi4fLLL9eCCu/+67taEEHts6BWNYy/N64FF1Qw4TN//Bm55ppr5A9/+IOM/fa3zbwOAAAAAAAAAADQRMEBhg8+kDOnT8tVf3SVzO+ar61kUCsUjh09Kkfee0/be+Htt96SiY8+ks9ed51cfsUVMm/ePFm4YKF27ve//30zryOUqalzNdfx/lun5eArJ8peR984VYceVlKQtb29cn3vchkabXBTrmYzpTZVuxkZaWKzMpqTZa24XgAAAAAAAABAKIEBhqmpKW1lgtqsec6cOdrrz/70z+SyBQvkwG8PaCsU1J9XXX21fPYzn9VWN6jyqpz2/nNTTbuIMA4fPiz9A/3y6muvxq7j5LEpLZigggze17uvfSzje0/WsccAAAAAAAAAAMxcgXswXHrZZVpw4eOPP9Y2cFZUGqRkIin/+I/75ecf/FymSsfVngyXXHKJ/HZMT4l0+vRpbQXDpZdc2pwrCGnP3r0ydvCgrLn/Adn0zNOy9Palkes4c6LyCoj39nyivYJccd08WTxwuXRcFLnp9pPMyo6xbKt7AQAAAAAAAAAIELiCYdGiRbJg4UJtj4UTH5/QjnXMmSM3/emfasfffecd+VSpzB9/5jPWhs8fHP9A3v/D+3LZZZfJdddf35QLCOtLd98tjz36qExOTmpBhlpWMsT14TuTMjE+2fR2AQAAAAAAAACot8AAw9y5c2XxjYvld0eOyPjhw9peC2+++d/kn998U1vRoFY3qE2eDxSL8s//8s9yYmJC+/nD48fl2u5r5dprr23mdYRyz+rV8thjrQ0ynD87XbmAtfeA/VpbqFDe2iPBfi3LFZ0FjL0b3PUUc8v18v05cZa2jsfcd8H9fuOVcV6A3R/Vz8D24uzBUG3sIoxVWd/Ma3DV4RyfWt4btn9FGeoPMXae/oT6HAEAAAAAAABARIEBBuW/+9zntD0W3n//fTl+/LiMvv227Nu3V/5Q+l1t6Hz0d7+T11/fJ789cEA++OADbWPnaz79ablx8WItADETfXn1PS0PMgTRJow9E/5Vy2fKZ42DjlczkvGZcI9Yz2jRp/eFjKdenepnWXsRrt9bV6WxizxWWz19VtfQ7y0b0N8Y7625f657pYILTd6UGwAAAAAAAEDbqRhgUKmObr99qXzms5/VNm9edM012u//8S//F7n3r74i/+E//qX2u0qVpM4nkklZsuRmufLKK5vV/1hUkGHlihXaCozM19fJxMREq7skalJ4yJww1vYfGJND6rUtKwm/4qM5+ZpZPpXXy5ZeO7JG6UIu/JP/Rn1D5vy0Vd92GUxGu4p0fszqi/bKp7Tjxa2F8ol4x3Va/R4tyEiUfmuqjF2MsSpKyqgnL2nzWKnM4Db9vcMp4+BoUbzdjfzeOP0bTcjwmKe+QkEPKlh9SlllXOUAAAAAAAAAoA4qBhg6Ojqku7tb7rhjufz3S5bI8Q8+kFdf/YW88sr/Kz//+c9kx46far+rtEi33Hqr/Lt/9z9pqZHMPRlmqh+88EN5ecsW6erqkvz3N8rChQtb3SV7clgSMrjREVRIZmXQb2L4QNGYsC+VX2cXSGSzxqR2UUa2RlgL4Fufu24x6jXT9Fgv51P83jRFFVZApNfZ1+nsd/GAX+kK7VYbuxhjlRhIGfWkJGW+JZmStBFwSaeCZ+sjvzdO/6xzPvUlE6I35U7bBAAAAAAAAAD1VDWPkQoWfPrTn9ZWKtz0JzfJ4cOH5aOJj+TcuXNy8cUXy429N0pPT4+2iuHSSy+dFcGFhx9+REvxtOmZp2Vp6brq7bmd35Pdb+/0PTdwcEC+/d0NdW/TTzKhprmbOLGsggvapL96ct54et86Vu295SsBmqnpYxVRtP7p4y+ONElaOirZbq+KAAAAAAAAAIAahdooQaU/Uk/5q5faX2G2akZwQVHBhdseekAuvnyB6/ipj07Izu8/W/rJJ8CwOCH6FHJRhjYWZNBILaTy96+VfHl6m4DyxVzOepo/4blVI4VCqZ6U+K5ucNSnzg0m9d9U3W4JLdXPoM91W2mQrCfoS21uDA4uqHODKX3FgV2uvN/V2q06djHGqqka0j89PdKw2HtdaPcnG5ByCwAAAAAAAAAimpk7MTfAjzdvbkpwwbTwmkVy6ZVXuI7NnX9x8BuSWXkiW9BT2RQycn2vfSqd9y8/mMrJWjX/7ymvSWWN/RP0ND0jnnKJpOeJeC2Fj57rX9tYOBf2Sm0J8yl7LU1SiAr8ypn9jrKcodrYhR6rFql3/wJWjdipmwAAAAAAAACgdhX3YLiQ9PX1yY29vU0JLsSVyG63NkW2OfL4e2gbKpeVLz+ezrs3a1btPDFQ1roMbvNs6pzKR0up4y2vNiz26Z/dj3xZe5XKV1Jt7MKOVas0un9qfEiPBAAAAAAAAKCeOs6dn55uSkvT2n8tNTV1Tjo74+8RcfLYlLz5o+NVy615cqUM5B4pW8HwyfEP5WfrH5fdu3bF7sPspzYe1vcGYNIbAAAAAAAAAGavtkmRpNQSXFAuWdQpN3xhgZwYP1u5na7ghSEdnR019QEAAAAAAAAAgJmgrQIM9XD1TfO1VyVzL5sjE0ePydnTp1zH1SbPAAAAAAAAAABcCAgwNMDAHf2y9ennAs8BAAAAAAAAADDbtdUeDAAAAAAAAAAAoD6CNwsAAAAAAAAAAAAIQIABAAAAAAAAAABERoABAAAAAAAAAABERoABAAAAAAAAAABERoABAAAAAAAAAABERoABAAAAAAAAAABE1jk93eouAAAAAAAAAACA2YYVDAAAAAAAAAAAIDICDAAAAAAAAAAAIDICDAAAAAAAAAAAIDICDAAAAAAAAAAAIDICDAAAAAAAAAAAIDICDAAAAAAAAAAAIDICDAAAAAAAAAAAIDICDAAAAAAAAAAAIDICDAAAAAAAAAAAIDICDAAAAAAAAAAAIDICDAAAAAAAAAAAILK2CjBMTZ2ruY733zotB185UfY6+sapOvSwkoKs7e2V63uXy9Bog5tyNZsptanazchIE5uFYt5z/bW2EOItozlZ1orPicbu77JcsdmNB2vpmETQsL9rRRnqr/b5CVMGAAAAAAAAcIsZYNgvw/c9KPeq14YtMi5H5MUND8pDLx2pb+/q6PDhw9I/0C+vvvZq7DpOHpvSggkqyOB9vfvaxzK+92Qde4z2piZ8CeqgBp7AykjGL/ijBxa8ZQg0AAAAAAAAIIwYAQYVTNgk8tUn5flvpqVHO9Ytd92fFnlpi+ypcwfrZc/evTJ28KCsuf+B2EGGMycqr4B4b88nsnf494Gv4paPZLr2RRRoB6MFGTGetk/nx+TQ2JgMp0K8L5mVHWOq/HYZTDa0h61lPu3fn5OqayXaZUxcijK0zhgb4/p3ZBP6mVzGWskxkjFXdaRk2PEZG8kQ3AIAAAAAAEB1sQIM4+NL5NZb6t+ZRvrS3XfLY48+KpOTkzUFGWrx4TuTMjE+2fR2MQsdKBoT5wlJLG5xX2agYnEGpWCakUqfHzNAtS4rKrSQyGYlbZ47oP4sSMFYqZDO57Vz5p/OcwAAAAAAAECQGAEGFVzYL8NP7Xcd3fPyiIzfcrP01aljjXDP6tXy2GOtDTKcPztduYCV1iRk7n0rb7v9cqdAsfPiO+sp5pb7PgFuHa8lF3y1a6jaZzNti368cp/c+xTYbYW9bve+Aa62MgWf/vqMifd6XGPq7Ee4fTS0NDVm29ZYONqt1F7AfgNm6huz/Ih1nWa9UcY8HP867Hbsa/Rel9l3v3urv9/6vJjXq41BwFjv8E8V5Bojx2c29P4Rkf7uld/70GMc6/OVkpSxGmHUDMaMFkVv2ghalcqPOH83fzZWeYwQYQAAAAAAAEAVsfZg6Pvqk7JWNsm9G0ZkfHxEHrrvQRmWNfL8V5fUu3919+XV97Q8yBBEm3AMk/LFWd47SVvheDVq4rVsgjRiPdWuIXKft2Yq9ElNqNYxlYu3rULp935vv0ptOq7Pt99qstpnDOqRdiZKe3a7ngBPqfzaSpPoFcc8pMA6EpIeSBiHCq7xsCa0U1kZTNZ2byuNdTpvpkoqytBGvc2Rjcb4pfJWKqFKon6Ovf0J+3etls+XuRrBG1Szr99kBxVYMQMAAAAAAIAoYm7yrAcZnn/W8ZoFwQWTCjKsXLFCzpw5I5mvr5OJiYlWd0nUBOOQOeFo5Ywvvbbp6U3KjObka2b5VF4v68izLoVcxafk/eobMucxrfqi5qyvcg0x+lwcTWi54V17EJgT09YT2SmrTOi9CnwUS/XofTbTxIiWZmZwm6deq137es19Eqwxc46nKeReAFpdebOxhNG+6lPE9kRi3deKYx6SXYejLaMOO1WPIw2P1c/S9a5LVbi3+nhYnxlzTL1/T5xjfZ23d6U6NhrlCxlZmzPbLrWVD/HhifN3z9kfCXtPGvP5Mlc0kGYKAAAAAAAAtYoRYNgvw2rFwr76d6ZZfvDCD+XlLVukq6tL8t/fKAsXLmx1l1zpSqzJTyWZlUG/OU9Hjn5tQtbgzLM+sjXCBKJvfe66xajXSnHjTdlS7Rpi9Nk+J5JOefqSTIg+j+pOcxRXYiBl9NlOLyPJlKSTAe07Jt390u6MeiZwzVz4ugrjGCRie5rQ99VWccxD9tuuw7FiwWKPr7lqobi1YKwgyOqT4zXeW/dY+yh9Jp8wAgIjOfPJfjuwVPE6Y3yOXf0Je09q+nzZK0AS2e2uQJ9a0aBWtCQS1VdqAAAAAAAAAJV0Rn9Lt/T0dKs/ZiUVXHj44Udk3rx5sumZp2Xp7Uvr3sZzO78nu9/e6Xtu4OCAfPu7G+repp+kNoE4u55SjtZn9XR7XsSRSkdNni6T7bIj26AOXiBa/fS6mgwfKuSkaEyiF8wn9a2ARqV7O/Mnxlv+d88KTqRk0LHaYzCV04ILKrBjr/QxNoQ20kbpG0ATgAAAAAAAAEB1MVYwdMtdK7tl8zNbZLz+/WmoZgQXFBVcuO2hB+SL3/mG66WO7dz1U/83LU4YTx/beeE1KoWLX+qbgPLFXM5n41advWmrz+oGR332OU9fjHrNlEGHvCmQql1DjD5XZ6fQMSeerafhw1x3LazrcaawGStPmeOrwjjWsz3f++pIZRVZjH77sVaGlPrSb9z/stU61e+tnUopIivNUULSKWMlg2sPg+if89Cf47B/12r6fFm90oMH5s8HHKdSqfIVF6MFGRnVr6F85QkAAAAAAADgFmMFw34Zfmq/9tND93mzsi+Rtc+ukb7a+1V3P968uSnBBdPCaxbJpVde4To2d/7FwW/QUrYU9DQwhYxc32ufSuf9y5tPI3vLa8xUM0Y6mhFPuUTS84S1NuGr547XNoXNhb3SCNcQus8hBWx2q6c6SoS77lo4nwjP9Lr3KFD58ONMvNe7vXrc14bQUwINZQpSHDVWLzhT/FS8t+oH8z7qKZTWatcfdrSLMrTO3NQ5K8P50qelX6Ue0jdaTlfbh6HWz3HYe1LL50sLHqhVDHqqpyHPaXOliPl3pKwfUf8uAgAAAAAAoC3FWMGgggieDZ6t18wMLih9fX1yY29vU4ILcWm50ssmNx37AXi4NwMOPp7Ouzd9Ve08MVDWugxu82wOm8pHTkdT7RrC9jku1b7Z53DXXRvV78orB1rdXn3ua0NYT9BrvwR+zk3Oe6uuId5m3mrC3dzHwNzU2bH/QSETaq+H2j7H4e9J/M+XnmIq7XNG1Tls/X302RBaBS/q8HcRAAAAAAAAF76OqXPT063uRLNMTZ2Tzs6LYr//5LEpefNHx6uWW/PkShnIPVK2guGT4x/Kz9Y/Lrt37YrdB6Ae1BPx2hP4jVhpEZp7I+IZEfQAAAAAAAAAEFq8FEn3bZI9vudmbookpZbggnLJok654QsL5MT42crtdAUvDOno7KipD0BUI5nlUlzneFLdsa+HlXKoBew9CxwbEQMAAAAAAACYNWIEGPQUSWs9R/c89aDsvWXmBhfq5eqb5muvSuZeNkcmjh6Ts6dPuY6f+uhEI7sGBPDPw9+qiX1r9YQhkc36pvIBAAAAAAAAMLPFCDD461uZlhef2SLjt6yQnnpVOksN3NEvW59+LvAc0EzJhM/G1ql8Xfa8qBWpkQAAAAAAAIDZq357MIxvkYc2HJG7ZnCKJAAAAAAAAAAAUB/BmwVENP76fhnv6W771QsAAAAAAAAAALSDOm7yrPZmID0SAAAAAAAAAADtoH4pkgAAAAAAAAAAQNuIkSIpYAXDvk1y74YtMl6PXgEAAAAAAAAAgBmtbnswSHe39IwfIcAAAAAAAAAAAEAbiJAiKWjvBVvPqvXy+KruunQMAAAAAAAAAADMXDH2YFCBhtfl1mfXSF9j+gQAAAAAAAAAAGY4NnkGAAAAAAAAAACR1W8PBgAAAAAAAAAA0DZiBBiOyIsbHpThfe6j4y99S+59an99egUAAAAAAAAAAGa0WAGG8fElcust7qM9q1ZI377XK24CDQAAAAAAAAAALgwxAgzd0tNzRN4b9xwef0+8hwAAAAAAAAAAwIUpVoDh1ptFNm/Y5FitcERefGZERK1iqGPnAAAAAAAAAADAzNQxdW56OtY7921y77lwyxp5/qtL6tQtAAAAAAAAAAAwk8UPMAAAAAAAAAAAgLYVI0USAAAAAAAAAABod53R37Jfhu9z7r/gtETWPruGfRgAAAAAAAAAALjA1S1F0p6nHpS9tzwpa2+pR20AAAAAAAAAAGAmq1uKpL6VaRl/eYuM16vCBpiaOldzHe+/dVoOvnKi7HX0jVN16GElBVnb2yvX9y6XodEGN+VqNlNqU7WbkZEmNgvFvOf6a20hxFtGc7KsFZ+TRmrYZ7AoQ/3VxjVMGQAAAAAAAKA91XcPhvEjMzbAcPjwYekf6JdXX3s1dh0nj01pwQQVZPC+3n3tYxnfe7KOPUZ7UxPbBHUawhOEGcnoAZxluaKjkB5Y8JYh0AAAAAAAAADYYuzB4G/89f0y3rNEeupVYZ3t2btXxg4elDX3PyCbnnlalt6+NHIdZ05UXgHx3p5PtFeQK66bJ4sHLpeOiyI3jXYzWpARYwVCOj8mw6mQ70tmZcdYtmHdmv2KMrQuJ1ooQY3VttJY5ZZrwYViLiNDA9tlMKkCCuYKkJQMj+VFMnpwYSSTkVTp93RrLwIAAAAAAACYEeq4ybPa4HnFjA0wfOnuu+X06dPydw8/XFOQoRYfvjMpE+OTcvln5zW1XcxCB4r6JLgkJLG4xX25oJTG1QzcrMuWRrckm5V0Tq0WKZ07UPo9WZCCsVIhnTeCCaU/C1qKJv1cOmzABwAAAAAAALiAxUiRpAIJT8rzZa810lf//tXVPatXy2OPPSqTk5NakKGWdElxnT9bZU9tK31LyNz7Vn56++VO9WLn8XfWU8wt18v3G09ze4/XkvO+2jVU7bOZnqbXeLK8Up/c+xTYbYW9brtcWVuZgk9/fcbEez2uMXX2I9w+Glo6HrNtaywc7VZqL2APBjPFj1l+xLpOs94oY15FpM9k+ZiEbjvWuKckZQQHRotF8wfRmzaCOaXyI87fzZ+TxlgWyJMEAAAAAAAAKDECDGoFw4MyvK/+nWmGL6++p+VBhiDaxKpnwr9q+Uz5ZGfQ8WrUJHTZRHDEeqpdQ+Q+b81U6JOaOK7jPgXetgql3/u9/Sq16bg+336rSX6fMVDpdWrta5T27HY9AZ5S+bW5Cp+yimMeo38VjnvHJOxnsJZxN1cleINN6byeHslmBxVYSQIAAAAAAACUixFg6JaentKru/6daRYVZFi5YoWcOXNGMl9fJxMTE63ukqiJ1CFzYlXLoz8mh9Rrm5HGxWs0J18zy6fyetnSa0fWKF3IVXxK3q++IXO+1qrPO+Fa4zXE6HNxNCHDRjlrHwLzCXPryfOUVcZVLqJiqR69z3aOfZVOZ3Cbp16rXft61T4JrjFzjqfJGpPK46rVlTcbSxjtqz5FbE8k1n2tOOaVxPlMOsdEwva1MeNurmgoFsOG+AAAAAAAAID2FivAcNfKbtn8zBYZr39/muIHL/xQXt6yRbq6uiT//Y2ycOHCVnfJlZZlcKMjqJDMyqDfhLkjR//gOrtAQuWT134qysjWCBOlvvW56xajXjOVTllqmmrXEKPP9jmV997Tl2RC9Plid5qjuBIDKaPPdhodSaYknQxo3zHpbqcgslP9jHomqq2c/5oK4xgkYnua0PfVVnHMK/U7xv11jUnYvtY07vaql0R2uysAplY0qJUeiYRvSA8AAAAAAACAR7xNnp/ar/300H3eZ5rV/gwzey8GFVx4+OFHZN68eQ3b6Pm5nd+T3W/v9D03cHBAvv3dDXVv009SmyidXU9jR+uzWrmQF3GkSVKTxMtku+zINqiDF4hWPaXf8s+kFZxIyaC5skILgOW04ILaX8FeAWNsCJ00fj6gHyUAAQAAAAAAAOhiBBj0TZ7X1r8vDdeM4IKiggu3PfSAXHz5AtfxUx+dkJ3ff7b0k0+AYXFCf4paPSG+sSCDZoqcQqY01vnytD8B5Yu5nM8GtTp98jQlvqsbHPWpc4NJ/TdVt5uesmfQ78KrXUOMPlenp0caFiO4oDYo3lqQYtaeBK543bWwrkdP1eOfmimovQrjWEt73hREvvfVkcoqsuj3P/T9DfsZrGnc7fN+wQNN6bOi0lGNOPsxWvp9VL+G9AABBgAAAAAAAECJucnzJtnjPbxvk9y7YeamTfrx5s1NCS6YFl6zSK7o7na91LFAyaw8YeWqz9jpZ4I213WmTnKUt1IEpbJGvnlHuh+r3HIZ8e7s4EgFZG1+60g7E0q1awjd55DUpr6OVD1mPXqqo5DXXQvH9dipekKmO2pWe773tY4bYwf0L9b9DfsZrGXcteCB1oIj1ZPdhp4Syv7seDeCjvwZBQAAAAAAAC5gMQIMAbq7pWf8yIwNMPT19cmNvb1NCS7EpeWEz3sfx3ZMlHu4NwMOPp7Ouze3Ve08MVDWugxu82yCm8rbG/SGVO0awvY5LtW+2edw110b1W/fMTKesq+36O3V575G6V/8+xu+r/HHXU+rlfY541wN4f3saNRm0XX4jAIAAAAAAAAXio6pc9PT4YoGrFxw6Fm1Xh5f1V2XjjXC1NQ56ey8KPb7Tx6bkjd/dLxquTVPrpSB3CNy6ZVXuI5/cvxD+dn6x2X3rl2x+wDUg3ryX+05oE2ab8s2JBgCAAAAAAAA4MIWYQ8Gc+8FFWh4XW6d4Zs5+6kluKBcsqhTbvjCAjkxfrZyO13BC0M6Ojtq6gMQ1UhmuRTXOZ7IV3tiGFmr9HRSAAAAAAAAABBdzE2el9S/J7PE1TfN116VzL1sjkwcPSZnT59yHVebPAPNp+83MFR2PCWDDUqVBAAAAAAAAODCFyPAgGoG7uiXrU8/F3gOaKZkQgURPFsfp/J12fMCAAAAAAAAQPsKvQfDnqcelOEjaXn8myukxzrq3JdBrWyYfWmTAAAAAAAAAABAdMGbBbjsl737uuXu+53BBRV02CTjq9bL888+KY+vOiLDT+1vSCcBAAAAAAAAAMDMEjLAoHTLtc7owr5NMrxvidy1qlv7tefmJdKz73VjNQMAAAAAAAAAALiQhQwwdEtPzxF5b9w+smfffulZtcJOidRzrWt1AwAAAAAAAAAAuHCFDjDcerPInteP6L96Vi/ox16XPT3dBBkAAAAAAAAAAGgDnWEL9qxaI30bviX3vqR+65a7v7nesaHzfm3/hZ5V6wkwAAAAAAAAAADQBjqmzk1Pt7oTAAAAAAAAAABgdomwyTMAAAAAAAAAAICOAAMAAAAAAAAAAIiMAAMAAAAAAAAAAIiMAAMAAAAAAAAAAIgsRoDhiLy44UF56KUjrqPjL31L7t2wRcbr1DEAAAAAAAAAADBzsYIBAAAAAAAAAABE1jF1bnq61Z0AAAAAAAAAAACzS0NWMPzyV7vlrbeLjagaAAAAAAAAAADMACEDDPtl+L7yfReCvLbr1/Ivb4/W0C0AAAAAAAAAADCTRVjBsET6ZJPce9+35EV2cgYAAAAAAAAAoK1FSpF07ar18vyza0SeeVDuvW+T7GlUrwAAAAAAAAAAwIwWYw+Gbrnrm0/K88/eLHvve5AVDQAAAAAAAAAAtKEaNnleImuffdKxomHmr2qYmjpXcx3vv3VaDr5youx19I1TdehhJQVZ29sr1/cul6Fmbm9RyJTaVO1mZKSJzaIBGnYvizLU3ytrC7WWAQAAAAAAADCbdNZehb6i4S7HkVdqr7TuDh8+LH/1la/I+vWPyNLbl8aq4+SxKS2Y4Ostkakz09Jz6yU19BKYRUZzsqw/J0Xz90yvFrhIZLfLjmzCOKgCC46gmFEmnR+T4VSzOwwAAAAAAACgnmpYwTC77Nm7V8YOHpQ19z8gr772aqw6zpyovALivT2fyN7h3we+ils+kunaF1EAM0BRhtYZwYVkVnaMjVlBhWIuYwUURjJmcCElw2N2UGEkw4oYAAAAAAAAYLYLGWBQ6ZDWSF/ISv/z//G/yd2r0rE71QhfuvtueezRR2VycrKmIEMtPnxnUibGJ5veLlB/RSkaQYT0uqyo0EIim5W0ee6A+rMgBSMlUjqf186ZfzrPAQAAAAAAAJid2mYFg3LP6tXy2GOtDTKcPztduYBKO6PlybdfFfPWW3n17deyXNFZwNi7wV1PMbdcL+9MceM8Xkuu/mrXULXPer5+83jlPtnX524r7HXb5crayhR8+uszJt7rcY2psx8R99GIdG/L6w59L2P1PyUpYzXCaLFo/iB60wlJLFZvLRhtGr+bPyf1n0aIMAAAAAAAAACzWlsFGJQvr76n5UGGINqEsGfCv2r5TPkkbdDxakYyPhPYEeupdg2R+7w1U6FPasK7jql2vG0VSonBID4AACAASURBVL/3e/tVatNxfb799u5NYIiSFijqOHnrDnsva+m/uRrBG7RJ57fLYNL5Tjuo4A42AAAAAAAAAJjN2i7AoKggw8oVK+TMmTOS+fo6mZiYaHWXRE0AD5kTwkZO+0PqtU1PP1NmNCdfM8un8npZRx58KeTCPSXvqG/InGe26vNOFNd4DTH6XBxNaLn7Dzny91tPxltPzKesMq5yERVL9eh9NtP4iJYGaHCbp16rXft61abFrjFzjqfJGpMq4xrn3jrrlrD3sjH9N1c0FIthQ2UAAAAAAAAAZqO2DDD84IUfystbtkhXV5fkv79RFi5c2OouudLJDG50BBWSWRn0mzA/UDSeMC+VX2cXcObBH9kaYYLXtz533WLUa6YvKkupU+0aYvTZPieSTnn6kkyIPs/tTnMUV2IgZfTZTv8jyZSkkwHtW9errxi43pOiaNQzwW7uVaCrMI4xxslVd9h7WVP/7dUjiex2VyBJrWhQaakSCd/QGAAAAAAAAIALRGerO9BsKrjw8MOPyLx582TTM0/L0tuX1r2N53Z+T3a/vdP33MDBAfn2dzfUvU0/SW2Cd3Y9RR6tz2rlQl7EkSZJTW4vk+2yI9ugDs4QLb+3VnAiJYPmygotkJTTggtqfwV7JYmxIXTS+PmAfpQABAAAAAAAADC7tdUKhmYEFxQVXLjtoQfki9/5huulju3c9VP/Ny1OGE+HF2VooyM3TSHjv8lzQPliLuezsa7O3lTXZ3WDoz77nKcvRr1myqBD3hRI1a4hRp+rs9MjmSmEilsLrqn3itddC+t6nCmGxspTGvmKPo6hxynsvayp/1av9OCB+fMBx6lUqnzFxWhBRkb1a0gPEGAAAAAAAAAAZrOqKxjmjP/v0nH8BZFzIfYpmDNfzn9qUKY/tU7kosvr0b+6+fHmzU0JLpgWXrNILr3yCtexufMvDn5DMitPZAt6ip9CRq7vtU+l8/7lzafFveU1qayRJ19P9zPiKZdIep6A11IB6bn9tU17c2GvNMI1hO5zSAGbEeupjhLhrrsWzif2M73uDZzVfgVB+2dEqDfWOIW9l7X0XwseqFUMeqqnIc9pM52UeQ/K+hH1XgMAAAAAAACYcaqvYDhzUOT8GZm+4i9Lr38v0nlF6feT/q+pD6Tj7O9Ezn3chK5H09fXJzf29jYluBCXlss+793zwLEfgIf21HlZ+fLj6bx7U17VzhMDZa3L4DbP5r2pfMin2N11V7qGsH2OS7Vv9jncdddG9dt3jByrA+LWG3+cwt/L+P3X01Olfc6oOoet++2zIbQKXtThXgMAAAAAAABorY6pc9PTlQrMGbtT5KIrZHrRN2S663qZ8+4D0nH8/ymdOedbfvrqB+X8p/9OZG5PI/pbk6mpc9LZeVHs9588NiVv/uh41XJrnlwpA7lHylYwfHL8Q/nZ+sdl965dsfsAAAAAAAAAAMBMEG6T57PviJz/RGTyd9oqhdIvje1Vg9QSXFAuWdQpN3xhgZwYP1u5na7ghSEdnR019QEAAAAAAAAAgJkgRIBhjnR8skc6Dv7PpZ+njQBDpUUPHcbrwnT1TfO1VyVzL5sjE0ePydnTp1zHT310opFdAwAAAAAAAACgaaoGGKY/9YDIxZ/TVzBUDCyUzLlYphd8sVTrp+rUvdlp4I5+2fr0c4HnAAAAAAAAAACY7aruwSBn35OO0wdKP5wMUdslMj1vsci8a+vTOwAAAAAAAAAAMCNVXcEw5+j/KR0TBZHzZ6rX1jFHzl91n0xfvbZU8x/Vo38AAAAAAAAAAGAGqr4Hw+S/ikyflemrviLTHXNlzvEfiJx+O7B4x9nfyfT06Xr2EQAAAAAAAAAAzDAhNnk+L9OX3S7Tl39Jpud9VqZPvWmkTDoXUH5aqu7VAAAAAAAAAAAAZrUQAYaSM/8iMvm2dJz9V5Gz74oKOgAAAAAAAAAAgPZVPcDQ0SUdp0al473/rH4ROfs7qbhCoWNu6RUubgEAAAAAAAAAAGanjqlz0xXzGXV8slvk9JsiYfZV6JgnMn+JTF/yb/VAAwAAAAAAAAAAuCBVDTDI9GTpdUbkfNCeC87a5pRe80XmzKtT9wAAAAAAAAAAwExUPcAAAAAAAAAAAADgMafVHQAAAAAAAAAAALMPAQYAAAAAAAAAABAZAQYAAAAAAAAAABAZAQYAAAAAAAAAABAZAQYAAAAAAAAAABAZAQYAAAAAAAAAABAZAQYAAAAAAAAAABAZAQYAAAAAAAAAABAZAQYAAAAAAAAAABAZAQYAAAAAAAAAABBZWwUYpqbO1VzH+2+dloOvnCh7HX3jVB16WElB1vb2yvW9y2VotMFNuZrNlNpU7WZkpInNYiZq0WfQ1YVGfR6LMtTfK2sLtZYBAAAAAAAA2kfbBBgOHz4s/QP98uprr8au4+SxKS2YoIIM3te7r30s43tP1rHHABpuNCfLHEGTkUyvFsBYlis6CumBBW8ZAg0AAAAAAABod20TYNizd6+MHTwoa+5/IHaQ4cyJyisg3tvziewd/n3gq7jlI5mufREFgLooytC6nGihhGRWdoyNyY5sQj+Ty1irNEYy5oqNlAyXygynzOOs6gEAAAAAAEB7a5sAw5fuvlsee/RRmZycrCnIUIsP35mUifHJprcLwE9RikYQIb0uKyq0kMhmJW2eO6D+LEjBWKmQzue1c+afznMAAAAAAABAO2qbAINyz+rV8thjrQ0ynD87XbmAlbLFflVMxWLlpLdf7vQuZt58dz3F3HK9fL/xBLf3eC157qtdQ9U+mylp9OOV+2Rfn7utsNdtlytrK1Pw6a/PmHivxzWmzn747GEwq8Yqhkifz/LxCf15jHUPUpIyViOMFovmD6I3nZDEYvXWgtGm8bv5c1L/aYQIAwAAAAAAANpYWwUYlC+vvqflQYYg2mRqhMlcrXymfIIz6Hg1Krd82eRvxHqqXUPkPm/NVOiTmiyuY5oab1uF0u/93n6V2nRcn2+/VdDAZwy8KXVm9ViFELX/3vEJ+3ms5R6YqxG8wZR0frsMJp3vtIMK7mADAAAAAAAA0L7aLsCgqCDDyhUr5MyZM5L5+jqZmJhodZdETZ4OmZOpRj74Q+q1TU/dUmY0J18zy6fyellHDnkp5Oyn5MMo1TdkztFa9XknWWu8hhh9Lo4mtLz3hxy5762nyq2nzVNWGVe5iIqlevQ+mylwREuhM7jNU6/Vrn296fyYe8yc42myxkSVmd1jVVWcz6dzfCTs57GWe1Ch+8aKhmIx9toNAAAAAAAA4ILXlgGGH7zwQ3l5yxbp6uqS/Pc3ysKFC1vdJVcqlsGNjqBCMiuDfpPAB4rG09ml8uvsAs4c8iNbI0yO+tbnrluMes2UPGXpaKpdQ4w+2+dE0ilPX5IJ0eeI3WmO4koMpIw+26lzJJmSdDKgfet69aftr/ek9xn1TE6bef7d752dYyVGHwI/CzH67xqfsJ/HWu6BY1VHIrvdFeBRKxpUuqhEwje8BwAAAAAAAKCks9UdaDYVXHj44Udk3rx5sumZp2Xp7Uvr3sZzO78nu9/e6Xtu4OCAfPu7G+repp+kNjk6u57AjtZn9TR+XsSR+kdNDC+T7bIj26AOziCzfaxa/vm0ghMpGTRXVmgBnpwWXFD7K9grPIwNoZPGzwf0owQgAAAAAAAA0M7aagVDM4ILigou3PbQA/LF73zD9VLHdu76qf+bFieMJ6uLMrTRkdelkPHf5DmgfDGX89mUVmdvSOuzusFRn33O0xejXjNl0CFvWp9q1xCjz9XZKX/M9DvFrQXXtHXF666FdT3O9Dxj5emAKr53No9V9M9C6P6H/TzWcg/sXunBA/PnA45TqVT5iovRgoyM6teQHiDAAAAAAAAAgPbVNisYfrx5c1OCC6aF1yySS6+8wnVs7vyLg9+QzMoT2YKetqaQket77VPpvH9580lrb3lNKmvkmNfT/Yx4yiWSnqfHtVRAel58bcPbXNgrjXANofscUsBGvnqqo0S4666F82n3TK97A2WV6z9o/wzj/AU9VrX2P+znsZZ7oAUP1CoGPdXTkOe0mWbKHJuyfkS9BwAAAAAAAMAFpm1WMPT19cmNvb1NCS7EpeWBz3v3PHDsB+ChPbFdVr78eDrv3tBWtfPEQFnrMrjNs/FtKh/yCXB33ZWuIWyf41Ltm30Od921Uf32HSPHk/VBLvSxqq3/4T+P8e+BnjYq7XNG1Tls3QefDaFV8KIO9wAAAAAAAACYzTqmzk1Pt7oTzTI1dU46Oy+K/f6Tx6bkzR8dr1puzZMrZSD3SNkKhk+Ofyg/W/+47N61K3YfAAAAAAAAAACYCdomRZJSS3BBuWRRp9zwhQVyYvxs5Xa6gheGdHR21NQHAAAAAAAAAABmgrYKMNTD1TfN116VzL1sjkwcPSZnT59yHT/10YlGdg0AAAAAAAAAgKYhwNAAA3f0y9annws8BwAAAAAAAADAbNdWezAAAAAAAAAAAID6CN4sAAAAAAAAAAAAIAABBgAAAAAAAAAAEBkBBgAAAAAAAAAAEBkBBgAAAAAAAAAAEBkBBgAAAAAAAAAAEBkBBgAAAAAAAAAAEBkBBgAAAAAAAAAAEBkBBgAAAAAAAAAAEBkBBgAAAAAAAAAAEBkBBgAAAAAAAAAAEBkBBgAAAAAAAAAAEBkBBgAAAAAAAAAAEBkBBgAAAAAAAAAAEBkBBgAAAAAAAAAAEBkBBgAAAAAAAAAAEBkBBgAAAAAAAAAAEBkBBgAAAAAAAAAAEBkBBgAAAAAAAAAAEFlbBRimps7VXMf7b52Wg6+cKHsdfeNUHXpYSUHW9vbK9b3LZWi0wU25ms2U2lTtZmSkic3CvN+9sixXbHVnbA37PBRlqL9X1hZqLQMAAAAAAACgWdomwHD48GHpH+iXV197NXYdJ49NacEEFWTwvt597WMZ33uyjj0G2sBoTpY5AmcjGb+gih5Y8JYh0AAAAAAAAAC0VtsEGPbs3StjBw/KmvsfiB1kOHOi8gqI9/Z8InuHfx/4Km75SKZrX0QBXCCKMrQuJ1ooIZmVHWNjsiOb0M/kMtZKnZGMuWonJcOlMsMp8ziragAAAAAAAIBWapsAw5fuvlsee/RRmZycrCnIUIsP35mUifHJprcLzExFKRpBhPS6rKjQQiKblbR57oD6syAFY6VCOp/Xzpl/Os8BAAAAAAAAaL62CTAo96xeLY891togw/mz05ULWClj7FfFVDBWTnz75U4vY+fyd9ZTzC3Xy/cbT5B7j9eSZ7/aNVTts5kSRz9euU/29bnbCnvd7r0OXG1lCj799RkT7/W4xtTZD8c+Gs+Wj0FZu5XaCSpTrW8VPx/l+3yE/jzEGYPRlKSM1QijxaL5g+hNJySxWL21YLRp/G7+nNR/GiHCAAAAAAAAALRMWwUYlC+vvqflQYYg2mSuZ8K/anmfieag49Wo3PZlk88R66l2DZH7vDVToU9qsrqOaXK8bRVKv/d7+1Vq03F9vv1WARafMagtpY/julN5OZRPVX1H1LH29i/s56GWMTBXI3gDP+n8dhlMOt9pBxXcwQYAAAAAAAAArdJ2AQZFBRlWrlghZ86ckczX18nExESruyRq8nbInMw18tEfUq9teuqYMqM5+ZpZXk04G+XNHPZSyFlPoYdSqm/InCO26vNO8tZ4DTH6XBxNaHn3Dzly71tPtVtPu6esMq5yERVL9eh9NlPwiJbCZ3Cbp16rXft60/kx95g5x9NkjUmpzH329TvbU5Png+vKL8CamFd1hAguxPp8OPsnYT8PNYxBhc+WuaKhWAwbbgMAAAAAAADQbG0ZYPjBCz+Ul7dska6uLsl/f6MsXLiw1V1ypYIZ3OgIKiSzMug3n3ygaDwd7p6QduawH9kaYXLWtz6/yW47fVFZOpxq1xCjz/Y5kXTK05dkQvQ5aneao7gSAymjz3bqHkmmJJ0MaN+6Xv1p/+s96YVGPZPj5j4DnkocqzBUoMRn4n1rxkjz5BnXSvcixli7+hf281DTGNjXnshudwWj1IoGdc2JhG94DQAAAAAAAMAM0NnqDjSbCi48/PAjMm/ePNn0zNOy9PaldW/juZ3fk91v7/Q9N3BwQL793Q11b9NPUpucnV1PgEfrs5qQz4s40iSpiellsl12ZBvUwXpypRHSryXtU0yd10fF2Pg40qqSYC3/fFjBiZQMmisrtGBUTgsuqP0V7NUoxobQSePnA/pRAhAAAAAAAABA67TVCoZmBBcUFVy47aEH5Ivf+YbrpY7t3PVT/zctThhPdhdlaKMjr0wh47/Jc0D5Yi7nsymuzt4Q12d1g6M++5ynL0a9ZsqgQ94USNWuIUafq7PTI5npf4pbC65p84rXXQvrepzpgcbK0xH5UZsihwguKImBvDxh1DWSWe5IbRT9XoQe67Cfh1rGwO6VHjwwfz7gOJVKla+4GC3IyKh+DekBAgwAAAAAAABAq7RNgOHHmzc3JbhgWnjNIrmiu9v1UscCJbPWJLI2+WymvAnaZNmZOslR3koRlMoaqXYc6X6scstlxJusx5EKyNpwt3d5tH0cql1D6D6HpFYAONIDmfXoqY5CXnctHNdjpwfypCry5Z2ot1M8Bd3zRDZvjI1KixRis+haxzrs5yH2GIgreGCnerLb0FNS2ffRuxF05M8LAAAAAAAAgLpqmwBDX1+f3Njb25TgQlxaHvqyDXwdE+Ue2hPjPhv+eo+n8+68/qqdJwbKWpfBbZ78/6l8yCfQ3XVXuoawfY5LtW/2Odx110b123eMHE/214dz/wXnvg2V+xZ/rMN/HuKPQfDKDVXnsPWZ8dmXIuxm1wAAAAAAAAAapmPq3PR0qzvRLFNT56Sz86LY7z95bEre/NHxquXWPLlSBnKPyKVXXuE6/snxD+Vn6x+X3bt2xe4DAAAAAAAAAAAzQVtt8lxLcEG5ZFGn3PCFBXJi/GzldrqCF4Z0dHbU1AcAAAAAAAAAAGaCtgow1MPVN83XXpXMvWyOTBw9JmdPn3IdP/XRiUZ2DQAAAAAAAACApiHA0AADd/TL1qefCzwHAAAAAAAAAMBs11Z7MAAAAAAAAAAAgPoI3iwAAAAAAAAAAAAgAAEGAAAAAAAAAAAQGQEGAAAAAAAAAAAQGQEGAAAAAAAAAAAQGQEGAAAAAAAAAAAQGQEGAAAAAAAAAAAQGQEGAAAAAAAAAAAQGQEGAAAAAAAAAAAQGQEGAAAAAAAAAAAQGQEGAAAAAAAAAAAQGQEGAAAAAAAAAAAQGQEGAAAAAAAAAAAQGQEGAAAAAAAAAAAQGQEGAAAAAAAAAAAQGQEGAAAAAAAAAAAQGQEGAAAAAAAAAAAQGQEGAAAAAAAAAAAQGQEGAAAAAAAAAAAQWVsFGKamztVcx/tvnZaDr5woex1941QdelhJQdb29sr1vctlaLTBTbmazZTaVO1mZKSJzdbGHKteWZYrtrozs1xRhvp7ZW2h1jJifZaqlgMAAAAAAAAwK3S2ugPNcvjwYfmrr3xF1q9/RJbevjRWHSePTWnBBF9viUydmZaeWy+poZdAg6lJ/kyFGf5UXg7lU6IHDRzBrEyvFmBK58dkOGUWDlNGa1TWzqoAFQAAAAAAAIAw2ibAsGfvXhk7eFDW3P+AbHrm6VhBhjMnKq+AeG/PJ9oryBXXzZPFA5dLx0WRmwaaIp3SIwMjGTNwkJLhsbwWPFArD0YyGUmVfk+HLsOKBQAAAAAAAOBC1TYpkr50993y2KOPyuTkpBZkePW1V5vehw/fmZSJ8cmmtwtY1AqFsTHXa0c2oZ9LZmVQiy8UpGAEBdJ5PVBg/mmfC1PGZp8DAABoU/s2yb33PSgPvXSk1T25sDCujWWmzK20CjrgPS1PVxuxH8Xc8grl7TS8pH0FAMCtbQIMyj2rV8tjj7U2yHD+7HTlAqM5Web44lL1y4u1R4L9cn8hsr8IOesxvzxd358TZ2nreC37Lnj75GojbH+c5Xz2n6jYRpU+GV+O3dfqPhfyQl1fMsvuVehxsK/va3/lN/b6Hgdl/YtRf/n+HQUZMj4v6XVZ0UINpfJ62wlJLDbLlX5O6j+NqOhBmDKip0tSQQx3yiQAAIAo9svwfQ9qk8j261vy4nir+9UqfuPheG3YIm07NLORz7//7FeT99+bNcr/HdbQsdLuESlfAQAI0lYBBuXLq+9peZAhiDbhXW2i3FveZ0I86Hg1Kp1NWXAiYj2+basvZBGuq7xf7i9z0dtwXIe1x0DpLUWf0oVMyCdcKu8rEKWPzutLftmY5HeuAhgtyIj2ZTkhg+tSNdVf3s+cfs5aveBkBwzcgYSoZQAAAOLZ85SaNN8ke8rOHJHNG9o5yID2YD5oRKDBpP7N6v8gnGd/uBgS2e3uFd5mzVsL+r+xHKvBzQeogvsDAED7aLsAg6KCDCtXrJAzZ85I5uvrZGJiotVdEueT5Gqyd4eZwmabOeHsMZqTr5nlHV90rC9DhVy0L1el+obM+Wqrvu0ymKz4rsBrMJ9ct+pw1h+VNR6qruhtWBPsqp68PYtuv994GeesL5CVjBZFH161/8CY54tmxD46r29ZStJJs4miuz9J81wN9bvup8/qBdWeX+DFI0wZAACAmuzbJMP79B/7vvqkPP+s87VG+lrbu9brScvjz3rHpfT65grpaXXfEJ3z34DWy0wzqgca2j4tTyFjjUHZv+XGGpeS1fx3mblfna0oxQMNahQAgFmkLQMMP3jhh/Lyli3S1dUl+e9vlIULF7a6S66UM4MbHUEF3yfLSw4UjUlw+6l27bds1voSOrI1wiSwb33uusWo10rX403NY12D+SSH+2kb3xUDITgnvyO3sdX8EuoZV62wZzly2WqNCteaTIg+V28vz7VWPkTso+v6Sj+lB/TfzMCCWT4xkPKkMIpTv+PqzNULkhLnd+VEwjek5RKmDAAAQC327Nuv/amCC2tv8Z5dImufXS93MZOOC5rxMJPxIFSllcntwJmGtTwFqxqrqA/IAQCAeuhsdQeaTQUXHn74EZk3b55seuZpWXr70rq38dzO78nut3f6nhs4OCDf/u6GurfpJ6lNArf3k+bq6vVRMJ4uMb9wWumE1BdR42mXSKmc9PeJYzmsSlu0TLbLjhrn3rVAQq7UDy01UkKKRoDEDDzUhyMAlUoFPO1TGjMVtEgaPxtP57iDC2HKAAAANJHa9Pep/Y4D3XL3N/2CEWovA2/6JRW48KyOGN8iD20YkXG1YuCbN8veDd+SzSo1k/a7c7VAeX09q9bL46u6fTp5RF4066nYx/hUeim1AiSwD+Y4ea8jzPhVGJPV3SPyQqV2He81y5YHkcyxrND2LWvk+a8u8VQeYVxrvM7IY1aLVF6GU/reamoFcjrr/a7tl741IYPbyifctX+zqDp8JukrnfOWcfbtUD7ChmtqHznXg13+/aw/bwql8nbNa1OpklRmAO+1qoe79JXx/0n+k/wX+S9WXfpDZ2tFrPcCANBO2moFQzOCC4oKLtz20APyxe98w/VSx3bu+qn/mxYnjKfMS198Nro38vVdChtQ3n4qvTwf/oiV1N9ndYOjPvucpy9GvYPbPMtRzTROVh1+S1bLc1lW7E+QiG0kBvLyhHFsJGN/obTTDiWsmMPIRm9wocK1auz0SGa7Wr0R+1jGSoVUGpd1xv1MZe0vv7XWr1j7Ovgs9bUCDo774tgHQgt0hCkDAABQg75b9MnjPS+H37RY27PBNdGrqP0aHrTSLen8gguVjuv2PuWcvHZQE8w+7xt/aZPPPhHeSXCzj8HtxmGO3/jrr/uOn7VCZKU9UR5+/GzeMflctXZfHtGOq3b7zXu8z9Pm+HvGe4/I+BHPqdf36++/pVpwwex7+bjW4zprqSsOc1WyN52rtjdb4J4Efqu04yvfs0/0gEHIh7S01dcBq8bDpH8y/91S/u+2avz2Z1DH2ntFCAAA9dI2Kxh+vHlzU4ILpoXXLJJLr7zCdWzu/IuD35DMyhPZgv6FTX1J67VPpfP+5QdTOf2LmKe8xpqQ1tPfjHjKJZKe1Q3apLa+b4P2JTUX9kr9+2Q93eE4t0ObnA/Zn5racEtk8zK4VX2h1L9EJtSKBXN1h5YmKcbFBqx20FYflK4lah89tWgT9Kq/xVGffJ8xxsDL/oeJOz2SOI6pe1T2WfD5XAWXAQAAqMEta2TtLWqSdkQeum9E+738iXUHa88GzyoE4+lyFai46xbnigPvagUzuLBf9qqn6r1pmcZHZPN4wAoHc4LZ00cVYNjrraZ0bLO2f4LRF/Mp+VK7L750RPp8Vzz4GDfGxcNaDVC61rt79pf6XLqe8VJbrqfp9WtUT+LfZV5n5PELGpMjEdq9ufS+Ut37Xi+N+xKrDj2I0F167xEt+LDWCiYckb2vH9H6eKvn/oQe17pdZ8y64jIejCoae8Fp3/cd+/KVPTlvrhTQHlgLXpEQmqrHufrbaF/7N5HWj1TlB52sB+c8dRj9VEGDwVSVf8dYKzmMf8OFXD1RzGVkSNvjImuNm/5vuaAVITpt0+es/m8u1Xf3yo5vyqNW4MJzTQAAtJm2WcHQ19cnN/b2NiW4EJf2BabsC5LfBLBOe3rd5wuV93g67176qdp5YqCs9fKlqaUvbFGXd6q2fd/jeuo+TH9qa8PNuf+CsXzYe21Rl/b6teL4Uh+9j966so4vqOWfgVrrt/ZpcKzgcNfvs0y5bJPs6mUAAABqoSbLH3dMDN97n9/T4soRefFlddxnElgLVJT+1Ca8zYM+5dQxIzgw/p7nsXmNSntTvrm0+US+SgnkDYD0rFrjkyan1I4zvU7PCllrXKN/u3F1y603q3qPyOaX3WM2/tIW7an+nptvNvoRdfzsNsrHJLhd0QIJznbNQMERec+q2wgi3LJC7uq232OeG1flbrnZZ5PvMONaz+uMW1f9mE/y+6blcfz7PSk75gAAIABJREFUxl45XgufSXTHd3/vygo3c2W8Tx1a0EBcK6wrcf07SHtgLcwqjVK729z7HJqr3Isx9wkEAAC2tlnB8Mc9PbJt6zbp7Lwodh1dC+K/19RRLaSjvgiO+Z7Q0vEMhy7vpKf6GXQd05/GqF4u5VOuSmtZv7qj9ifgekO14fNe44kVl7I6UiHGskJ9tfYx0vna6ldfzCs/YeN3j+KUCdcfAACAINrE/So1Kf4teeilI0agwZu335h41lYhPBjwncNIt+OZ8LfqrdqRJXJrWbDgiOhz10vkrrArD3wmx3uu1SfkIynbA8KnyM1LpOelERl3rRAwVwF0S9/NZp9jjp/vmKh7tkL6XtrkWZlgT8g7x0qlOhret1/2lPp0V0+3Wr4ge8ZVCiX1Pv2ctaLECDaUp0eSkONaz+uM/5mrD3P/swrpSbW0pgUZOVC09qaLLWjfNrMN58oKv75qwQN7rwLfMs498yow/x1k7ZFgrIwP3DvCp+8J9isEAKBu2mYFg1JLcEG5ZFGn3PCFBXL1TfMrvjq7goe1o7Ojpj4AAAAA7UgLNDz7pLVKwNzEOB59UlitiAgVXAhkTjKHp096N0nPCiMVkZGaSDEm8LUVAg2Z+FbMlQl+7XoCAd3d2vy7tWfDkSN6eqRuu6y5AkHfq8E459HUcW2FQsHYm83eC61o7H+WqDYpb0z+X2i0QMOYvXrfTGVUVi7B/nAAADRS26xgqBcziFDJ3MvmyMTRY3L29CnX8VMfnWhk1wAAAIALn7bPgZHj3pWfX/FLfeSlNgNWey2otDfr3ZPsRu78C4m1QsAYK2uTZb9VAKHGL2S7K9Py4r6R6u323Cx9PWqPgyPa+XEVROhJGysGurU9HPao4MOqm/XVIgGrJqKp33XWt65gZpoje7LcCCyEiRwEpEX1Go2TLsgMXoRqo0F7FWjpoIy9HErjNByUYxgAADREW61gaJaBO/pl/9PPya6/H3K91DF1DgAAAEANjKfe5ch7+lPvxkS0O5d/EGPVgc9Etf6EfKSOGO3qGwnPSNpmz6U/922RF8d9NnfWRBm/kLTAQbV29bb1PRtUGb2cvUeDcU57v74Cwj4XRz2vswFjFkClAtKezHfsHaAFGBarP/WNin2Zqx589mkr35fBTLkUwKzL+y5z74WKe8GZqyzMVRcNYLZvpIMCAADNQ4ChAdb/3cPy61/80velzgEAAACoTKVAunfDFimfu90vwxuMjZW9E9FqY+EN35IXx8vrKkuFND4iLzpSLKm9GKKnXOqWu1Yusd7vbWP8pU1lfWm+/5+9+4uN6roXvv+jpdDTP5xWqlIZS+9J3YzVa0J8UzU3LcWeAQS9S6pHnEqhIfXU44te8SQgSMR5+uhI9dBxSEpyET1qe1GpjohngKKmepM3eiObcFGpUurhNfSIwUpaKQmc/IGY8s7ae6/9d+2Zveev7fl+pBFmZs3aa68ZJLN+a/1+3tws/Cpc3DnaJvH8JbiuPTeNrmuzakXU/6y9Mm+dLPFqQ+jXVqR2yU6d5H8tvU7eZzfmLGSpKLtGRuw6A6r+2alCYBE/5+zUd2sR+FXyTvHj+vumvB397gmISlFmfIv95fzuwN+jKjI5Xgws3vuvm2t4akDXiajKzHj0Oiq1UWT8Bqrd/aExhMeWmci2V2uiJRXpSB1tAADWKVIkAQAAAFibamU58php37QSLBY8vO+QHHjrhJVqZ+7YEzIXaj28z3ufqg+wcMleBF5wWwzJgX07ZO5sylMMOw/J5E67HoQKMhw863+x3ueD6bpLLHZuoil73GLPVsVhc0Hq5POXglVD4bIsNLiuM0A3TZJqtz1QYHm7FXxYCKROal0n77Ojc2YFE4oxL8akFsqW5GLBXuRXi/33G96eKZRk2p+7KFuo/70iM0tqsX9EZnzXmC5U409DqPddMY9R1UIwFlcOj+PcbsN19euN3+9qMk/ThV6GF5xTJEt28EP9a1RzcbGnYwAAoP84wQAAAABgzRk77BV0Nr4WyXs/JPuPn5aThkVs1d7/vPr7ZCBVj1qUPyr7t7cx1uO5yO78scNHu1hIOQW32LNEiyy7ks9fcr6gQux17Wu7NZoj7XTBaNVsexvpkbxrde4+uzFnfhmZPr8s1xrULbALHZteV0GJZcNit+rzQjDokKg2gul9IrmS6Rpx7ze3TdqHaqcLOhtf60Z9h6Zjis4JAACDZtPq3Xv3+j0IAAAAAMBGowpqqx3+hoLaAAAA2BA4wQAAAAAA6LxL8zIXU1AbAAAAGwMBBgAAAABAh12W2efsehZje/d0ILURAAAA1iKKPAMAAAAAOkIVuj5ydsV7wiqC3b/xAAAAoLsIMAAAAAAAOm5439EOFDoGAADAWkaRZwAAAAAAAAAAkBo1GAAAAAAAAAAAQGoEGAAAAAAAAAAAQGoEGAAAAAAAAAAAQGoEGAAAAAAAAAAAQGoEGAAAAAAAAAAAQGoEGAAAAAAAAAAAQGoEGAAAAAAAAAAAQGoEGAAAAAAAAAAAQGoEGAAAAAAAAAAAQGoEGAAAAAAAAAAAQGoDFWBYXb3bdh//ePsTufrHW5HHO3/+uAMjbKQikyMjcv/IbplZ6vKlApfN16+prpuXcg8v2x49VyOyq1jt92DWuarMjI/IZKXdNuoz6fF3FwAAAAAAAEBXbe73AHrl+vXr8u8/+pEcPfqUPPydh1vq46N3V61ggtHbIqu378nwQ19oY5RAl6mAUb5BJCBbkmulrNhBA19AID9iBZhypWWZzerGzduU86HAw/iIzNT/yBQuyMVCpmO3BQAAAAAAAKD3BuYEw8LioixfvSqHfvy4vPb6ay31cftW4xMQNxY+lMXZv8c+qvMfyL32D1EAXZPL2pGBcl4HDrIyu+wPGHgnWZK0sWVk+vyyXFsuSc55plrMc5oBAAAAAAAAWOcGJsDwgwMH5Jmnn5Y7d+60FWRox/t/uyM3a3d6fl3ApU4oLC8HHu5JgtGCTFtBgopUnFMHuZIdFNB/eq8laWOfZri2fEGmR62Ly2xJH3+oSvVKl+8VAAAAAAAAQFcNTIBBefSRR+SZZ/obZPjnp/caN1gqyi6nfoB+NMxt79ZI8B7BugNePQJ/P9Xibrv9eFH8rd3n26m7EB5T4BpJx+NvZ6g/0fAaTcbkpAgK3mvwtYQ36o7R+Fklngfv/n7y76a5t2scRMbXQv/RUwMVmXG+L7mpglihhnp7+9oZyTyg29V/HrV/KqvoQZI2DfnfBwAAAAAAAGA9GqgAg/LDRx7te5AhjrXg3WyhPNzesCAe93wzKl9+JDiRsh/jtVXQJMV9RccVDHSkv4bvPtwaA/W3VA2tK/mEhaHVon18ACbNGP33N/pDZ5HfdwpAlipStgIDGZmeyrbVf3ScRfs19/SCnxcwiA8IJGnjXk1mTjljHs1KbrRRWwAAAAAAAABr3cAFGBQVZNi7Z4/cvn1b8j+dkps3b/Z7SOLfSa4Wey/qFDbn9YJzyFJRfqLb+9LeuOluKsV0Oe7r/c3o9Wq3P53aJv092KlxfH34+0/LnQ/VV/pruAvsqp+St4ruvd95OK9Vz1WaB0OWqmJPr11/QPcxm21hHvz3t8tbeNcBEHc87qJ8G/0HPk/D6QV1PVPgJSRJmyAVkNEnKDIyfSrmew0AAAAAAABg3RjIAMOvf/sbeWV+XrZu3SqlX56Sbdu29XtIgZQzgcVX487yuitVZxHc29Vu/a1QcPLgV6V8LsUisLG/YN/i9Oum6wmn5nHvwT4NcX8oLY/xxEAC/sXv1Nc4l3fSFhkWtcPpqCKnNRrc62hG7LV6LxWRe/Ih5RgD91f/KTdh/00HFnT7zEQ2lMKolf59d6dPL0hWsr6POZNpvvSfpI3LSuWU977f59MGrgAAAAAAAACsRZv7PYBeU8GFJ598SrZs2SJnfvW8PPydhzt+jRdf/YW8+ddXja9NXJ2Q//jPYx2/psmotQjcamKijUHdvT0LTlFhvbDtphNSJxCc4sSpUjnZ7xNfmiSVtmiXXJCLbW7NtwIJxfo4rNRIGak6ARIdeOgMXwAqm3WCUtE2VRW0GHV+dooyB4MLTdqo4IIO3KiTFHEncgAAAAAAAACsOwMVYOhFcEFRwYVvH3lc/uVfvxx4/uMPbsmrv3yh/pMhwPBAxl0IV3nqp3Uqn0peJqXkpN5p3t7blR7Nh68K785aW9UNpxt8/anXpkftv7k5811qB/qyTJtu3O3DTt0TGbM9wmTjiZPyGpmJkjw7YddVKOd3S8bZPe+lHcq4MYfyqXBwocG9Wuz0SLPiBBfq17D6nUg3xggrFZJKcVUf85QzpmzB2/Wfcg6M3LoO9T6yoQ6sgIM6JeH7LvjqQFiBjtEEbfzfH1/tCwAAAAAAAAAbw8CkSPr93FxPggvatq/fJ18ZGgo81HOxRgvybMG36zs2bY/X3k2d5GvvpulxF6R96W/cdrulHN5H7iu6axUQDqXdScQ3Ji91Tyi1UNLxtHWNoEyh5MyFSnlknzhwd9j70iRNpqkREUqvpOfdOn3QwhhDI/bSJC05NRL8QYC2+/fXmQimR5LQc+53YTwc6EjQxhfECHynW5lvAAAAAAAAAGvOwAQYxsbG5JsjIz0JLrQqU7hg2OVtWgC2WQV+DbvCw8/nSsGc9+o6z05Erh7NjZ8teUWjE1LXNr7H2XWffDztXSPIX39B1UzISzl8bx3YYa/uQ/eZfozhvgq+tEXR70C7/bt1GnwnOIL9G+okRIpkN28DAAAAAAAAYOPatHr33r1+D6JXVlfvyubNn235/R+9uyp/+d17TdsdOr1XJopPyRe/+pXA8x++97786ehJefONN1oeAwAAAAAAAAAAa8FA1WBoJ7igfOG+zfKN735ZbtU+bXydrfEHQzZt3tTWGAAAAAAAAAAAWAsGKsDQCV/71uetRyOf+9Jn5OY778qnn3wceF4VeQYAAAAAAAAAYCMgwNAFE98fl3PPvxj7GgAAAAAAAAAA691A1WAAAAAAAAAAAACdEV8sAAAAAACw5tTOnpCDjz0hR86ueE9eOhN9br2p5OX+kRHZVayui+tXi7sbtK/IZP21+53HZKWzQwUAAFgrSJEEAAAAYO2rzcuRY2WphZ/feUheOryjHyPqsMsy+9gZWYh7eTgnJ4/vkeFeDilELahHFtNHC3LxfEEy/RlSQmqxPy/lwHMZmT5/QaZHu3C5paLsGi9Kz8Ik/utlS3KtlI1pWJWZ8d0ys9TFewcAAAOHEwwAAAAA1jC18P6EHDQFFxRr5/4Jedn4YmcsPFe/fqPF/x4b3ndUXnrhtJzcN9SbC6oF7Lid+tZrwcX7cl7t2g8v6PdH/Fj0YnvrfWcKF+Ta8rJcLATDK9VzFW+xv/66esxmm42nQyp5TksAAICe4gQDAAAAgLUpcGphSA4cPyr7w1v4VYDhuW6mBVqRGz3NOrRDJl84JGO9vGQjKm1QXq9YZ2V2uSQ5/+vW7nl/4KEq1Su9G15DvsX2XMlb5HdelMmRYlcuu1S15yOXDZ8k6PLcjGYks1SVcj4v2fDnBAAA0CUEGAAAAACsQSvy8q+c4EKjNEjqtRd6Oa5BUpFJJ7igduuHd+pbVIqk5R4PK6FyxR57NLigqGBJXCqh9Sorz5aqsitvf2652FRJAAAAnUOAAQAAAMDac2le5lR0QdUeaLnGgqmuQcxJiIgVefnYCXsMbl9PyKzYKYqC6YnauU56qsizKuYcHUcM65TH5dRjqxaLdiqfbMkcXAi2DqUcsoscT4ovOKFrBVh1G7JS1u3T1nFwTlWYAwedEr6faN0CXZNC31+4RoVKh2TN3+j/kP8h/0f+T6O5MWnlPuuf1WxWFZVWpze6OT8AAAA2ajAAAAAAWHMWLtkL4mN7WytsrBbhzXUTVmTu2BOhBffW9eo6rbLqR0TGYI9t9lKjd1alfE4tlmdkeqrzq9TlfHv1D5LQKYrKp9IWXDbVZ1DPrY26Es3kpuxgjUqVtB7GCwAA1jcCDAAAAADWGF33YIc8tLOFt9fmZfasXThBF0R2H/o0xKUzTRbYh2T/cfWeo3Jg2B7LpNOHe2qgI9fpIvfa3tj9Y1t4Zd5cONtSlaq1wJ6RzGhsIx+1w18VNNa7/FUKomVjEWR1kmGm4r1+Lc3phTSs3fziFqn2akk0Vi3mZUZU6qfw+CoyYyp07dBFn/WpAXXywH7/cXk66dx0wmhBnrX69VJcAQAAdAsBBgAAAABrzIrUYle+VeqiJ+TgY8HHkbNeJeaFV+zaDcYUQr56DvqURKu6cx07FVP4/tIHKerz9Iq6rqFodH1skypwU7ssi/ERBttoRhLFF1JRwYjeFCFWi/zuIr5KOZQo0JCVWX/Qw12wF6lW052F6JdMoWQHM3yFrgEAALqBGgwAAAAANhB9+mFIxh6MqU+w80EZk8uysHJDarKjpRRMvbtOq3SQxqsdYWyj7qHRwJaqog4ydHSf/WhWcimiFuHaBppb48ARV8/AOllQ8PVjBRriij/XZbOR4Ecmo/rtbnCh3fsMysj0qYKUx4tWqqTscm8COgAAYPAQYAAAAACwxgzJsFr0rq3IDeuIQPA1lbpov/M3XfDYoxfWh2R7sxX9ev+R7hPr1nUMJw76wkmNtOSkSur8MYbkI3ECBK4Wizy7/TjvVwv3YujDDib0Xqfu0zVakOlsUSYrdqqkXKk/9wUAADY2AgwAAAAA1pgheejBIZmrrcjcK5dlv65nkPC9dnAiQdPhoTZOFfTqOu1qNWCRkcwDYgUYVLHn6dENtDidLcm1khNkqFRkNtv5ItZrRa5UkspIvn6fKlXShe7UugAAAAONGgwAAAAA1pzhB52UQqmLJA/Jditj0WV5OXCywefSW7JgNd3eVoChN9dplRMAEecUSAtyU3YdApW6Z8Pl8X8gYy+2X6l2OfFRv2VltmQHUFSqpHKT1gAAAGkRYAAAAACw9gzvkUmncPLCc0/IwWPzxsMCtRvRxf2xnfaJh2j6JLECFgefU8WPh+TA3jQnIy7LYijQ0Z3rdIp9CkQFGOaOnZCXQ5On5jQy5jArxY79o0onZCyObNUzMC1cV6TS56CENebxoiGAUJFJ5/nMRLYPu/p7PDfZgl3wWZx0VwAAAB1EiiQAAAAAa9LwvqPy0nZnob5WliOPJdx/vfOQnNxnL/qrxf+DZ019H5L9iY4VOCcVavai/IIzrpMq+NHR63SeuvaBt07YqaaOPSFzkdeb96Hy/0t+xD7B4BRHjvKnGNKplbzixMmKEqegUhwtJ2y7VJRdI8W4jmS6k+NqKuXcpLnPJtfVBZ839mkNAADQD5xgAAAAALB27TwkL71wWiZ3Nn79pHPaQbOCE8baA6omQbR9I2OHj8qBmCBBJ6/TeXZBbNMYxg4nH5sKMlxbLknO9KK1CB58LVe64OyY7y9r3CVzfYWG99TVMfVpbkYL8mxPgykAAGBQbFq9e+9evwcBAAAAAAAAAADWF04wAAAAAAAAAACA1AYqwLC6erftPv7x9idy9Y+3Io93/vxxB0bYSEUmR0bk/pHdMtPLwlxWntWRmMJtQDvUd7oT3+dO9QMAAAAAAAAgjYEp8nz9+nX59x/9SI4efUoe/s7DLfXx0burVjDB6G2R1dv3ZPihL7QxSmAAqEJ7/gJz4yMyowrPnfflow230UYLcvF8QVT22LIuNhjox1coTwXH8pVwDx6VLzgmJy8AAAAAAACA5gbmBMPC4qIsX70qh378uLz2+mst9XH7VuMTEDcWPpTF2b/HPqrzH8i99g9RDA59esK00Ix1Oj8VmdTjtQoCLsustcZflZkp331cqSa8JxWYCBboqxbziU4z5LIEFwAAAAAAAIB2DEyA4QcHDsgzTz8td+7caSvI0I73/3ZHbtbu9Py661W1un6WzfthXc5PpeKk2srKrHN6IFdyggNLRZkJHzhwghDuwzm9YL9PPadPPXj9qWBF9YrhvfWHdbJBGS3INPEFAAAAAAAAoC0DE2BQHn3kEXnmmf4GGf756b3GDVRqGKvmgfeYbJDlxauR4D12Ff0Lz7p2Q7CfanG3cfe7+3wbdRdU6hq3j3r/ZbdPr7/gdZyHm86mKjPjvvvQc+Ifa/i+3de8+/XPg3c9X65+d67tcSUZU/C58FiS1QEY6Pm5YZqRjGSc1EhLHQma1Pt7wPR8RWace85NeYEKAAAAAAAAAK0ZqACD8sNHHu17kCGOtYCbIt2N1d6QYz7u+WbUwnckOJGyn0he/KWiTBajd2RcSK7kQ9c3M96fm7M/KzrzjbfDvyrlc97P1u529dO5ipOqJ2vtoG88pozkJpwlaXcXvq1cccaSLXg1BGIM/Pw8nHEW9iuin5alevtQYMYdWyBQ0ijgVZWZU06Ho/XxGj6HarFov5/TCwAAAAAAAEBHDFyAQVFBhr179sjt27cl/9MpuXnzZr+HJP7d1VYhW0NKmIClovxEt/elgnFTwFSKiXbT+/tz09O4/V1oumDeah92ehvfw0lvYy9q23n1/elsLrpz4duF7vbhXMO5vptbXy90OwvYmVG7P73grRfMdfvGY1LFgwtOnn//4ri+5/qYp5qsWjM/gcV/9yRH4qCar35D+Hn35EX9OqdM/2Y4vQAAAAAAAAB02kAGGH7929/IK/PzsnXrVin98pRs27at30Py7foOLZDG7bZ2i+AGF7a9RV7/rvQEjP2ZFs19qXDC6XcS9yHRVFBJT0r4dsd7qYa8tD7Woriz414vdOtF+Vx9HBl3nHoR3NvR33xMXlu9CO/t8tenF5ifxvOjgiPBoEqmUHL/PprJOM9dMAYzInUarBMOee/fznlzwMY9veC/HwAAAAAAAABtGbgAgwouPPnkU7JlyxY586vn5eHvPNzxa7z46i/k0Om9xsf/Pv2/On69OHqxtt8ixYh96Xpmm53UaIm3iKwW1K1FdbVzPpsRa+1Z7div1J9XP4/q55KNyd39bi3k+3bFt7FqPXjzY5/A8E7d1OfAOX1grp0gvqCIjwou6CCHdYoj7sSNL9hm6gcAAAAAAABASwYqwNCL4ILy5l9flW8feVy+9/OfBR7quVff+IP5TQ/o3PS+XPJKJW8u8hzT3tupHV2sdXPhm043+Prz5+MPjMXp1784HFhoNvbhS/2ke9W72vXitRrbqQZpcpacxe7ANQwpe3wpovSCdvVc3t7xbr1PL6zXx3fKSeszYe/aTzwmN8VP/b7GTTn9mZ/G8xPl1UYw106w+E742N9r33dTpZtqFIDx1XhoJxAEAAAAAAAAIGhgAgy/n5vrSXBB2/b1++QrQ0OBh3ou1mhBnnXrJ+Sbp8bxL9r62rtFgN2UNL6UMG673VIOL8f6FnetIsGh1DqJGPuIFubN6JMVvpQ7piCK287Kse+kGvLdt5cCyJDLX+9UX7LTErl1BPTC+lKwMHHSMflTGtl9pMjpz/wYx6WLRPtTg0XGrv8d6O+1vzB0oBB0dGxucIT0SAAAAAAAAEBHDUyAYWxsTL45MtKT4EKrrLzzpfAKaPyiqLVDPdI++nyuFM55f0GenYhcPZq/PlvyCgknu4NkfYSfUzvQDfehnp81PK3uzzgu3+794Lz5fvanyPHvmE86pnAfqRatmR+z+NoJwX4bXLMBXazaf/oCAAAAAAAAQPs2rd69d6/fg+iV1dW7snnzZ1t+/0fvrspffvde03aq1sJE8Sn54le/Enj+w/felz8dPSlvvvFGy2NYj9RudGtHucqT39FaAv2iTgzYJw9UsCZdECaK+QEAAAAAAACwHm3u9wB6qZ3ggvKF+zbLN777ZblV+7TxdbbGHwzZtHlTW2NY68r53VKd8u1G99WQ0Pn81zuvzkVWplMunjM/AAAAAAAAADaKgQowdMLXvvV569HI5770Gbn5zrvy6ScfB57/+INb3RzaGlGVmfERmYk8v/4Xm92TBo5MoeBLBZQU8wMAAAAAAABgYyDA0AUT3x+Xc8+/GPvaRjZqFQOuBp9sMXf+WtZq6h/mBwAAAAAAAMBGMVA1GAAAAAAAAAAAQGfEFwsAAAAAAAAAAACIQYABAAAAAAAAAACkRoABAAAAAAAAAACkRoABAAAAAAAAAACkRoABAAAAAAAAAACkRoABAAAAAAAAAACkRoABAAAAAAAAAACkRoABAAAAAAAAAACkRoABAAAAAAAAAACkRoABAAAAAAAAAACkRoABAAAAAAAAAACkRoABAAAAAAAAAACkRoABAAAAAAAAAACkRoABAAAAAAAAAACkRoABAAAAADag2tkTcvCxJ+TI2RXvyUtnos9tVJW83D8yIruK1X6PBAAAYMPa3O8BAAAAAEDUZZl97IwsGF/bIZMvHJKxHo9obWg0L3XDOTl5fI8M93JILaoWd0cX/0cLcvF8QTL9GVITFZkcyUs57uU1PXYAAIDu4AQDAAAAgHVGLbI/IbOX+j2O9i0894QcbBQwaMPwvqPy0gun5eS+oS703oalouyKO1lgvRZcxC/nR+T+Rgv7AAAA6BtOMAAAAABYuww78tWivAouLLwyL/t3ro/d+mYrcqPlTEXr9BSHSluUrzh/ycrsckly/tdVgGHcH3ioSvVK74aXCCcVAAAAXAN1gmF19W7bffzj7U/k6h9vRR7v/PnjDoywEXUcV+3c2S0zS12+VOCydt7SdbdjyNkV1XS+enZ/+vNbYzlgk84TOqAqM+MjMlnpRRtxv9tN2wEAsA6NHXYW1muXZbHW79EgufrvxE5wIVO4INfCwQVFLd6bngcAAMCaNDAnGK5fvy7//qMfydGjT8nD33m4pT4+enfVCiYYvS2yevueDD/0hTZGCWDDsXbhFcUNK+VHrGCW+k/1xYLe96aCBr4gj9MmV1qW2aykaKM0yQ0MAMCGMCTD6thCXHBBFTJ+7nKg/YHjR2W/8ahDtKaBSi3ae6TeAAAgAElEQVQUSSuUpE+njf1+kZePnZA5d4z+EwcrodeclE9x126RKvKsijkn7jPpvNXm5cixsm/6k52mqBaL9u8o2ZLv96DY1sHffZwNO5Pi+z1K/55lnSjISlm3T3vCwDlVEf29CgAAAM0MzAmGhcVFWb56VQ79+HF57fXXWurj9q3GJyBuLHwoi7N/j31U5z+Qe+0fokAS1s6nZbm2fEGmR/s9mB7TpzL8i9pxBnmeOs047/X/GE85f3fmWv9nulrMu/9hLuf1f55VmgDvP7blvBcoSNZmHZ42AgCgJStSs1a3h2R7aPHbqmkQWCS3288dM9RsUAvqhvoHtbNn5GVf8CJVn85rwQCC0qQ4c58lvUcVtDgYCC4o9XuLvDesKuVz6reijExPdX4V3/tdCQAAAL00MCcYfnDggHzyySfyP5980goynPnV8y2fZGjV+3+7Izdrd+Rf/68tPb0uBku1uoZSMA0Q87xXper8Rzc35eyiKxQkV1RBACef8GhFKk4ao1zJSQdQ/7NiBQrs13LZJG28q6o2kifQAADYqLyF+uF9e4K75i+dcRbDQzvqnZ35gZoNahe+XhTfeUheOrzD7UYFGBZb6dP3/jlVO+IF37WsRfnLsljva2znkOw/flr2u4GIPtdTSHyPK7L4ll00YuzwaZncqRuqAEOzi+jfizKSSbSxJSPT55dl2j3JYKjXoC0VG7/eaVaa0WLkaU5AAACAQTQwJxiURx95RJ555mm5c+dOWycZ2vHPT+81buDmxPceDXOouzUEvEcwx7+X+9/fT7W427jL3X2+pboEwToD8X35x2SoLdHknuxd2uE+7bz01vMqr2tMbYHE9xceQ2Cemow/AfM4QvdgHI++jjcG73tiv9+dKz0H1thjxnwxOE/e3Prux/edbF4/Iul3IDwH4ftOOhcNrqffF/gsDZ95w8/aG0f8/TSa96xknf9kLukAxFJV7Kmt/+f6AXX9itOP83f9s/Mf77KKHiRpI/Z/aq8t8x9bAMAGUyvLkceekIPuQwcXwml/VuTlV1TAwLBYv/OQvRjuq9mw8Iq9C1/14w8uiPXcISctULo+vQ5ChamH98ikM9aFS812+idlp1U6GHqYT1Q00so9DslwIONS/b2hOYw1mpHOH5xVwQjqNgAAAPTDwJxg0H74yKPWn08++VTfTjLEUYuXaQoAx7W3FkGrJblWSrfKqBaXg8EMVYQtVRfBsQWeqfc1XpTRUC5Uld4l8r4m96R2gs9U7EVzd+f2UkXKzo4o+8h1dEdR0vszjsHK7yqRXK7h8SdyLi+7lkJBICvna/3eJjIyo16zFpSz7n+S9AKyZAsyPdpejv1GY86VLkjV2iFWlZlTFZmuj6l8yllwT5Qr19PsO7Bk2vFfqc9N0c6pm2wuxMrDawnPq+prPCPV8Fz7xpDms47/3BrPSU6fNFDf4aL/eSct1RX9jH83nxNIiAStkrQBAGCji6unoNMmefUMoupt1Ab84RW5YW3E3yH7G9YmSNOnf4jbJTy84e1DVtu1J809DslDDw7JXM1OnTSXsPZCgLPZIvlvlQmM1n9XTBG1iPs/R9mpcaUFa2b5r5eyxgMAAMAGNlAnGDQVZNi7Z4/cvn1b8j+dkps3b/Z7SKIWK2f0L7luXvz6I+4X16Wi/ES3z5bstr787lIppstBqo4V68V3t7828vL77sEdkxsEMLWrX0sS3pPvPxB6kbp6ruLkuY/5z0Xi+/M+B70b3G3n78M0/oRzVV3KWDn0A+9xdqhnVPocZxx6Hd27rhM8cXfAZ51+9K51+xi5O196bOHvkH/M/xYeXb2PU077Sl4mi/ra9WulDFg1+w548+s8nP71Z5loLvzzWh+jfT1v95o6hq/mJLCr352/dJ+197n5+rI+t4TzHuJ+dxOktCLtFQBgoFmphk7LS+pxPGel6YmvfZCUXlTvDjuY0G1qcd+ZF9/DS1vUHdaJD+tzUPQpiiS1JfRGCS+FZL+owIHp99Dw76dpNtcAAAAMqoE7waD8+re/kVfm52Xr1q1S+uUp2bZtW7+HFEiB4i7wKqMF88L1laqTxiW40Jrx5XdXRdQSBwiM/dk/zwRS1OgcqL6nDDt43HzzoTHZOefN7ZLfk7e73VqMrr+uF2szE1nzom7S+3M/h+gOJiW86z4w/oRz4y2c+3bpu+yUOuWKvVN/tv4XN3iS1d8F+1i5Tns0KQ12VxkEx2xQH/OzhYq1q6tctLfcu3n/U9xn0++AdVKgUSHqJHPh8T57733+gFOu/uRkpfXP2vvcDH3F8k6buJ+Rvu/ibpnMLMtsxjpL0bCXTII2AAAMhOE9cvLwil0X4Lkz8pBx93w36hn0uUZCT6S4R/U5vLDH+lEVh569ZNfFkIbv16cvvd/pAQAAsP4N3AkGFVxQ6ZG2bNnStfRIL776Czl0eq/x8b9P/6+OXy/OaGaN/NLu7hhvn74ndzHZ2hGvd7jbC/brnbswby2A+3bZ62T+Ei1glza9Vs+FvwNucMF3CsOw47/5XKxxbhAjK9O+Ew7TzvDLlWDwztvN5wRiRAcX0rQBAGCD03UBrMLC/noGQzLs1E240fR0gm57WV4+2yhtUZo+16v27nHs8FE5kPD9+nc7a6NFkr0aAAAAWPMGKsDQi+CC8uZfX5VvH3lcvvfznwUe6rlX3/iD+U0PZJzFVTv3vUulqTH98h3TvlosGorB2rzFTHvXUFx/3muhsTj96pQz1xosDLt5+wM/R8fU8j25O9Pr451yXjfsak99f247Qwqfpsekk81NU+69VWRm3Lk336K0zVuY12Nyd/drrQZ23PRbGcll7b5V3QZvh3/73wEvpZVX5M/f3pVoLlrU1mfdgHHezYEBS1bXl/B9N301RaygWZI2AAAMkLHDzk75S2d8qZLs+gBipVA6IS+HFrvVTvsjbjBhSPbvtYsS186e8D0vznNnnPen6bMdl2WxrZRP7Uhzj5dl9ti8BJukSDfl32iRH5H784b/6NT//3O/sd6YL20mAAAA1oyBSZH0+7m5ngQXtG1fv0+++NWvBJ773Of/Jf4NvrQ09i/V3ku5krn9dLZoBx9C7S3uYrsvXYyvXWY0lHLFWsi1axxUQ8VoW6J2qI+EOmkUAEh1T9YdeGmSlhLsak96f74xRNLm9KyYm5e6yb03f1qjmNRC7qkON52Ok0LJGnfSUVdlZqropiGaLWUkY6VD8gpRJ9boO3DFGaOpTfCuGs9FOzr8WWeM864CAxUrNdTM+IjMhN6jv7P632jku2n4dxzfBgCAQbJDJg/vkIVQqqThfYfkwFsnfEWIg4b3+f5inYSwazmoIMPBs/6WQ3LgQf2eFH2mNiRWuYaavZC/IHaNg5MNC093Xqp7rJXlyGPR5X/ZucdQeDtKbeyQ+u9esb/zW/y/c+rUSt7vbGnSgyZi1WhL0T72d9joSWMAAICNbmBOMIyNjck3R0Z6ElxolVVsLLKAay8smli7rg0LvuHnc6VgAWJ1nWcnIleX6fOhQsX1X7Rb/cU9UyhF+jKNNSzpPdnXKPh+eY+fJ6d14vtT1zLet2/He9e5O9atvzS5t9B/sur3NdvSDn9/bQVd1NlXs6L+H8A0aZgafgfCc9/o+5FyLtLo6GdtnPf4/2Sqa+v24X+jFhWgaPDv2NQGAICBYkyVNCT7j582LtCPHY4+r57zChb7nz/qWyxP12daXoqhfkp6jztk0jhf9Xk8vCPx1ezTozEL8dZif/A14+9BAAAAWBM2rd69d6/fg+iV1dW7snnzZ1t+/0fvrspffvde03aq1sJE8anICYYP33tf/nT0pLz5xhstj2FtMxS0RYvW61x2Y9zrdS4AAAAAAACAjW1gUiQp7QQXlC/ct1m+8d0vy63ap42vszX+YMimzZvaGgMGg1d3wlcceEAxFwAAAAAAAMDaNFABhk742rc+bz0a+dyXPiM333lXPv3k48DzH39wq5tDwwZQ1vloHcE0UIOFuQAAAAAAAADWNgIMXTDx/XE59/yLsa8BSZAOyMNcAAAAAAAAAGvPQNVgAAAAAAAAAAAAnRFfLAAAAAAAAAAAACAGAQYAAAAAAAAAAJAaAQYAAAAAAAAAAJAaAQYAAAAAAAAAAJAaAQYAAAAAAAAAAJAaAQYAAAAAAAAAAJAaAQYAAAAAAAAAAJAaAQYAAAAAAAAAAJAaAQYAAAAAAAAAAJAaAQYAAAAAAAAAAJAaAQYAAAAAAAAAAJAaAQYAAAAAAAAAAJAaAQYAAAAAAAAAAJAaAQYAAAAAAAAAAJAaAQYAAAAAAAAAAJAaAQYAAAAAAAAAAJAaAQYAAAAAAAAAAJAaAQYAAAAAAAAAAJDaQAUYVlfvtt3HP97+RK7+8Vbk8c6fP+7ACBupyOTIiNw/sltmlrp8qcBl8/VrquvmpdzDy7ZtqSi7kszXer2/DaUqM+MjMlnpRRtxP/Om7QAAAAAAAAA0NDABhuvXr8v4xLi89vprLffx0burVjBBBRnCj/96/b+ltvhRB0cMbHChIFA5P2It/O8qVn2N7KBBuE0wOJCkjeIE6fJEFgAAAAAAAIBOGJgAw8LioixfvSqHfvx4y0GG27can4C4sfChLM7+PfZRnf9A7rV/iAJJjBbk4vKyXFu+INOj/R7MgNOnRMaL4oUOqjIz5fzd+awuFjL2K8W8e+qknNcnULIyW28zm9XPeydOkrXhlAoAAAAAAADQaQMTYPjBgQPyzNNPy507d9oKMrTj/b/dkZu1Oz2/LtBP1WrV9KxUnSBCbqogKrSQKRQkp1+7ov6sSMU5bJArlazX9J/ea0naeLzXAAAAAAAAALRrYAIMyqOPPCLPPNPfIMM/P73XuIGbNsZ7NMwV79YQ8B7BFDO6dkOwn2pxt2FXue/5luoSeNdSY4jvyz8mQ22JJvekU+AE+9RpcpwUODE1GBLfX3gMgXlqMv625iY8Rt89me7TOGY1lgbX0+8L3KNhLhrOgTeO+Pux27ifnf5MrH6yknVOGizpAMRSVewpzEjmAXX9itOP83f9s3MipayiB0naiAosqNMs3ukGAAAAAAAAAO0bqACD8sNHHu17kCGOtUgbWvBv2t6QTz7u+WbUwn0kONFivno1hkhfhnvzp7HR72t2T3rHe2CH+lJFytbqdEamp8yryEnvzzgGtTieYPxJNJubJdOO/0reeU9GchMZ57lK4Np6MV2yhWBaqHP54PVUX+PhewyOIc0cRPpP+L3RpwnCwa5cKZzWygsYBAMJadsAAAAAAAAA6KSBCzAoKsiwd88euX37tuR/OiU3b97s95BELcrO6EVat35A/XFeL6aHLBXlJ7p9tmS39eWxl0qxyY76aH8zek3Y7a+N+gW+e3DH5AYBTO3q15KE9zSalZwzLr0YXz1XcfL5e6+1dn/e56B3vbvt/H2Yxp90rprMjXdd51HKBu7RSyXkD7DosUUDLOq0gH09Lz2QSk80fT60q989QZBuDqpLGav2QaAvK/iRsa7h3qO+77jvtDsM5zM1plYKXTtBGwAAAAAAAADdMZABhl//9jfyyvy8bN26VUq/PCXbtm3r95ACqV6mT/kWYEcLMm3akH+l6uwkDy4o+/PYl8+lWHw19mc6DeBL0WNMnWPzThmYcuub2yW/J28Xv15014vSmYmsefE66f35TgV4qZi89Efh0wWB8XdqbsJpsiKnAbz0QvrUghtgCZ9eCMyJ9z5/ICaXbW8OvHsw9BVLpXCyT39kChcCwTR1okGl88pkGoUhnGsnaAMAAAAAAACgOzb3ewC9poILTz75lGzZskXO/Op5efg7D3f8Gi+++gt586+vGl+buDoh//Gfxzp+TZNRa/F1DezwdnfGt2/UWVC2Fs2LRalaO/8zUnV277vpg9aL8Ny4aYiyMqtPHBhSE6kgxUyl/pwTDKjoEweJF/j7zA1iZGXad8JhOlu0ggsqcOLVS3AKQo86PzuBmGBwIUkbAAAAAAAAAJ00UCcYehFcUFRw4dtHHpfv/fxngYd67tU3/mB+0wMZZ5d5VWZO+XasV/LmIs8x7avFoqHorc3N0W863eDrz3stNBanX51a51qDNE7lU96CuPdzk9z4ae7J3YFfH++U87ph937q+3PbGVIV+VMaGbU/N16qp4yMGtq73PuvyMy4c/9xp13SamsOGjAGmpzAgP7Zf8Ilm42exvHV2rCCSUnaAAAAAAAAAOiKgQkw/H5urifBBW3b1++TrwwNBR7quVijBXnWrTWQb5Aex2vvLib72rvFdt3Fdl9aHLfdbis/frA/L2WOW3TXlxYnNV+aHzdA0igAkOqeFF+apKUEu/eT3p9vDF56oPh0Ry1pMDfujntTmwAvvZN7/1ONaxsk1uE58E4RqLRITh++wICXVsr7POzP0vvuhgtBm77f8W0AAAA6p3b2hBx87Ak5cnal30OxrLXxbCjO/0nc/48AAAAgYmACDGNjY/LN+i+HvQgutMrKRV8KL5L7AgQh1u7ySPvo87lSsACxus6zE5Gry/T5UKHibKnl3eqZQinSl2msYUnvyb6Gl/u/0Tw5rRPfn7qW8b59O/vb0XBuwmNqNG/uIr31lyb3n05H56B+D7ORsflSQBmurduHv7sWVSy6wffb1AYAAKxDtXk58tgT1uL5wecuN2i4Ii8fU+1OyMu1no0OsS7LrP7cIo818hk13czTB3pMDTf06M05bWwEAwAA6LBNq3fv3ev3IHpldfWubN782Zbf/9G7q/KX373XtN2h03tloviUfPGrXwk8/+F778ufjp6UN994o+UxrG3Bwr0tp9LZkLoxN8w3AADYwFSA4VhZ9Hr02OHTMrnT1FAFGE7IXG1IDhw/KvuHezjGHlp47gmZvbRDJl84JGP9HkxDKsBwRhYatBjed1RO7hvq2YjC1Cld7yRxgw096gRDvhL5Xdt+f/yGmZboumtqo4whzapNBRhUcMGweQoAAKBPBqrIczvBBeUL922Wb3z3y3Kr9mnj62yNPxiyafOmtsYAaF5tCl+hZAAAgI1meEiGayuy8NwZeWjNL653y4rcWHcZkKLBEDtIIlJ76y2p7dsj/YkFVcQqTadSqNZ/VnXqypJNESgI1Q0DAAAYcAMVYOiEr33r89ajkc996TNy85135dNPPg48//EHt7o5NAyIwI4rCaeKAgAA2Gh2yOThFTny3GWZrT/GDu/o94DQorHDh2RRnW6orVgnU/oSYLACCvXfoScKMi1VKS/ZAYcc2TUBAABaQoChCya+Py7nnn8x9jWgU0iNBAAABsLOQzK5U+1+P1N/xKVKMjGl6wnurNe76mPT9tSvadWAGM7JyeN7RM6esAoqG9uH0jrp99Sca0TTPDUbn07/5G9f70u88dYajcfYf0wqKec+7X4kdN0Op2ZSp1IiTzb/rCx6jq25fVAW9TiduW4WtChbxxcykptQtcWyklGngk8VZTobl5ZI0+mJ9N9VutIRmZQmv5M7aZb8dca6x0uh6olJp+SMS6eICmxiCqRpCvfZIDWU7rPZtQEAwIYyMEWee+no/3xS/t//+/8xPtRrG5f6ZXNZri3HFAgeaJ2bG6vgNfMMAAAGzNjenLV4rFIlNcrv74mrBRB8fmynfSLCSttj6GXh0mXn+o0Xr9VC/0F/cMF6sixHjs3LjTbG1yprPMZ+VmTuWKPC2eGgRqfGpPq1+4jOZWtzsfhceJxNLBVlRqdHGvX9uVSR8jovmlwt7pb7I8EF6xW7MHQ+rpq1/Xqg2LWqB6HaW4Wnw31WZNJQiFoFKKLXMPQNAAA2HE4wAAAAAFj7hvfI5L7LcuRsmlRJ4R3wesH6siyqEwXqNMHOPXJg+LLM1erP1fbIcGDl226ndsfvb3RqojYvs2ftIgnBkwTOYv2lVsc3JPuPn5b97qJ/wpMEseMR70RGzGmQ2tkzMqdOA7zgBAHcUxm+OUvEO20Rf7+NXjN8VoGBlpPPh6N6rmItjOem9O58+yTDzFJVyueqMj3aaPOO2o2/bKVVsk8ydLjIs2Yt6hdTv+cnRXvJP3KaQp8qqP85WTGcoqgUZUadWFh25kQXm64/v+tKNVh0Wr9mBWoKXl9W3+qH0Jw41052QgQAAKxXnGAAAAAAsC4M7zskB9Sqt7U43qy1afFZ1XNwTiy4VZOH5KEH1QL8isy9EtzVXzs7b+2eH37wwYanFxZesU8uRNMUqQBB0gX1uPGlFz8esdJNveRcQ5/OCAinGrICO0Px7VNxgg6Rz66VuVCpntKkbbKDCGoRPOtbZNf1zHTwYT1SC/hq7MZUTU4KJKtdxXSUICuz532L/6MFedbqoyrVpehr087cLVX1bFVl5lRFjKmT6te2ghAb4IQIAACIxwkGAAAAAOvEkOz/cU4WjpWtVEkPJdy9rusUxBl+cIcMny1L7dJbsiA73PoHi2+tWNcce9BQm8G1Ivb6d1y7HfLQTrU43/r40mk2nrqdD9bv8bIsrNyQWn18geDJ0PZIMGV4ux2ASccQNHBOTyw8d0KGTXUgJMVcDNfnNU2VaLVTXy1yZ7OhUwd2wKFcCe3Kb5FKVbSrGA1VqBRC/lRDsXUbAvUPIr2H6kDYz1WvWD1apzGMrHuuSFmdSLBahl8LymTsAIPptVH9mv/61ni8mhSmcVtjpBYDAAAbEgEGAAAAAOvH8B7Zv7Mss5d0qqS4xf8UdQN8fbrpeGpvyYI6BrBzj3Eh3LMiNasOwJBsT7Pg3aFaC22Np7Zin3TwPWUHE7rEOj1hBxnUaZH9bpqrbs2Fx929r9L2jMS3mc22F2FQgYNrBd8TXS/yrBf4M5JptoC/VJUlkcSpiuxAg+m59XrWAwAAdAMBBgAAAADrytjhQ7KoFqStVElHDemLdEFhlUYntFNe1yAI97lzhxVgUGmAJus/6zRDugh0Z6UfX3JDdh2JJMWPh4capn7qiiH7mt7wujkXWkWM2YEizSpSluiu/bXNCSwkSUE0muniIYIu1aQAAABrHjUYAAAAAKwzXn5+lSopuvPd2cVvSKMTW0fAKvZc//PSvLxcS1jc2eIs6OuC0BGm51sYX2JDYh9CuCwvx6UaslJBiTEdUrfV3rocin10cy4cVuBA7HoEy8uGxwWZtlbeKzJjSG+0tmUk84D6s8HY9f0/kOlCoWV9ckKfpAAAAIOGAAMAAACA9UcHBNyUQAa1srzsW9xX+f3ji0N7xZ4XfpWsuHPwfSrYES5g3CT1T6rx2f2ZgxhB+tSFsZ6BeypgSA7s7cbpjAbq19bjiZwMST0XSekixCK52PRHGZmesl9LXuw54amIHtD3Zaz/4KRo8t9jZ+naD6b6EHbtCVNNCgAAsHGQIgkAAADAOuQVfI7GF7zCymrRf8H3ngP7dsjcWfPOeLfYc23F6mP/vmT1CIb3HZIDb52QuVr4emLVHZiUM6HF8rTjc04l+Pof3ndUTsaNr37Nk/vs4IJaqD941jzmxrUl2qWCK0/IrOEVNfZJ92RIa59VYksVKVuL3nYx51i6ELLVvuCcaDBxTgwseYWbYws2W/2qUxNtjD+J+jUuFuzgggoy3F+MNskUSg3uqT1W3+dUcEEFGUZkJvJ6d64LAADWBk4wAAAAAFifhvfIZMwi+9jh075FbGWHTL5wVPZvb9yfmxJp54MylnggQ7L/ePh69kL6S4fNpwTSjm/s8FHnxEYy1rVfOGS4B3Wd0/HBia5SdRai127ps0qofKpon0jINqutoAMQVSmfa7zjPle60LXF+lZZxaWNNRBUbYTl+ABIZ64u0+fN11DFrbt7bQAA0G+bVu/eu9fvQQAAAADAxqSKGKvTDYYixgAAAMA6xwkGAAAAAOiWS/NW6iQrzRHBBQAAAGwwBBgAAAAAoB21eTny2Al5OVwMwi2orFIW7UmRcgkAAABYHyjyDAAAAABtW5G5Y0/InOml4VxsrQgAAABgPaMGAwAAAAC07bLMPnZGFkLPRgsYAwAAABsHAQYAAAAAAAAAAJAaNRgAAAAAAAAAAEBqBBgAAAAAAAAAAEBqBBgAAAAAAAAAAEBqAxVgWF2923Yf/3j7E7n6x1uRxzt//rgDI2ykIpMjI3L/yG6ZWerypQKXzdevqa6bl3IPL9u2paLsSjJf6/X+NpSqzIyPyGSlF23Uv6Me/xsCAAAAAAAANqjN/R5Ar1y/fl3+/Uc/kqNHn5KHv/NwS3189O6qFUwweltk9fY9GX7oC22MEhggKgg0XpSq/nt+xAryZAoX5GIh4zypgga+gIDTJldaltmsJG5TzocCD+MjMhO5FgAAAAAAAIA0BuYEw8LioixfvSqHfvy4vPb6ay31cftW4xMQNxY+lMXZv8c+qvMfyL32D1EgidGCXFxelmvLF2R6tN+DGXD6lIg/mKCCAlPO353PSi/0V4t5N1hQzuvAQVZml/0BA+/ESZI2toxMn1ffiZLk9Ch81wIAAAAAAACQzsAEGH5w4IA88/TTcufOnbaCDO14/2935GbtTs+vC/RTtVo1PStVZ2E/N1UQFVrIFArOwn/9tSvqz4pUnFMHuZIdFNB/eq8laWOfZvCCTVmZLenjD/paAAAAAAAAANIamACD8ugjj8gzz/Q3yPDPT+81buDWDvAeDXPKuzUEvMeuon9BV9duCPZTLe427Cr3Pd9SXQLvWmoM8X35x2SoLdHknlS6m2ifdv596/l8JbYGQ+L7C48hME9Nxt/W3ITH6Lsn030ax6zG0uB6+n2BezTMRcM58MYRfz92G/ez05+J1U9Wss4a/5IOQCxVxZ7CjGQeUNevOP04f9c/OydSyip6kKRNQ/73AQAAAAAAAEhjoAIMyg8febTvQYY41iJtaMG/afvwInOD55tRC/eR4EQL/egxRPoy3Fs4jU2Se9I73v071GWpImVrdToj01PZyPvtayW7P+MYwvUCYsafRLO5WTLt+K/knRWAA8gAACAASURBVPdkJDfh1AxwF9edsejJyBaCaaHO5YPXU32Nh+8xOIY0cxDpP+H3Rp80CAe7cqVwWisvYBAfEEjSRqvKzClnfKNZyZFCCwAAAAAAAGjJwAUYFBVk2Ltnj9y+fVvyP52Smzdv9ntIohZlZ/QirVs/oP44rxfTQ5aK8hPdPluy2/ry2EulmC63fL2/Gb0m7PbXRv0C3z24Y3KDAKZ29WtJwnvyLQrrxfjquYqTzz9mwTjx/Xmfg51Wx9fO34dp/EnnqsnceNd1Hk46H32PXiohf4BFjy0aYFGnBezr+WoP1K9l1yPwFUt2TxCkm4PqUsaqfRDoywp+2DUP3HvU9x33nXaH4XymxtRKoWsnaBOkTnbo0yb18Z1qPBYAAAAAAAAA8QYywPDr3/5GXpmfl61bt0rpl6dk27Zt/R5SINVLYNFztCDTpg35V6rOTvLggrI/j335XIrFV2N/ptMAvhQ9xtQ5Nu+UgSm3vrld8nvydvHrRXe9KJ2ZyJoXjJPen+9UgJeKyUt/FD5dEBh/p+YmnCYrchrASy+kTy24AZbw6YXAnHjv8wdictn25sC7B0NfsdRCv336I1O4EAimqRMNKp1XJtN86T9JG++SeV/6JhX8oAA4AAAAAAAA0I7N/R5Ar6ngwpNPPiVbtmyRM796Xh7+zsMdv8aLr/5C3vzrq8bXJq5OyH/857GOX9Nk1Fp8TbvDuwvcnfHtG3UWlK1F82JRqtbO/4xUnd37bvqg9SI8N24aoqzM6hMHhtREKkgxU6k/5wQDKvrEQeIF/j5zgxhZmfadcJjOFq3gggqcuKchdEHoUednJxATDC40aaOCCzpQo05SNDlFAQAAAAAAAKC5gTrB0IvggqKCC98+8rh87+c/CzzUc6++8Qfzmx7IOAuevvzwSiVvLvIc075aLBqK3tq8greG0w2+/rzXQmNx+tWpda41SONUPuUtiHs/N8mNn+ae3B349fFOOa8bdu+nvj+3nSFVkT+lkVH7c+OlesrIqKG9y73/isyMO/cfd9olrbbmoAFjoMkJDOif/SdcstnoaRxfrQ0rmJSkjf9zVumxCC4AAAAAAAAAHTEwJxh+PzfXk+CCtu3r98kXv/qVwHOf+/y/xL9htCDPFip2sVwrlYv3Uq5kbq93e4fbW9zFdjstTjnULjMaOt1gLVjbNQ6sorvFpHcaw0rzE+qkUQAg1T1Zd2AtHs8sqQXqBLv3k96ffxd9fiRYwLlTO98bzc0V53MxtQmw0zvN5Cve/U91aOG8w3OQcU/SqLRIIzJp9aECA+oUg51Waib0Hv1Z6u9u5DMzfL9j2/hrfxi+VyqIMrtODn4AAAAAAAAAa8nAnGAYGxuTb46M9CS40CorF30pvNLpy5sfYu0uj7SPPp8rBXPNq+s8OxG5ejQnfbbU8m71TKEU6cs01rCk92Rfw8v932ienNaJ709dy3jfvp397Wg4N+ExNZo3d/e+9Zcm959OR+egfg/RBXxfCijDtXX78HfXogIUDb7fpjYAAAAAAAAAOm/T6t179/o9iF5ZXb0rmzd/tuX3f/Tuqvzld+81bXfo9F6ZKD4VOcHw4Xvvy5+OnpQ333ij5TGsbcHCvS2n0tmQujE3zDcAAAAAAACA/hmYFElKO8EF5Qv3bZZvfPfLcqv2aePrbI0/GLJp86a2xgBoXm0KX6FkAAAAAAAAAOiRgQowdMLXvvV569HI5770Gbn5zrvy6ScfB57/+INb3RwaBoSqi+Av/B1MFQUAAAAAAAAAvUGAoQsmvj8u555/MfY1oFNIjQQAAAAAAACgXwaqBgMAAAAAAAAAAOiM+GIBAAAAAAAAAAAAMQgwAAAAAAAAAACA1AgwAAAAAAAAAACA1AgwAAAAAAAAAACA1AgwAAAAAAAAAACA1AgwAAAAAAAAAACA1AgwAAAAAEBfXJbZx56Qg85j9pJI7ewJ6+cjZ1e8ZpfORJ/rlX5eGwAAAGve5n4PAAAAAAAiavNy5FhZasYXh+TA8aOyf7jHY+qkhvcHAAAArA8EGAAAAACsMysyd+wJmVvHgYbaW5ft4MLOQ/LS4R2+V47KS/v6NKgNauE5dTpkh0y+cEjG+j0YAACADYYAAwAAAIC1azgnJ4/vkWAMQaUWOiMLTqChdvi0TO7s0/haVLthpxwa27mjSUu0Z0VukN0JAACga6jBAAAAAGCdUbvRT7s7/xeeU8EGAAAAAL3GCQYAAAAA69POQzK5U6W/uSwvn12RsX1D9vO6voF1+uFBWTx2QuZUPqLIaQh9EsIvJu2SKnb83GU3pZEqxhwofBxJdWQWfp9K32Nd3xmbOK8P7zsqJ/X9NKLH1Wz8kZoPraQMWpGX9Vw2ulbScSX9nJLeY8Ox2gW1Z1X3kblN8T1oqkffqSRz4rSx71dC80HKKAAA0BmcYAAAAACwbo3tzVkL0bW33jIWTF58zr+o6lGLuQcjC8GKnXYpuHgbpIICgYVgRS3mHpvvadFmNY7oOO3xz17ynrHuNVJQ+rLMNrjHqPCCvb5WdA6Tjssv7nNqpa802vkedLKvNN+p9HNi+uxMgRAAAID0OMEAAAAAYP0a3m4HGGor1kJsYJN4rSxzNcNO7dq8zDqLuZHd7HpneP3P2UuG2g7q+fDub70Tv3692bMPNjx5oK6nijjbhYdFxkL1IxIHKKzxqR9CY3HGv/DKvOzfqU4BrMjiW069h8C1VIAh6cXU4vkZmVMnC15wTha4JyJCp0cSj8vfeczn1EpfriHZf/y07HcX1zv8PYhMUI++Uy3MSaPPblF9B9dZ/RIAALC2cIIBAAAAwAal0sZE08AsvGLv5jemIfKlpVm4ZNpxblioHt4jJ533xJ2k6KwVefmVy+axWGmj1EAuy2JgIEMyHLjV+nsTpHQKtPenLarf86QzdzW3inIr47LHFv2cWu0rufa+B53sK+l3qsU5Caec8n12Se4NAACgEU4wAAAAANiYhnfIQ5Ht7Stir4cPydiDMScNdj4oY3JZFlZuSE12BHfIW681eI/pJEXH1a9hLSJ7dQWMbdR9Dg/JQ/X7nKvZKXTmWs29b7jv4e1D1nVaG5e/I/Pn1FJfibX5PehkX4m/Uy3OydD2yNijnx0AAEBrOMEAAAAAYP269JadRz5ukTZCL9IOyfZmC9POwu56Z6VlOp5zFpntxWlzrYAGfWxPUHB6Xenk92Btf6c23mcHAADWEk4wAAAAAFi3dIqX5IuoQzJsFW1I0HR4KPnm+NoNu8s072lbitMIKuXOC3usH+36D3aRX2nlNEMnx9XTvvw6+T3o9XeqW3MCAACQ3kCdYFhdvdt2H/94+xO5+sdbkcc7f/64AyNspCKTIyNy/8humVnq8qUCl83Xr6mum5dyDy/btqWi7EoyX+v1/jaUqsyMj8hkpRdtAADARlI7e8IueDucc3PKNzckdizCLk5spE9FGFLLuK+Fx/LWZXsx2PSejnMWtFVqnha2w48dPioH2nh/t8bVvb7M/bf1PehkX4m/U92eEwAAgPQGJsBw/fp1GZ8Yl9def63lPj56d9UKJqggQ/jxX6//t9QWP+rgiIENLhQEKudHrGDPrmLV18gOGoTbBIMISdqYrhu+FgAAWDdq83LksSfkiLWYOyQHfrwn1aL+2E6neO7ZE04fPpfOyMHnLtv97jUVQb4ss8fmA5vVvX7i3tNpdl0FtdA8d+yEvBxabFYnFLz7io7XS+nTz3H1si/lsixeCj7T3vegk30l/U51ek4AAADaNzApkhYWF2X56lU59OPH5cyvnpeHv/Nw6j5u32p8AuLGwofWI85X/m2LPDDxr7Lps6kvjbRGC3JxudDvUUBRp0TyFfszOV+QjPVkVWamimIt7zvPS3G3teBfLeZlZuKCTI+qYIE+gZKV2eWSSN4OHJTzecnW/56TZG38yqec6wIAgPWhVpYjj8WdNW21YPEhObnPXsBVC7kHz0abDO87JPtNUYudOTmwYh5T7Hu6QF3rwFsnfMWbw6/7/hI3hzv3dHy8qcbVk76c0wU1ewF+QeyaFCfViZd2vgdhPfpOdXJ+AQAAOmFgTjD84MABeebpp+XOnTtWkKGdkwytev9vd+Rm7U7Prwv0U7VqWs6vStVJXZWbsoMOmULBCQbUX7ui/qxIxTmFkCvZgQL9p/dakjY+lTwplAAA2BCG5MDx0/JSG3norcLHxveroMVpewHaaLvsP65TDHnGDjd6TzcM1cdhvmZwLPX7cQs8B9u8dLgbpy2Sjqt3fXkpoaJa/x50sq8036lOzi8AAED7Nq3evXev34PopV//9jfy5JNPyZYtW1KfZHjv/7stV87fbOv6D4xvk69+c2t8A5W+ZTy4wzpXWpbZrKrBoOoEZGT6vL2726J3h/tkChfkYiGjGzjv0/3Yz1ad3eLBXeW+5y1ZmS2JTFr927vDw7vBg7xrqTE8K/lgX8vewq83JrXjPHRfTe6pnNfpb/x9qjQ5zk72bEmuTVWdeQzOV+L7C48hME9Nxt/W3ITHqJvU76mUjd5nKeu7hB6zGktBquMx19PvC9yj4fNtOAfeOOLvxzdWP6efJedzdD9b97vvzOUV//3ouQ3df/3fRdM27hw5n0H9+tMPFGWmEv63AgAA0IBOc7PzUJcW5jFw+E4BAIANYGBOMGg/fORReeaZ/p5kiKMWlu8fT56+xWqfj27Hjnu+GbVwH1zYrjiL7+lFF8nrfRnurZwPFldOck96x3tgh/pSRcrWQnZGpqeykffb10p2f8YxGAI/pvEn0Wxulkw7/it6AT8juQlnQbx+8/5rl/VkZAvBQMe5fPB6qq/x8D0Gx5BmDiL9J/ze6JMG1rVUTQSn71wpHKjJSGbU9/MDpt6atVFBBycQdMoLqAEAAAAAAABo3cAFGBQVZNi7Z4/cvn1b8j+dkps32zuV0BkVmdGLtFb9gGW5ph7nYxZDl4ryE/+OdKe9uxu7UozuHG9kyd7RHeyv0Y78Jnz34I7JDQKY2tWvJQnvaTQrOWdcejG+eq7i5PP3Xmvt/rzPQZ34CLTz92Eaf9K5ajI33nWdh7MDX9+jl0rIH2DRY4sGWKqSda7nOyVRv9b0ebt/faqlPpmy1MIcVJcyMrsc6ssKfmSsa7j3qO877jvtDsP5TI2plULXTtBG0XUaosELAAAAAAAAAK0ayACDSpP0yvy8bN26VUq/PCXbtm3r95B8u9FDO6xVOhfThvwrVWcneXBB2Z/HvnwuRSlbY3+m0wBqJ/iIveNcPwy72r1TBqbc+uZ2ye/J28WvF931onRmImtevE56f75TAerEg32PXpqf8OmCwPg7NTfqpIC/j8hpgKxknWHrUwtugCV8eiEwJ977/IGYXLa9OfDuwdBXrGDKKH8wTZ1osFInZZqfM0jSRvenAkuzSYcHAAAAAAAAoKnN/R5Ar7VTgyGpF1/9hbz511eNr01cnZD/+M9jHb+myai1+JoiyNAt7s749o06C8rWonmxKFVr539Gqs7ufTd90HoRnhs3DZGvJoKpLsdUQWYq9eecYEBFnzhIvMDfZ24QIyvTvhMO09miFQxQgRMvGOAUhHbqK+hATDC4ENdmixdoUzUlRoLDsNIzFZPUFwEAAAAAAAAQNlAnGHoRXFBUcOHbRx6X7/38Z4GHeu7VN/5gftMDGa947infjvVK3ilonKx9tVh0T0KE89C7OfpNpxt8/Xmvhcbi9KtT61xrkMapfMpbEPd+jsuf38I9uTvw6+Odcl437N5PfX9uO0OqIn9KI6P258ZL9ZSRUUN7l3v/FZkZd+4/7rRLWm3NQQPGQJMTGNA/+0+4ZLPR0zi+WhtWMKlpm39rbawAAABhqhDvC6cpxovO4TsFAAA2gIE5wfD7ubmeBBe0bV+/T7741a8Envvc5/8l/g2jBXm2ULGL5YZ2WudK5vZ6t7dpZ7a32G6nxSmH2mVGQ6cbrAVru8aBvas76Z3GsNL8hDppFABIdU/WHVgLzDNLaoE6we79pPfn30WfHwkWcFY1BJrUD0ik0dxccT4XU5sAO73TTL7i3f9Uh4oXd3gOMu5JGpUWaUQmrT5UYECdYrDTSs2E3qM/S/3djXxmhu+3uU392ueXZTrUv7ovKw1T4ULrARMAAAAAAABgwA3MCYaxsTH55shIT4ILrbJy0ZfCi+S+vPkh1u7ySPvo8+HCtuo6z05Eri7T50MFcLOllhdfM4VSpC/TWMOS3pN9jYIvrU38PDmtE9+fupbxvn07+9vRcG7CY2o0b+7ufesvTe4/nY7OgbH2QXxaInVt3d5YlFkFKBp8v01tAAAAAAAAAHTeptW79+71exC9srp6VzZv/mzL7//o3VX5y+/ea9ru0Om9MlF8KnKC4cP33pc/HT0pb77xRstjWNuChXvZGe7XjblhvgEAAAAAAAD0z8CkSFLaCS4oX7hvs3zju1+WW7VPG19na/zBkE2bN7U1BkDzalP4CiUDAAAAAAAAQI8MVIChE772rc9bj0Y+96XPyM133pVPP/k48PzHH9zq5tAwIHT9AC2YKgoAAAAAAAAAeoMAQxdMfH9czj3/YuxrQKeQGgkAAAAAAABAvwxUDQYAAAAAAAAAANAZ8cUCAAAAAAAAAAAAYhBgAAAAAAAAAAAAqRFgAAAAAAAAAAAAqRFgAAAAAAAAAAAAqRFgAAAAAAAAAAAAqRFgAAAAAAAAAAAAqRFgAAAAAAAAAAAAqRFgAAAAAAAAAAAAqRFgAAAAAAAAAAAAqRFgAAAAAAAAAAAAqRFgAAAAAAAAAAAAqRFgAAAAAAAAAAAAqRFgAAAAAAAAAAAAqRFgAAAAAAAAAAAAqRFgAAAAAAAAAAAAqRFgAAAAAAAAAAAAqRFgAAAAAAAAAAAAqRFgAAAAAAAAAAAAqQ1UgGF19W7bffzj7U/k6h9vRR7v/PnjDoywkYpMjozI/SO7ZWapy5cKXDZfv6a6bl7KPbxs25aKsivJfK3X+9tQqjIzPiKTlV60sZXz9c88n6AhAAAAAAAAgFgDE2C4fv26jE+My2uvv9ZyHx+9u2oFE1SQIfz4r9f/W2qLH3VwxMAGFwoCWYv+9b/vKlZ9jeygQbhNMIiQpI3/es5rVnCJwBIAAAAAAADQqoEJMCwsLsry1aty6MePtxxkuH2r8QmIGwsfyuLs32Mf1fkP5F77hyiQxGhBLi4vy7XlCzI92u/BDDh9SmS8KF7ooCozU87fnc/qYiFjv1LMu6dOynl9AiUrs/U2s1n9vBcYSNLGOgHkXt9ud83XFgAAAAAAAEB6AxNg+MGBA/LM00/LnTt32goytOP9v92Rm7U7Pb8u0E/VatX0rFSdIEJuqiAqtJApFCSnX7ui/qxIxTmFkCuVrNf0n95rSdqooEXRDjZYwQz9ur8tAAAAAAAAgLQGJsCgPPrII/LMM/0NMvzz03uNG/jSuNw/EpPqxc+tIeA9gilmdO2GYD/V4m7DrnLf8y3VJfCupcYQ35d/TIbaEk3uSafACfap0+Q4ufVjajAkvr/wGALz1GT8bc1NeIy+ezLdp3HMaiwNrqffF7hHw1w0nANvHPH3Y7dxPzv9mVj9ZCXrnB5Y0gGIparYU5iRzAPq+hWnH+fv+mfnREpZRQ+StKlfrXzOvoYOZgAAAAAAAABo30AFGJQfPvJo34MMcaxF2tCCf9P2hkK1cc83oxbuI8GJFgvhqjFE+jLcWzCNTbJ78haJvR3qslSRsrU6nZHpKXPem6T3ZxyDWhxPMP4kms3NkmnHfyXvvCcjuQlnidxdXHfGoicjWwimhTqXD15P9TUevsfgGNLMQaT/hN8bfXogHOzKlcJprbyAQTCQkLCN77shld0xgRsAAAAAAAAAaQ1cgEFRQYa9e/bI7du3Jf/TKbl582a/hyRqUXZGL9K69QPqj/MxO66XivIT3T5bstv68thLpdhkR320vxm91ur210b9At89uGNyF3pN7erXkoT3NJqVnDMuvRhfPVdx8vl7r7V2f97nkCstB9v5+zCNP+lcNZkb77rOo5QN3KOXSsgfYNFjiwZY1GkB+3peOiCVnmj6fKgOgXuCIN0cVJcy0ZoGVvAjY13DvUd933HfaXcYzmdqTK0UunaCNr7WUq5U6/NX8j6rSr7xCSEAAAAAAAAAsQYywPDr3/5GXpmfl61bt0rpl6dk27Zt/R5SINXL9CnfAuxoQaZNG/KvVJ2d5MEFZX8ee50WJhFjf6bTAL4UPcbUOTZ/Kppobn1zu+T35O3i14vuelE6M5E1L14nvT/fqQAvFZOX/ih8uiCYcqdDcxNOkxXZZe+lF9KnFtwAS/j0QmBOvPf5AzG5bHtz4N2Doa9YKoWTffojU7gQCKapEw3/P3v3HiVned8J/lfdrbtAiJtoNTZIdsvG2CSWhOwTJx4bDwFLQoGZxJNkvcsZBxEUaSzmzPyxhzHogBPP2bMzG+SRgmzh7OrE2cxM9gRGSDKYBOILtiMkeYwvgBoEQrQaEEI30LW7a+ut6kt1q7u63lK1urr78+G8dNV7fep9q6rVz/d9niep9G9uHrozo3LWKZYEJk+uXpwPPtb3O4cAAAAAQDoNI12A8y0JF77ylXtj4sSJsfGb34hP/9anq36Mbz315/GTF58acNnnX/l8/Mf/tKbqxxzIvHzla5o7vIdJz53x525eV4VyvtJ87dpoyd/53xwtXXfv93QfNFr0Pzc93RAtjvXdLQ4G6JooCSke3Jab1xUGbOtucVB2Bf8I6wkxFsfdRS0c7l68Nh8uJJX+Pa0hugeEntf1uCuI6RsulFhnXmF2y6DdKwEAAAAAlRhXLRjOR7iQSMKFT93zx/HP/49/32dK5j31zHcH3uiDzV13mbfEg18vuqN6sC5cBlm/Ze3aAQa9Lei9U3uA1g1F++td1q8sXfvt7lrn1RLdOG39em+FeO/jISp407ymnjvwc+X9ctfyAe7eT/36etYboKui4i6NBnTu56a3q6fmmDfA+j16Xv+2ePDmrtc/WGuXtM7pHJQwYNDUFQx0Py5u4bJ48dmtcYrGU8iHSeWs0zM+Q99rP3BQAQAAAACUa9y0YPi7Rx45L+FCtwtnXR7TZl7UZ96EyVMG32De6viL1dsKg+VuWxVXz+1dtGTdwOt33+3df/28nsr2Qrc4W/ut1zyvX+uGfIV1YYyD/KC7a8t9pYPId/PTbyelAoBUryn/CvKVxw/uTiqoy7h7v9zXV3wX/aq5fQdwTsYQGGL8gLKUOjcvdV2Xgdbpo9C904OrtvW+/i9XoWyJKp+D5p6WNEm3SHNjZX4fSTCQtGIodCv1YL9tuq9l93v3rGs2wPt78HWKztVZ176oBQUAAAAAkMq4acGwaNGi+MDcueclXKhUvi/6df0ryYv6ze8nf3f5WeufPX/Jur4DECfH+YvPn3X0uPvxfgMVL15X8d3qfQbS7drXQGXtr9zXVDhGb9//pc5T19plv75CP/0DvO6iO/vPRclz079Mpc5bz937+SdDvP50qnoOcq9h/VllK+oCaoBjd6/f/72blwQUJd7fA60z8LVO3hMDlwEAAAAAGFqmvSObHelCnC/t7R3R0FBf8fbH32qPX/7toSHXW/7QLfH5tfee1YLhvUOH4+n7vhY/eeaZistQ2/oO3FtxVzpj0nCcG+cbAAAAABg546aLpMS5hAuJqZc3xJzPXRDHWs+UPs6kwRuGZBoy51QG6NY7NoVufgAAAACA829cBQzVcOmHJ+enUiZMr4ujb74VZ06e6DP/xJFjw1k0xolkXITigb/7dhUFAAAAAHB+CBiGwed/++b4zje+NegyqBZdIwEAAAAAI2VcjcEAAAAAAABUx+CDBQAAAAAAAAxCwAAAAAAAAKQmYAAAAAAAAFITMAAAAAAAAKkJGAAAAAAAgNQEDAAAAAAAQGoCBgAAAAAAIDUBAwAAAAAAkJqAAQAAAAAASE3AAAAAAAAApCZgAAAAAAAAUhMwAAAAAAAAqQkYAAAAAACA1AQMAAAAAABAagIGAAAAAAAgNQFDBU7evT46976ZapuO7c/Hmf/78WEqEQAAAAAAnF8ChrQ6O6Pjpy1x+v/627I36di5O07+7xsje+jYMBYMAAAAAADOHwFDWnV1kZk2OTp+9nJk97QNuXr25Ok4/ed/G9HRGXXXXj385QMAAAAAgPNAwFCB+k9+JCKbjVMPbxty3TP/zxPRue9AZC6cGg2f/fXzULrRY+uquXH1zWujZaQLAgAAAABAagKGStTX5390/PgX0dn69qCrnXnkh3Hmb/6hsMknPhIxccJ5KR4AAAAAAAw3AUMFMhdNKzzozEb7Iz8YcJ1kEOgz33is53nDDR8/H0UDAAAAAIDzQsBQgbqrr+h53P7dHfmBn/to74jTf/7/RfbEqfzTzJRJUb9g3vksIgAAAAAADCsBQwUyl83oeZw98l50Pv9an+VnHt8eHT/tHVmgYcknIyYN3T1Sz5gEu9fGjXNzj7unVQOM9dB/ndy0ctsA+8tt27L2pt71usY86DNv7qrYOkiZutfru+9tsbKoXNU4DgAAAAAAo4uAoQJ1186JmFDf87zjx7/seZx990Sc+eaW3pVz6zX8i98qf+dJcPDliL/YsydeTabHV0fztlV9Q4bk+c1rY966rnW61tu9am7cuLbfkMm5df8k1vXuqyuYuLFldde262JJEhgMFGLkNK9+ItYvjtj69e7BmFviwZtXxdbFuX2uW1y14wAAAAAAMLoIGCqQmTY56q4q6ibpuT09j5NwIWnV0K3hMx+PuqZLU+x9caxPKui7n85bHX+xOvds27auu/8LlfTdFf/Rb72WtWv7thLo3r7r8d2Lu47REw4sjsXJw5daol800WPJunWxZPfa+JO1uXXWrooHdxdvX73jAAAAAAAweggYKlTXfGXP46SLpOyx43HmfzwTZ7b+pHelCfUxFAiIBgAAIABJREFU4UufT7fjec3Rf7SG5uak4r4lWnbnfuxuid351ZrP2rTPet0+2BxnrdnvGAPtq69C6BFrb4ob10bc/XjSGqGfqhwHAAAAAIDRomGkCzBaZRp6u0iK02ei/b89nQ8YkgGeu034nd+MutmXjEDpAAAAAABgeGnBUKmigZ4Tp//qycgePd7zPHPB1Gj4wmfS77erhUKxrdu2RcxbHEuS5gBdrQJ2t5zd0VBLfl5zNPdvAnHOWuLBL6+NWP1EPLk68o91cwQAAAAAML4JGCqUmTqp5PKG3/101M2aWcGe+w2EvG1VrMw9XfLl7nEZFsfd+bEWbsrPL14vGeA5P15CBUftc/y5c/sMKr111U3xYBTGWGhevS7ujrVxo8GaAQAAAADGNV0kVaju6isGXZaZc0VM/MPPVbbjeatjffPauHruqp5ZS9bt6TOgczLA86vNq+LqVXOLBnRujrsf3xN3n3Prhb4tILbmjrFyW7Lv7oAj9/jrq2Przcnx18Wr/Qd7BgAAAABgXMi0d2SzI12I0Sh78Ggc/5drcg/6nr7MlEkx+b98Oeqam1LvM1+Z/9LqeLKnMh8AAAAAAGqTLpIqlLnkwpiw7Df6zps2OSb/5xUVhQsAAAAAADCa6CLpHGQ+MDuivi4imzuRn/m1mPAHn4u6eVeOdLEAAAAAAGDYCRjOQWbq5Gj43IKIzs6Y+O++MOTAzwAAAAAAMFYYg6FC2bePREyaENl9B6LuI1eNdHEAAAAAAOC8EjAAAAAAAACpGeQZAAAAAABITcAAAAAAAACkJmAAAAAAAABSEzAAAAAAAACpCRgAAAAAAIDUBAwAAAAAAEBqDefzYPfu+tc9j7+38d+ez0MDMI58/6HrRroIAAAAAGOeFgwAAAAAAEBqAgYAAAAAACA1AQMAAAAAAJCagAEAAAAAAEhNwAAAAAAAAKQmYAAAAAAAAFITMAAAAAAAAKkJGAAAAAAAgNQaRroA59PU+oh50+ti3/FsHDyTzc+7ZEImPjg907NONjLx6vHOeOtUdqSKCQAAAAAANW/cBAwNmYh//8GJcfnETHxr75megOH9UzLxv145oc+6nbnpwZdPx57jQgYAAAAAABhIzXaRlMlUt3L/komZfLhQjuSkzJtWs6dm2Nxw53XxzJpZMadK25/r/io1UscFAAAAABhParIFw+TpR+Njn38kXv7JZ+KdfVdVZZ91/bKFiyaUDhvqMoMvn3PLvPj20slnzX/qm8/FvTsrKt6oUHjdp+LeP94bT521dHLMaRyBQp2lVsoBAAAAADC21WTAMKOxNabMOBTX3rg5fvnksopDhsWXN8TiWfXxZy2n+8y/5oK6+P0r6/OPf3ako7JC7n8zvnj/m/FKRRvPiK9+I/eaxlQgcTK+df9z8a2RLkbNlAMAAAAAYGyryX6A3my5Jlp+eEPU1XXkQ4aL37e3qvv/jYvrY1p95KfkMQAAAAAAkE5NtmBItL1wXWQymWj+1D+cc0uG86m7+6S+3SUVWizcsHNvfLFtVm/3SndeFzfkfryyZXd88bGThXmzc8uLxw/o11IiGV/gq41vxr27cvtM9pNffiRuWDMvvtTWb/9xpF93RpPjj5L1Zscgy89Nd9nOatnR/zXlzsOnvnnkrO36vqZkH6XLO9h2cwYqxxDntecadT0b691dAQAAAACcq5oNGBL7n/9Y/udoChleeWx33Nt4XXx16az4y53dleSFcKFQqX4kPvXYIF0kLbgqnrlzUvzl/c/FF/cnMwoV7N9eE2dVln+1Lbe/P+6upJ/cs/1Xt+zOzU/CisIxvnrnjHiqqzJ/zi2zIjY+F58q2vdX18yKVyru6qkMScX+8jfji3/8XOEY+Yr+q+LbtxSFKgO+pjLLO9B2/csw5HktnKs5ybnrKtMNuWPP2TmM5wUAAAAAYJSryS6SiiUhw1t75kVdfXtc89mt0TDp1EgXqSCpKP/GdfFMz1R89/veeCqp+L5lcsy55f3xpdlH4t6iO/YHNjn+aGkSBuyOb+3vnncyvrXxzXhl9oy4YXbxuoPsb/+bcW9Ppf2R+MstuccLLuop1yuP7e277y25fcyefHaFfFXlylocCCRlzJVrztJZPeXqWa/fayqvvEOd2zLOa9c+X9nfG3g89ZhwAQAAAACglJpuwZCYfc3P4/K5u6OzoyGef3pJtJ+aNNJFKig5yHOhUv3byV3ycTL+8v4yuiGaPSM+Ozvy3fvcMMDiVxqTY3Yf++TAx20bZH6RfLdCC/qWdVgNUNZX9ich0aSYk1TuD/GahizvYOeiWznndeeReHr/rPhSss45Dd4NAAAAADB+1HTAkIQLSfdInZ31o6J7pGoYvr7/u8cYKBrHIN910HAcqxqqW97S5/VkfOv+5+JbXeM0fPsbs4YIkAAAAAAAqNkukkZ3uDA5/mj5rIhk8OYtEV9aPmvoboi67sSfM3vyUGtWJt9VUt/WFHNmn4fWIAN0wXTDghm513sknto/4BYF1SpvmvO6vzBWRH6sjNmz4ksLht4EAAAAAGC8qsmAYVbz81UPF051plv/dDZb8bFuuHNefCkK4yG88thr8ZcxK75954yz1utb6V0YM2HO0nl9uwSaPfC2lZkcVzf27verS4cpzOhjRn6g6R7JQNS51/fUlnJaB1SjvGWc167xMvo6Ga+2VXA4AAAAAIBxoia7SDryxpVx/MjMePknn6lay4V3Tmfj+wc74jcuro+GTOl1953IxvZDHaVXmt3VlU6xnXvj3kgq0JM777sr0AsDCn92TdK9z97C3fFdAxM/c+e8eGZpxCtJS4d8GJH7GfPi28XjBeS76qnCOAm5sn1xS9G+k/3myvDt1F0OJV0XXRdf7bfvTw020HIyqHPbrPwg2N3K6gaqauWNoc9r7vHTS5OBursXJteveFBoAAAAAAD6y7R3nMOt+indu+tf9zz+3sZ/W3LdTCYb2ewQScAQFl/eEItn1ceftZyOtpPn7WUCMMK+/9B1I10EAAAAgDGvJlswJM41XEh0dmUn111QF++fMnTA8NzRbJzoEEQAAAAAAMBQajZgqIbd73VGMvTCLVeU9zKTlg4nhugZCQAAAAAAGOMBw57j2fjT3afj6ql1kYmhWyYcPnMeCgUAAAAAAGPAmA4YEm+dyuYmzRIAAAAAAKCa6ka6AAAAAAAAwOgjYAAAAAAAAFITMAAAAAAAAKkJGAAAAAAAgNQEDAAAAAAAQGoCBgAAAAAAIDUBAwAAAAAAkFqmvSObHelCAAAAAAAAo4sWDAAAAAAAQGoCBgAAAAAAIDUBAwAAAAAAkJqAAQAAAAAASE3AAAAAAAAApCZgAAAAAAAAUhMwAAAAAAAAqQkYAAAAAACA1MZ0wHDm1Mmen92PTxw9XNa87p8AAAAAAMDZGka6AMPp5R8/FZOnXxh7d/0o//yq+b8RP9vyX+PXlv7+kPNOvns0PvyZxSNWdgAAAAAAqGWZ9o5sdqQLMZD29o5oaKg/p308/9SWeCE3VeLDNyyNa3LTWLF11dxYGevi1XVjITRpiQdvvike/OBYeT298tfppdXx5OOro3mkCwMAAAAAUEJNdpH0+uuvx82fvzm+/4Pvj3RRBrdtVVw9d27vdPPaaBnpMjGAbbGy+DrlppXbRrpMAAAAAACjX00GDNuffTb2vPJKLL/zj6sWMkybeUlZUzla1t4UV6+KWL9nT7zaPX25Jf5k7fmIGAoV5irJh5a/TnNzF2pd0XXKTYu33RQP7h7p0gEAAAAAjG41OQbDv7jttjh58mT8h698JR8ybPzmN+LTv/Xpc9rnb/+7PytrvUe+ctcQa2yLB9e2RPPqdbGkePbidfFkpYWj+ratihvXRtz9+J64e17fRUvWPTEyZQIAAAAAGENqsgVD4g//4A/iT//0q3H69OmqtGRIxmMoZypXS0s5rRX6dc9T1I1S0td+8nxr/i774mXJ+ALFXfqsiq3dx+y6I39r9/a55Tf2aTUx+PGizz7O3neP3WvjxpL76HuM0i0pBn8tPctWbRu6TP27o1o1VPON3L6/vi0fAvUPFwbU/zWf9brKLesQ52bI45RZvnO6JgAAAAAA1VGzAUPif/mDP6xayPBC14DPQ01DWxyLk3GFk0rvUhXd+UrxVbF79RO93fN8PWJr8Sa718bKltWFZV2D+rasXRvx9e7ufJ6Iu+dti5VdFcrN+X0VWk4s6er258nVzeUfL7fOnyQDPeeXJ/vp3XfPPm7eFkseLzp+rI0be9ZJKrL7HmNxy+BjT5R6LSXLVHxeu87zkqJujtbnylSyi6Pd22Jrbvm85jKGSc6/5rUxr7gbpdy12L2qf3gzVFmHODdpjnNW+ap3TQAAAAAAqqWmA4ZEEjLcsnRpnDp1Klb9my/H0aNHK9pP0kVSOVM5ksrufMV+9531ZwUNhTvo890mrS6q5J63Ou5eXLze4li/rs+MfnfdN8fdX84t390SpYcMKPN4ued/0bN8cdydPO7Zd2EfSfdBfY7/9dXR3FVh371uccX9ktWFYGQgZb2Wgcq0bVtXy4BCBX4SrKwveh19yziY5mj+4FDrDLz/7jIlAUmfFgqlylry3KQ8To/qXxMAAAAAgGqp+YDhr//m/43HtmyJSZMmxbr/8vW48MILR7pIec1dd4yv727NMLdo4OCuyt8lixeX2kVSKxwD1ZN3d39UXndAKY73webBK5679tHn2D3d8eT+eykp7+JYMq+3e6dy7pIf8rWULNPZledVVWL/zfl5udddnIaUKmupc5P2OD3bDc81AQAAAACohpoc5LlbEi585Sv3xsSJE895oOfv/uf/UMWS9UpaMyzJ99F/U25aFc17+g3+nEqhu5utScuG7v3kuwiqWnGHlLye9YPmFM2FQZN3F7rouXHu2vxd+E8+PtAd8yP4WvLBTUts/U5L3D3vfN3Ln+bcpFO9awIAAAAAUD0124KhmuFC4sM3LC1rqkxX9z/dulom7C5rIOgi+e52kgrj3pCirMGkKz1epftIKrCT/v6T7p12r40HB2pkUelrKatMg9zx36MwTsbgXQ8Ntf/usjZHczmDRPfZ5wDnptLjVPuaAAAAAABUUU0GDH/3yCNVDRcS19ywtKxpaMmd+Tf1G2S4ewyExV2V6YX++VvW3hQr+w2yvHLIit+urm8Su9fGnwwyAHDfSudzOd4Q+0jujO/u2igZlPqs8pQa66C811KqTIWgYFWf87111arSwUF0j9MwyLW6uXve4OctGXh5yboUrVFKnptKjzMc1wQAAAAAoDpqsoukRYsWxQfmzo377ru3KuFConpdJCVd/kSsTPrCL5qbH5OhaIDl/PPmpEugub2V4YvXxavrSu06GaT5prixe5vkrvR1i3PP+x0/N+/qVTfF1WsLx0kGdq7oeP3k9xVFx+8uw+OLex4v/noyDkDPFnH344MMuFzWaxla0j1Q5Pax8ua58WDPvNwxX7qp5/kgrybfddCStbkyFG3bv8wDnrfubofStF4Y4txUepyqXhMAAAAAgCrKtHdksyNdiIG0t3dEQ0P9Oe3j+ae2xAu5qRIfLrtFAwAAAAAAjD812UVS4lzDBQAAAAAAYPjUbMBQDZm6uvj4rV+Mi98/Nz8lj+saGsqal2wLAAAAAAAMrGa7SKqGM6dOxoRJk/M/E8njE0cPx5QLLxpyXve2AAAAAADA2cZ0wAAAAAAAAAwP/QABAAAAAACpCRgAAAAAAIDUBAwAAAAAAEBqAgYAAAAAACA1AQMAAAAAAJCagAEAAAAAAEhNwAAAAAAAAKQmYAAAAAAAAFITMAAAAAAAAKkJGAAAAAAAgNQEDAAAAAAAQGoCBgAAAAAAIDUBAwAAAAAAkJqAAQAAAAAASE3AAAAAAAAApCZgAAAAAAAAUhMwAAAAAAAAqQkYAAAAAACA1AQMAAAAAABAagIGAAAAAAAgNQEDAAAAAACQmoABAAAAAABITcAAAAAAAACkJmAAAAAAAABSEzAAAAAAAACpCRgAAAAAAIDUBAwAAAAAAEBqAgYAAAAAACA1AQMAAAAAAJCagAEAAAAAAEhNwAAAAAAAAKQmYAAAAAAAAFITMAAAAAAAAKkJGAAAAAAAgNQEDAAAAAAAQGoCBgAAAAAAIDUBAwAAAAAAkJqAAQAAAAAASE3AAAAAAAAApCZgAAAAAAAAUhMwAAAAAAAAqQkYAAAAAACA1AQMAAAAAABAagIGAAAAAAAgNQEDAAAAAACQmoABAAAAAABITcAAAAAAAACkVkHA0BaPrlkR63d0Pd2xMW6/Y0V+6pkHAAAAAACMaRUFDK2t8+P6hYXHjz62Kxbd9VBsun9JtD62JVqrXUIAAAAAAKDmVBAwNEZTU1vsT5KEHVvikVgStyZhQ9PsaGptEzAAAAAAAMA4UFHAcOstjfHImhVx+4a2uO3OpdGUm9u6eUtsb2rMPwYAAAAAAMa2THtHNjvShQAAAAAAAEaXClowAAAAAAAA412FAcOuWH/Hirg9mdYkAzu3xaNrVsQ9m9uqWzoAAAAAAKAmVRAwJGHCxoi7HopN9y/pGnOhMW69c0lEMg5DlQsIAAAAAADUnooChtbW+XH9wuoXBgAAAAAAGB0qCBiScGFXrN+wq8/c7Y9tjdaFC2JRlQoGAAAAAADUrkx7RzZbyYbbN6yI9TuKZixcHpvuml+lYgEAAAAAALWs4oABAAAAAAAYvyroImlXrL9j49mDOe/YGLev2RKt1SgVAAAAAABQ0yoIGAbR2BhNrW0CBgAAAAAAGAdSdJE0SMuFIk3L7ouvLWusSsEAAAAAAIDaVcEYDEnQsDOuf3h5LBqeMgEAAAAAADXOIM8AAAAAAEBq5Y3B0Lol7rnjgXjUAAsAAAAAAEBOQ/pNSo3FMD9W6joJAAAAAADGPF0kAQAAAAAAqZXXRVIfSQuGFbF+R/ULAwAAAAAAjA4VdJHUGE1NjckPAAAAAABgnKqgBUNj3HpLYzzyzS1hzGcAAAAAABifKhiDwSDPAAAAAAAw3hnkGQAAAAAASK2CLpIAAAAAAIDxroJBngu2b1gR63f0Pm9adl98bZmRnwEAAAAAYDyoqIukfLgQy2PTXfNLzgMAAAAAAMamCrpI2hXP7miM227pGyQsumVJNO3YOcjgzwAAAAAAwFhiDAYAAAAAACC1CgKG+XH9wrZ45JtborVnXls8+s2t0bpwQSyqYuEAAAAAAIDaVNEYDInWzQ/EPZvbemcsNP4CAAAAAACMFxUHDAAAAAAAwPhV0SDP6+94IB5tHXpNAAAAAABgbKqwBUNbPLrmgXikNaJp2X3xtWWN1S8ZAAAAAABQs865i6SesRialsTX7l8aTdUqGQAAAAAAULOqNwbDjo1x+4aIlQ8vj0VV2SEAAAAAAFCrGs51B9s3rIj1O6LQguFhLRgAAAAAAGA8qDBg6DsGw6aHjcEAAAAAAADjSQUBw65Yf8eWaLr/odikuQIAAAAAAIxL1RuDAQAAAAAAGDcq6yIpP6DzrgEWzDfIMwAAAAAAjAOVdZG0oS1uu/+huLVtY9y+Y0Fsumt+tG5+IB6dLVwAAAAAAIDxoO6ctm5sjKa2/dEayWDPSyM2bIzt1SkXAAAAAABQwyoIGObH9QvbYvvOtoim2dHU2pYPGKK1EDQAAAAAAABjX8WDPLfu2BWxcH40FY3H0LTsvvjassaqFhAAAAAAAKg9FQcMAAAAAADA+HVuYzAAAAAAAADjUpkBw65Yf0ffAZxbNz8Q92xuG5ZCAQAAAAAAtU0LBgAAAAAAIDUBAwAAAAAAkJqAAQAAAAAASC3T3pHNDr3a2WMwDGx+rHx4eSyqQsEAAAAAAIDaVWbAAAAAAAAA0EsXSQAAAAAAQGoCBgAAAAAAIDUBAwAAAAAAkJqAAQAAAAAASK2CgKEtHl2zIu7Z3NZnbuvmB+L2NVuitUoFAwAAAAAAapcWDAAAAAAAQGqZ9o5sdqQLAQAAAAAAjC7D0oLhhz/6SbzwYstw7BoAAAAAAKgBKQKGwtgLt99RmPqPwRCxK9bfsTG25x794Jkfx/Mv7q5mOQEAAAAAgBrSUO6K2zc8ENsX3Beb7m+MQtjwQNy+f3lsumv+MBYPAAAAAACoRWW2YNgVz+5ojEULGrueN8at998Xt7VtjPU7hq1sAAAAAABAjUrRRVJjzG7q+/zWO5dE64ZCt0gAAAAAAMD4UWbA0BhNTUkrhn6zm5bGymVtPWMvAAAAAAAA40PZAcOtt8zPj8PwaGvfJU3L7otNd4WQAQAAAAAAxpFMe0c2W+2d/sf/88/jwx+aF7ctW1LtXQMAAAAAADVgWAIGAAAAAABgbEsxyDMAAAAAAECBgAEAAAAAAEhNwAAAAAAAAKQmYAAAAAAAAFITMAAAAAAAAKlVFjBk2yNOvxHRfqTKxQEAAAAAAEaDigKGzLu7ou6NhyPz3i+rXR4AAAAAAGAUqKwFw6F/iMxbfxVx4hcRnaeqXCQAAAAAAKDWpQ8YTu6NzLs7Ik7ti8yRH0TmRMswFAsAAAAAAKhl6QKG9kOReWdzZE68EJHtzAcMcfRHufmHcws7h6eEAAAAAABAzcm0d2Szgy49tS/qXv9PEcd+EpkzhyKypyI6T0R0vJd73JHbui6i/oKIusm5aVJk62dEXPTPo3PW7RFTP3weXwYAAAAAAHA+NZRcOrExspf+XmEw59O/isie6bs82xnRfiT3IJnqImY0R/bi346Y8oFhKzAAAAAAADDySrdgSGRPR+bdn0dm359F5vBTEZ0nB9hLQ2Qv+Z3Izl4V2Qvm555PGqbiAgAAAAAAtWDoMRgyEyM77brovPrPInvBJwdcJTtzSWRn/5vITl8gXAAAAAAAgHGgvEGe6ybkpqkRmfqBlyfz66bkpolVLBoAAAAAAFCrygsYcjKn9kR0HO56MjFiwsxCqJA4vS+i/a3hKB8AAAAAAFCDSg/yXOz4i5E5czCyU6+N7BW3R0y/PuLYTyLz5l9F5uSrkT3VNozFBAAAAAAAakn5AUP725G99PciO/PmyE67NqJ+esTUD0dc8ImIt/82InsmouNYbv4Fw1hcAAAAAACgFmTaO7LZoVfLrXJqb+5n0jXSpX3HWkiChdNJ90iZ3LJLcssM8gwAAAAAAGNdmQFDIlktM8TyGGIdAAAAAABgLCi/i6QhgwPBAgAAAAAAjBd1I10AAAAAAABg9BEwAAAAAAAAqQkYAAAAAACA1AQMAAAAAABAagIGAAAAAAAgNQEDAAAAAACQmoABAAAAAABITcAAAAAAAACkJmAAAAAAAABSEzAAAAAAAACpCRgAAAAAAIDUBAwAAAAAAEBqAgYAAAAAACA1AQMAAAAAAJCagAEAAAAAAEhNwAAAAAAAAKQmYAAAAAAAAFITMAAAAAAAAKkJGAAAAAAAgNQEDAAAAAAAQGoCBgAAAAAAIDUBAwAAAAAAkJqAAQAAAAAASE3AAAAAAAAApCZgAAAAAAAAUmuobLO2eHTNA/FIa++cpmX3xdeWNVanVAAAAAAAQE3LtHdks2k32r5hRayP5bHprvldc7oCh8bieQAAAAAAwFhVQRdJu+LZHY1x2y3FQUJj3HrnkmjasTO2V61oAAAAAABAraogYGiMpqbqFwQAAAAAABg9KgoYbr2lMR55bFefudsf2xqxbGksqlLBAAAAAACA2lXmGAy7Yv0dG8vo/mh+rHx4uZABAAAAAADGuIoGeQYAAAAAAMa3CrpIAgAAAAAAxrsKA4aky6QVcXsyrdkSrdEWj65ZEfdsbqtu6QAAAAAAgJpUQcCQhAkbI+56KDbdvySa8vMa49Y7l0Rs3lLGOA0AAAAAAMBoV1HA0No6P65fWP3CAAAAAAAAo0MFAUMSLuyK9Rt29Zm7/bGt0bpwQSyqUsEAAAAAAIDalWnvyGYr2XD7hhWxfkfRjIXLY9Nd86tULAAAAAAAoJZVHDAAAAAAAADjV5ldJO2K9XesiNv7dYsEAAAAAACMT+laMOzYWBQyzI+VDy835gIAAAAAAIxD59BFUtKqYWNs73q26K6HYuXCqpULAAAAAACoYec+BkPrlrhnzdZozT/RqgEAAAAAAMaDhso2a4tH1zwQj7QWzVq4PDbdNb8qhQIAAAAAAGpbqoBh+4YVsX5H8ZzGuO3+++LWpuoWCgAAAAAAqG1lBgx9x1toWnZffG1Z47AVCgAAAAAAqG0px2DoDhq0XAAAAAAAgPGswkGe+4/BYHBnAAAAAAAYTyoMGPrrbtkgaAAAAAAAgPEg1SDPZ+ttybDorodi08LqFAoAAAAAAKhtKQOGvoM9R34shodik7EYAAAAAABgXCmziyRdIAEAAAAAAL2qNAYDAAAAAAAwntSNdAEAAAAAAIDRR8AAAAAAAACkJmAAAAAAAABSEzAAAAAAAACpNaRZuTM3nerIxqncg85sIZ2YVJ+JibkHuR8AAAAAAMA4UVbAkM1Nx9sjDp7ORuuJznj7VMTJjiRciLh8ciZm56ZLJ2Zicu55naABAAAAAADGvEx7RzZbaoVk4dEzET873BHPHemMI2f6Lp9SH3HRxEx8aHomrrmwLmbmHssYAAAAAABgbBuyBUPScuFHb3fEr452xsnOwryka6T63P8m1mXi2gvr8q0Wnj+WjZMdnbHw4rqYMUHEAAAAAAAAY1nJgKEzm823Wnjpvd5wITFjYiYun5SJximFlgtJoHBBQ2f84mhnXPhuNj5+USYaZAwAAAAAADBmlQwYjrVHvPxuNv8zkbRUSKarpmTiE5fUxaWTelOEa2fUxdunsvH6e53x/smZmDVFwgAAAAAAAGNVXamFb5yKONEZMbErWLhoQibmTq2Lq6ZnYlq/JgrT6iNmT8nE6Wwm3mkf1jIDAAAAAAAjrGQLhqOnO2N6XcT7Z9TF6yezcdmETHx8ZjLGQsSZzmxMhU31AAAe8ElEQVRuiphcn4kJuXWSuGFaQ/IzG8fbk6GhtWAAAAAAAICxaohBnjPRGdm45oJMvG9qJnYc6oxH93dEZLs2rov4jUvr49rc8uRxfSYTGcECAAAAAACMeSUDhgtyS493FrpJuubCQjOFHx7ozI+10JUxxOHTnXEmW5/f0btJy4XcOlOGiC0AAAAAAIDRreQYDFdMqYvJmYjXjmfj6JmIa6bXxVXTCq0Vur3XHnHsTGH5GycjkqEZLm7QigEAAAAAAMaykm0NLpoQMXd6Jn51LBtXTM7Ghy7IxGWTMjFjQibeOR3Rmc3GTw93xou55TMn5p7ntvnYjLq4fIqAAQAAAAAAxrIhOzOaP7MuDp7qjB8c6Ij32uviIxdkIputi+3vdOZDhsSJjmycPhXx6zPqonl6pnSzCAAAAAAAYNTLtHdks0Ot9F57Nn50sDN+ebQzJmYiJtVn4siZbJzsyO0g93xyfcSvzaiLBTPrY8aE81FsAAAAAABgJJUVMHRrPZ6NF491xusns3GiI2JKfcSVU+riwxdkYtbkTNTrGQkAAAAAAMaFVAEDAAAAAABAwnAJAAAAAABAagIGAAAAAAAgNQEDAAAAAACQWsNIF+BM5+l4r/1onM797My2R9aQEADjRl2mPhrqJsa0hgticv2UkS4OAAAAACmM6CDPx9vfjSOnD47U4QGoIZPrp8XMSZeOdDEAAAAAKNOIdZHUkW2Po2feGanDA1BjTna8F8c73h3pYgAAAABQphELGE52nNAdEgB9nOo4OdJFAAAAAKBMIxYw1GdGfPgHAGpMfaZ+pIsAAAAAQJlGLGCYVDc5P7AnACSSAZ+n1k8f6WIAAAAAUKYRHeS5M9sZh08fjFMdx0eqCADUgCRwvmjiJTFB8AwAAAAwaoxowNAtGfD5dOepaO88M9JFAeA8SlotTMhMjIn1k0a6KAAAAACkVBMBAwAAAAAAMLqM2BgMAAAAAADA6CVgAAAAAAAAUhMwAAAAAAAAqQkYAAAAAACA1AQMAAAAAABAagIGAAAAAAAgNQEDAAAAAACQmoABAAAAAABIrWGkCwDFstlsvP3221FXVxeXXHLJSBcHxo2Ojo44evRovHvsWEyeMiUuuuiimDBhwkgXCwAAAIAaNmoDhpYjLbHn8J5o72yPCyZcEAuvuD6mNkwZ6WJxjl56qSV27tgRzfPmCRiGcPDgwfjHp5+Kt956q6z1k9DmyiuvjCVLbxnmkjGaHD9+PHbu3BH/9E8/ibcPHMgHDYkZM2bExz8+P65f9Im4/PLLR7iUAAAAANSi0RswHGqJXx78ZT5gmFQ/Ka699KMChlEsabnw/PO/ir//+ydj32uvxcyZM+PkyZMxefLkkS5azTp96lTsfW1vtL7+elnr19fXRyaTGeZSMZok4dR3tm2NF154Pk6fPp3/HHY7dOhQ/OM/Ph0v73k5brrp5pg370PeP6PEi08/F68+2xInj50oe5uJUydF86c/Glct+GBMmKzlSrUcOXggnvvh03Hm9KlB18nk/ks+eZ+46ZaYduGM81e4GnLiyKF44emt0fqLXdHZ0V5y3UxdXVz2gWti0b/6o6irH7X/jAUAABgzRs1fZifaT8Rzbz8XzRc1R0e2M1rf3R9nOs7k/ijPxsn2k7Hn6J6YWD8xN39fTK6fErOnz46JdRNHutgMIanQfKOtLX784x/Fz3/+XBw7diw6Ozvj8OHDsb+1NeZ+4AMjXcSalpy/4krhUpLzWu66jH1Jy4Unv/tEPthLwoXE4iVL46PXfjReevmleOaZH8abb7wRr+3dG9//3vdi4oSJMWfu3BEuNeU4uPdAvHfo3eQLIl8Zm8199ody4mh7HHvzUBzNTZdcpcVKNbx75HD8avszcezIO3HRpbMGXzF3nY4dORQ/2vp38bkv/G9RV19//gpZI04eOxIHXn4+Zn/k16OzoyP2/eyfzlonCRNmNX8kLmy8Ml5+5h9y79e2mDH7fSNQWgAAAIqNmoDhx/t/FD99+6fxw9YfJrf7xan2U/lwIZH8fPq1p+KHr38/OrIdceGki+J35i6Ly6denr8zcDDbN6yI9Tu6njQtia/dvzSayixPn21jfqx8eHksqvTFDaZ1S9yzZlcsuv++uLXcgtWopHL7wIEDsX9/a76f92PJdOxYvHXgrTj49tv51grt7b13LSbL2t5oKxkwVPUajKFzXRU7NsbtjzWm+kycm7Z4dM0D8Uhr37mL7nooVi48LwVIb5S/Z376013x6quv9IQLiWTchVlXXBEH3zkYEycWAtrks9vSsjve9773xRWNjTFlylAtxXbF+js2xvbupwuXx6a75g9Znr6f50Rj3HZO57ZQjhj0PZQs3xJNo/T6lZLtzOYrra+a/8G4ZO6s2LujJd557UBh/qAb5Tfp+l9/A38+C4bp91+xqn3Wzu81P3X8vdjX8ny05z5jR3O/5waVKXzO6urq8y0eZl5+xSArDnQdUpz/PudxiHOR/A7YEMN/bbvl3ndJgHDpnOboyP1boDtgSFpNNUyYmG8BkoRlM5quiivmfTRafvDdEi0dyn2/DrDeAP8WPPu7Kbfasvvia8sayzt2yn9fAgAAjDajImA4cOJA/M+3fxanOvp24TF9wrSYVD85Dp86HGc6z+SnxMETb8fzB38V03LLp0+YPuA+838wtuX+6Hu48Edf8vyeNVHGH4Fdfzw2Lo9ND3dXmuX+UN+Q+6O9jEq08aht//743vf+MV9JeeLEiZ476ZOp+HEi6RIpmffe8ffyd08PskfXYIwavNKmtNbND8Q9O+erxClTMs7CSy0t+ZZC/XV3g1T8XZuEf/v27Yu33nwzrrr66hJ7LlTqt+au46YKrmPx9c9f0zUbY/b5quAcg468dSiu/Pic+Njnr49f/f1P48CeNyLbMXRrhrM1xq33PxS35h+P3WCm6pLfcbnPWvJZ6hii25+8TF2+cn0oxZ+T/L9lxsrvvtx3T6auPjcV3qP1DRPiovddHRdeMite2fHDrlUyUd/TLdJgN5CU8X7Nhy1bozUJQO/vPXf57507dp0Vbvb/3ZSc99vv6BfupNwnAADAWDEqAoZstjPf/VHSTVK3BZcviEVXfCIm5ebvf29/fHfvE3Hk1NGeVg319RNKtF5oi/1tEYtu6a2MXHTLknh0TVskN50NFTC0tjbGbXcW/zGf+yPzropf3uCaluYDkNEsGR/gscc2xyuv7IkzZ86UXPfCCy+MCRMm5FsvnDp1Kt59991B1hyGazAGznUybsXv3HrboMuTipnp0wYO3KjAKH7PJJ+xY+8e6xnQuRyHjxyOI0ePlFxn+4aNsT2pXKsgXOivadnSWLR5Yzy7I/f9XKutWGrc0bZD8asn/2d89OYF+enn39kRB15uixhtPaWN4s/acHdL1zQ791nbuT/3b5f5Q4ero+Q8ZjJ1Mf3iy2LOJz8bl82dF/W5fxdMu3RW7Htu+9Abl6UtHv1mVxDQL5hJgoSV+1fE+m9uietLBNZJ67qmfAiahBfJeue+TwAAgNFqVAQMl065LL7Q/IX46xf/Ok6cORFTG6bmw4WZky7KV5rOuXBOfmyG597+eZzqOBWfmv2p+LVLr4upE6YOssfGuH5BYzzy2Ja4dWFXC4bHCn8Y5u9EG7I7hrZobYsSSUTfLkJ6u3kp3HnfesvyiKQiLubHTQt3xRPR9w/Snrux74xY368c+WWb27rWLL57brBjRldXB7sKj8vsrqQakpYIP/rRM/Haa3uHDBeS7liuuKIxjp84HgcPHixj76WuQXfXKN3nuaDUdVh5f2NuXve57l5+XzQ91t3VQf/uWorPd27Zstz7afN57E5iAJMmT465cz+Q71M/6YZqIAcyB2Lf6/vyjz/96X9W/s6778zsetp9LvN3zw72/k0qUgbZLp3S16O3+4qtcc8dW4ve4+V/Dlc+vCCePaf3TJT4nJX4bI6QpFukgcKFF194IT82QzIuyrvHjvVZltxZ3V7y7upd8eyO5LoM8v1yTt3cDHTNks9a/+5IBuouptzzX+77pfc4UdR1Si185/aXqcvEFc1NMfWiadH6i71x/OCxYQwX0nzelsb+NOe0z3unjO/nqnzvjAZt8ezOtqKbJQboFqy4q6OSn8F+12/hyLWISG4qOfnu0Tiy/7WY+8l/Fh2576uTxw7H8XdKdDOVRuvO2H7WTQq9Cjec5L7PWnPntcR3VdOC+dG0uWu9qM4+AQAARqNRETDUZeri0imXRn3uv6SFwuSGyfmWC91deTTUNeTmTc2vl5gx8cLc8kklx1/IN3ePBwoVkomyK4Hmx63LGuOeDSsKd+qetU1S+VHURUj+D/oH4tGiP+i3b9iZ+2P/oViZPMn98f9E7nlS6dIdFDy6uS0W3ZX8wbqlz54LFalJJcx9PUHIo0lFzMISx8zt454NbXFb0l1AvhI0t03r/PPSTD/pGikZRyFpjVBK0mrhuut+LV/pmYQRiUmTJsWMGTMG2WKoa1DQ/zzfvuGBPt0k9FmenMuztt+YP2+buiuxe+4+7N8NTKHCKynXSEo+D0mQ89Ndu+LosaNxwfQL8nfPJt1NHTl8OJqaruxZLxkLI03AsH1n5M9V/tTlz+XGuD6psFo4P9YP+v4tsd0gx0nCids3dz/rW1k82PXouZO0TxdJKT+HSeV4/3lp3jOtg33Ohi7HSEjGUWioP/vrf3/b/nzLoeQ9k4yLUmxi7jOZfC4H1ZrcRd0Y17flztuarsr1cxhHoXXzltie9F1eVDHc95oVdZXWFWoUuiLZGNHnfVP6mkbPvsp9vxSOu/6OFfn33qa7uo7b/d4e9L2Q/hycq6sXzovGj7wv9u56OfbteimmXnxBzPrQlVFXX/hd+c7rB+Jw6zvR2V5+S5aBpf28teU/O2Wf0wGOOPj3c/rvndGmz/dk8jvwnMOTftevBn6nJb+7kjEsjrW1xrFDB6Ij97utM0WLq5La2vLfVbMH+0w2zc69d7YOcSNJv/WiSvsEAAAYhepGugDlONl+Mr7z6nfiePvx/PNkzIWkW6T2zsLdtCc6TsS+Y/vidEdhsNJ/enN7/nn3mAwDyY+5sH9pbHr4ofz0tdlb4vY1Wwp3POa7ERi8UiwJJzYllRVJxcUdK3rvVE3s2BKPtBYqwAsrL4hFTW2xfWdb0fZLeys6Fi6N25p25bsBKWy/M1+pdmv/CoN8mJBU1hVVkuTKmV9vyGN23e3fdbzzVdGVVHInFd6luohIBpX9zGc+G9OnT4/XX9/XE0ZcPPPiuHrOnEG3K3kNuiy6a3m/81x0HqLfdRjwGMt7zlVy92FTa6ELrfw1iqLznfT3fEtt9H/dPZ7Fxz52Xfyr3/+D+Je/+3v58Ca5Wz15nky/+3tfiLq6dB/9RcuKunVobMx3B7E/ORlDvH8H3W4Qhev6UNfUt0Jw0OsxkLSfw+7XeU7vmQE+Z2WUYyRMmzYtLrvssrMCg0984pP598hv/uZvxcWXXNJn2aWXXJr/XJa2K9bvWND7vbos4pE1XXdFD/G9mshXnCaf59w00Jgafc5/17ldWRQwFpYXvR9j6GtavK9S16l3P4UWcFH0Ps/fydznvT0y37n9tb2wL362ZXvsfbYljh9+L+ob6mPi1IkxYUphqm9oyLdyOGfn/Hkr55z2Ver7IO33zmhT/D2Z/7dL8aDqleh//Wrgd1o29zsracHwk7/ZED/f+t/jzd2/OM8lyL1vzr2nt/OwTwAAgJE3KlowHDh+IF489GJ0RmHgv45sRzzx6uPxoZkfiikTpsZrR1+L/e+1Rme2sPzgiYOx+9DuuGzK5TFj0oSzd5ivrE/uju5XMbV5Y27+0jK7Upjfdedl4W7229csyVeG5Qd3iLb8nZjri9ZuWlD0eHbxX5hd3TXt2JU77vzYnvvZtOC+s29wK3HHXWupYyaVene1xe3J3f5R+SC6lZh50cxoaBj4LTZ16tT4yEeujY9ce22+pcMvfvHzOHToUL5yPLm7enZTU8yb96EhjjDwNShVl1c4VwV9r8PZBlue30dTGf1dj5CkhULSKuSNN9rifzz6SH5g7WReUqn83//bf80HOcf6dX9TWv9uaBK9FVGDv39LbZfeUNerWMnPRMr9lfWeGeRzVk45RkISMF370Y/Gq3tfzXeH1C35XCahX/JeKQ6hkufJ4M7/f3t3FxzVeR4A+NUPAoQEAkvIAox/ccAuSYDYiWtjd+LcJIqpHU+d1On0JtgT21NPO9Ne9Mq122kv2pnOtEOTFt+kF55xUsc2Nk57kUwat25CE1IgM22MJzgeA8Zg/iUEWqHqO6sVkthd7YpFP/A8zI7E7vnTOec7R/re871ve0fHBEvuioceuPi6WmkdhYmuT6P3f/F22JWlH9lxoHwAZ/+4zyd1nLqWFb8GTOM1d7wzJ3qi7+SZGDx/Pru2Hnn3UBx7/3AUiuMO9OfifP+lPxVes/ZWap8WUXp5tb3u1ELLorbYcP/ns4BO0tfbGzt/8K9DX3suedn5NvZ6PoAyyZvSTLynpdGqqfbC8tvXD31tivd2/bh2C8+CTjtL77PCaKyJdsjwdHdmp1eNlgkAADALzYoAQ2dLZ5Yiaf/p90fSR588dyp2HdmdpUVKIxdScKFQ4LmxrjFuarspFpSqwXCwzJPPVUu52Ltj/3Bu3QdTp8fyi5+8HV5x0SXk8/j+LOuMSjnM73y2SGdImT+Il5ddZ+RTKDwfI2krtiybmnzUqTPy1lW3xkdHjkRPT09WhDil6UkjE65feX1Wb2H3rl2xd+/bWYd36gBLnZpZ4GHNbVmgoTJjj0Hx/MapMPTQbnogn/7hUmT7e1slBcGnT9qPHR1L49OfuSu2vfpK1nHc0NAQ69avz1LfHDp0qOz8+Q7D4fOw8KT482NrlBSUPH8nmO9yKt8mKj3+VZ4zxdrZRG1zGq0aapsfX/vx6B1qm4WaHT/5yY/jnb174/jx43Hs6NHsvXTepFEwqV2mwFVJWQqQqTm++dUVa4cTHbPin9fmfBllmq654w2eT3fFCwGE3Nn+oVft11Pz/XcppvG6U0pj09zoWHZdzGnKjxjqOXUya1czxYy6p9XVRfOixbH6vs9H122fjHkL27Kiz8tu/2R88M7/xtwFLZe+jmyEzfZshM2DRYYUjKnJVUZhuvxImtosEwAAYDaaFSmSmuqbYuPye2J5y4q4d/nGrIhz85z5WUHnM7kz2YiGmxbdHJ+97rOxevHq2LB0Q3Q1d0VDfYk/4D+1IUuj8cq2Cx0fWb7vWB93FApKbn4uXikWhcg6K14fE6DY/7OdF0YXpGXv3x5bRi17xzcnSF+Q/bG7M/475bIvlU5jOOXEy/80at0jNRjKrPOnW0cKZuaXUW5DaiuNXrj7no3xld99NL7+xJPxta89lqVDSoGD1JH5ve+9EXv27M46N1NB6FRzYePGe7NplnZ2ll7wRMdg2I7XLkwz5vheqovOn52xpUiKpumURiyktEjnxtW/SCmoJiq4XSgcunzDhqKdTVlHyeg3Kjl/i81XQ1kH2eiUSZNph3EJ50ypdjbJ7ZgKqbB6ap/33vdb0d7enr333q9/Hbt2/U/s2/erbORLGrlw9933ZO3ymnEpky6WUqzEmGtUxdfVyRhuh6PbXqFuw+gUcxUd01oep2m85hbMmdcY9Y1VdmDXDc03tzHmtlQa2B1lBp/nl/O6U5m66Dl5PN7a/t340asvZq8d//baUPvqLTLt4EhtqUrlz/n1w0/GD4/g+WmhTRyMV16r4N40Q+5pg+cHYqD/XMxvuya6blsXc5pbsroLA7n+aJy/IK5ddXss7loZZ3uGR+BNOrtXVzz4eHdEqvOxbWwAbKTWVdmaXGmUzPjpLnWZAAAAs9esGMGQXNeyMrpv6I75jfOzkQqHeg/Fuyf3RW7oD9KGuob4TNeno7O5M9YsuS0a6xuy6UoXec4/3bhlc+mCsiWl9BePp46yJ0Z1WoyeN/80fXpqtbDsVLTyqbILzec7TnUEUk7qktM8+41YlmpHFApTpwKoz06wzk99MZY/k2oUDC+mJgUhK7dw4cLsSelcLhcnTpyIM31nspEKKb97GtGQOlNS2oiUlqWjvSMWL1mSdWqWfbpzwmOQd+eGyFJ27C/x+eSN39/5joMd35xovtqa09QUnUsvBGJSjvyCFLDpOX063n333Ww/p8BCeu/A/v0xMNRmiqeuGpVaJJ0nhbQuWd7650bSn9y5qXvck+olzt8J57vY2CLPhfQyFeyMrINsa35dw4W/q2+Hl3DOlGxnk9uOqdLa2prVXbjxhhvj7b1vZ+fHqdOnYm7T3Fi2bFncdPPNsWLFddl0ldTtSMfrqQOjrlE1bXfj5ZcdKT3a5sIGXJwmrbJjWsPjNM3X3GT159ZF15qVkTs3UTDxgsa5c6Jt2TUxv23BJNY4g87zSVx3LpeU4qd18ZI4ceTD+OC9fSO/k6TfYdL1eIyU2m7uvGhuXTjhcsdeJ9M5XTjn853cO54ptImueGjT+pg4wjL997SUBqlh6Of/5Q/fiMZ5pYNcaQ+e7++PpnnNMW/R4smvMKsJsyG7542+5+RHH10cCCh2b/rW+NGmVS4TAADgSlGXGyhTgXcGe/PAm7Hn8O7IDeZiQVNrPHzzl6Jtbtt0bxYlpM6U9OR8CjSM71hJQYb0NHXq9K62+HBx+ZoM8fWpS0uSOh+KFaW9nNL+TEGbgVy+2Hl9Q0MWmPmX73w7Vq9ZE3fccWeWnmr37l3x1lv/GX/+F38ZR48ejbN9fbF16z/GM3/23BRt6Www9efMTJJGu6QRCyl9Vvo+tcNUADql1ipVR4WZKwVxB/oHstoLlapvqM+uITUp+kwm138ujn34QRz/6HCcHyh/LNLAhUVLOqJjxcoa3Qdnl9y5s3Hy4Ptx8vDBoX2VKzttSpnU2nFtLLn+lqtyXwEAAMw0s7bn6BPtn4hVi26J84OD0VjfGK1NrRXP+1d//bfxf798u+hnqz92a/zpn/xRrTaTYYUOy/Sa/XbGlmcOxIMjwYR8aonlm4qnFLpcUj78QmqbghRA6DvbF//x5o+ywELqaDx96lTWcbxly9+PTNfbWyw9B1erFJhqaWnJXpPx8rbtQ23g9ZKff+v5b0x205iEFLRtbJq1t/crRuOcpmjvWhFt7Z3Ztbisuvz0V2uHeapTsfi6G6P12uUTBsaykY9NV+++AgAAmGlmbQ/EwqaF2Wsyfu8rvxM9vWeKfrageRL5p7nKrI+nHj8wJkVTPpVPkeLcU2zJkiXx9NN/ON2bwVVm4913xZqP3TrdmwEzTl19fcy5IgLrl19+X82b7s0AAACgSrM2RRIAAAAAADB9jC8HAAAAAACqJsAAAAAAAABUTYABAAAAAAComgADAAAAAABQNQEGAAAAAACgagIMAAAAAABA1QQYAAAAAACAqgkwAAAAAAAAVRNgAAAAAAAAqibAAAAAAAAAVE2AAQAAAAAAqJoAAwAAAAAAUDUBBgAAAAAAoGoCDAAAAAAAQNUEGAAAAAAAgKoJMAAAAAAAAFWbdICh50xf9gIAAAAAAK4+jZOZ6b2Dh+IfXtyWff/klzfFyq7Omm4UAAAAAAAws9XlBgYHq5nhzZ/viRe2fz/6c7ns/3MaG+PR7vtj47q1l2UDAQAAAACAmafiAEMKKKTAQgowFJMCDCnQkAIOAAAAAADAla2iAMOR4yeylEgpNVI5KVVSSpnU3raoZhsIAAAAAADMPBMGGH7xzr7Y+tL2igs6L5g/Lx57uDt+45Yba7KBAAAAAADAzFNf7sP3Dn4Yf/fCyxUHF5I0bZonzQsAAAAAAFyZygYYVnYtjT949KFsVEKlWprnx9ND86R5AQAAAACAK1NNazBcv6wznnzkt+OatoU120AAAAAAAGDmmTDAcOzk6Whtnh+DQ/9e2P79ePPne4pOt3H92vjqFz6XTXe690wsXth6WTYYAAAAAACYfmUDDO9/cDj+5p+/He2LF8UTj2yKaxYtzAIMKdDQn8tl08xpbIyvdt8f96xbGx8dPxlbXnw1jp44GX/8+4/Eims7puwHAQAAAAAApk7ZAMPg0Eev/ft/Za9Uh+Gxh7vj9ptvyFIlpZRJyZNf3hQruzrjF+/si60vbY/evrPxwH13Za+6urop+0EAAAAAAICpU1ENhj3v7IvnX9oeZ86m4MFvxhfvvSt6+/qyz5rnzR0JQqTvNz/cHWtvufGybzgAAAAAADB9KgowJKMLPa9ddVNs/tIXsvef/+4bsWfvr7JRDGk0Q3vbosu6wQAAAAAAwPSrOMCQpLoLhULPHYvzgYTDx07ExnVr49Hu+7N6DAAAAAAAwJWvqgBDQaHQc5ICCynAAAAAAAAAXD0mFWBIUqqkJKVGAgAAAAAAri6TDjAAAAAAAABXr/rp3gAAAAAAAGD2EWAAAAAAAACqJsAAAAAAAABUTYABAAAAAAComgADAAAAAABQNQEGAAAAAACgagIMAAAAAABA1QQYAAAAAACAqgkwAAAAAAAAVRNgAAAAAAAAqibAAAAAAAAAVE2AAQAAAAAAqNr/A5oRZr8zzUl+AAAAAElFTkSuQmCC\" /></strong></p>', '2020-10-02 09:49:35', '2020-10-02 09:49:35', 0);
INSERT INTO `edu_course_description` VALUES ('1311875258457829378', '<p><strong>JavaWeb从入门到到rm -rf删库提桶跑路</strong></p>', '2020-10-02 11:46:50', '2020-10-02 14:15:23', 0);
INSERT INTO `edu_course_description` VALUES ('1311972845852557313', '<p>这是大数据的课</p>', '2020-10-02 18:14:36', '2020-10-02 18:14:36', 0);
INSERT INTO `edu_course_description` VALUES ('1312232592715571201', '<p>222</p>', '2020-10-03 11:26:45', '2020-10-03 11:26:45', 1);
INSERT INTO `edu_course_description` VALUES ('1312280426085089282', '<p><strong>php从入门到入坟，php天下第一</strong></p>', '2020-10-03 14:36:49', '2020-10-03 14:36:49', 0);
INSERT INTO `edu_course_description` VALUES ('1312737085408415745', '<p>2222</p>', '2020-10-04 20:51:25', '2020-10-04 20:51:25', 1);
INSERT INTO `edu_course_description` VALUES ('1312740059291586562', '<p>232131</p>', '2020-10-04 21:03:14', '2020-10-04 21:03:14', 1);
INSERT INTO `edu_course_description` VALUES ('1312741977137094658', '<p>232323</p>', '2020-10-04 21:10:52', '2020-10-04 21:10:52', 1);
INSERT INTO `edu_course_description` VALUES ('1313739573142003714', '<p>213213</p>', '2020-10-07 15:14:57', '2020-10-07 15:14:57', 0);
INSERT INTO `edu_course_description` VALUES ('15', '', '2019-03-13 06:03:33', '2019-03-13 06:04:22', 0);
INSERT INTO `edu_course_description` VALUES ('18', '<p>本套Java视频完全针对零基础学员，课堂实录，自发布以来，好评如潮！Java视频中注重与学生互动，讲授幽默诙谐、细致入微，覆盖Java基础所有核心知识点，同类Java视频中也是代码量大、案例多、实战性强的。同时，本Java视频教程注重技术原理剖析，深入JDK源码，辅以代码实战贯穿始终，用实践驱动理论，并辅以必要的代码练习。</p>\n<p>------------------------------------</p>\n<p>视频特点：</p>\n<p>通过学习本Java视频教程，大家能够真正将Java基础知识学以致用、活学活用，构架Java编程思想，牢牢掌握\"源码级\"的Javase核心技术，并为后续JavaWeb等技术的学习奠定扎实基础。<br /><br />1.通俗易懂，细致入微：每个知识点高屋建瓴，深入浅出，简洁明了的说明问题<br />2.具实战性：全程真正代码实战，涵盖上百个企业应用案例及练习<br />3.深入：源码分析，更有 Java 反射、动态代理的实际应用等<br />4.登录尚硅谷官网，技术讲师免费在线答疑</p>', '2019-03-06 18:06:36', '2020-10-16 22:24:58', 0);

-- ----------------------------
-- Table structure for edu_subject
-- ----------------------------
DROP TABLE IF EXISTS `edu_subject`;
CREATE TABLE `edu_subject`  (
  `id` char(19) CHARACTER SET utf8mb4 COLLATE utf8mb4_0900_ai_ci NOT NULL COMMENT '课程类别ID',
  `title` varchar(10) CHARACTER SET utf8mb4 COLLATE utf8mb4_0900_ai_ci NOT NULL COMMENT '类别名称',
  `parent_id` char(19) CHARACTER SET utf8mb4 COLLATE utf8mb4_0900_ai_ci NOT NULL DEFAULT '0' COMMENT '父ID',
  `sort` int(10) UNSIGNED NOT NULL DEFAULT 0 COMMENT '排序字段',
  `create_time` datetime(0) NOT NULL COMMENT '创建时间',
  `update_time` datetime(0) NOT NULL COMMENT '更新时间',
  `is_deleted` tinyint(1) NULL DEFAULT 0 COMMENT '逻辑删除',
  PRIMARY KEY (`id`) USING BTREE,
  INDEX `idx_parent_id`(`parent_id`) USING BTREE
) ENGINE = InnoDB CHARACTER SET = utf8mb4 COLLATE = utf8mb4_0900_ai_ci COMMENT = '课程科目' ROW_FORMAT = Compact;

-- ----------------------------
-- Records of edu_subject
-- ----------------------------
INSERT INTO `edu_subject` VALUES ('1178214681118568449', '后端开发', '0', 1, '2019-09-29 15:47:25', '2019-09-29 15:47:25', 0);
INSERT INTO `edu_subject` VALUES ('1178214681181483010', '前端开发', '0', 3, '2019-09-29 15:47:25', '2019-09-29 15:47:25', 0);
INSERT INTO `edu_subject` VALUES ('1178214681210843137', 'JavaScript', '1178214681181483010', 4, '2019-09-29 15:47:25', '2019-09-29 15:47:25', 0);
INSERT INTO `edu_subject` VALUES ('1178214681231814658', '云计算', '0', 5, '2019-09-29 15:47:25', '2019-09-29 15:47:25', 0);
INSERT INTO `edu_subject` VALUES ('1178214681252786178', 'Docker', '1178214681231814658', 5, '2019-09-29 15:47:25', '2019-09-29 15:47:25', 0);
INSERT INTO `edu_subject` VALUES ('1178214681294729217', 'Linux', '1178214681231814658', 6, '2019-09-29 15:47:25', '2019-09-29 15:47:25', 0);
INSERT INTO `edu_subject` VALUES ('1178214681324089345', '系统/运维', '0', 7, '2019-09-29 15:47:25', '2019-09-29 15:47:25', 0);
INSERT INTO `edu_subject` VALUES ('1178214681382809602', 'Windows', '1178214681324089345', 8, '2019-09-29 15:47:25', '2019-09-29 15:47:25', 0);
INSERT INTO `edu_subject` VALUES ('1178214681399586817', '数据库', '0', 9, '2019-09-29 15:47:25', '2019-09-29 15:47:25', 0);
INSERT INTO `edu_subject` VALUES ('1178214681428946945', 'MySQL', '1178214681399586817', 9, '2019-09-29 15:47:25', '2019-09-29 15:47:25', 0);
INSERT INTO `edu_subject` VALUES ('1178214681454112770', 'MongoDB', '1178214681399586817', 10, '2019-09-29 15:47:25', '2019-09-29 15:47:25', 0);
INSERT INTO `edu_subject` VALUES ('1178214681483472898', '大数据', '0', 11, '2019-09-29 15:47:25', '2019-09-29 15:47:25', 0);
INSERT INTO `edu_subject` VALUES ('1178214681504444418', 'Hadoop', '1178214681483472898', 11, '2019-09-29 15:47:25', '2019-09-29 15:47:25', 0);
INSERT INTO `edu_subject` VALUES ('1178214681529610242', 'Spark', '1178214681483472898', 12, '2019-09-29 15:47:25', '2019-09-29 15:47:25', 0);
INSERT INTO `edu_subject` VALUES ('1178214681554776066', '人工智能', '0', 13, '2019-09-29 15:47:25', '2019-09-29 15:47:25', 0);
INSERT INTO `edu_subject` VALUES ('1178214681584136193', 'Python', '1178214681554776066', 13, '2019-09-29 15:47:25', '2019-09-29 15:47:25', 0);
INSERT INTO `edu_subject` VALUES ('1178214681613496321', '编程语言', '0', 14, '2019-09-29 15:47:25', '2019-09-29 15:47:25', 0);
INSERT INTO `edu_subject` VALUES ('1178214681626079234', 'Java', '1178214681613496321', 14, '2019-09-29 15:47:25', '2019-09-29 15:47:25', 0);
INSERT INTO `edu_subject` VALUES ('1178214681626079235', 'Java', '1178214681118568449', 14, '2019-09-29 15:47:25', '2019-09-29 15:47:25', 0);
INSERT INTO `edu_subject` VALUES ('1178585108407984130', 'Python', '1178214681118568449', 2, '2019-09-30 16:19:22', '2019-09-30 16:19:22', 0);
INSERT INTO `edu_subject` VALUES ('1178585108454121473', 'HTML/CSS', '1178214681181483010', 3, '2019-09-30 16:19:22', '2019-09-30 16:19:22', 0);
INSERT INTO `edu_subject` VALUES ('1310790061083668482', 'jquery', '1178214681181483010', 0, '2020-09-29 11:54:39', '2020-09-29 11:54:39', 0);
INSERT INTO `edu_subject` VALUES ('1310790061146583041', 'php', '1178214681118568449', 0, '2020-09-29 11:54:39', '2020-09-29 11:54:39', 0);
INSERT INTO `edu_subject` VALUES ('1310790061247246338', 'Go', '1178214681118568449', 0, '2020-09-29 11:54:39', '2020-09-29 11:54:39', 0);

-- ----------------------------
-- Table structure for edu_teacher
-- ----------------------------
DROP TABLE IF EXISTS `edu_teacher`;
CREATE TABLE `edu_teacher`  (
  `id` char(19) CHARACTER SET utf8mb4 COLLATE utf8mb4_0900_ai_ci NOT NULL COMMENT '讲师ID',
  `name` varchar(20) CHARACTER SET utf8mb4 COLLATE utf8mb4_0900_ai_ci NOT NULL COMMENT '讲师姓名',
  `intro` varchar(500) CHARACTER SET utf8mb4 COLLATE utf8mb4_0900_ai_ci NOT NULL DEFAULT '' COMMENT '讲师简介',
  `career` varchar(500) CHARACTER SET utf8mb4 COLLATE utf8mb4_0900_ai_ci NULL DEFAULT NULL COMMENT '讲师资历,一句话说明讲师',
  `level` int(10) UNSIGNED NOT NULL COMMENT '头衔 1高级讲师 2首席讲师',
  `avatar` varchar(255) CHARACTER SET utf8mb4 COLLATE utf8mb4_0900_ai_ci NULL DEFAULT NULL COMMENT '讲师头像',
  `sort` int(10) UNSIGNED NOT NULL DEFAULT 0 COMMENT '排序',
  `is_deleted` tinyint(1) UNSIGNED NOT NULL DEFAULT 0 COMMENT '逻辑删除 1（true）已删除， 0（false）未删除',
  `create_time` datetime(0) NOT NULL COMMENT '创建时间',
  `update_time` datetime(0) NOT NULL COMMENT '更新时间',
  PRIMARY KEY (`id`) USING BTREE,
  UNIQUE INDEX `uk_name`(`name`) USING BTREE
) ENGINE = InnoDB CHARACTER SET = utf8mb4 COLLATE = utf8mb4_0900_ai_ci COMMENT = '讲师' ROW_FORMAT = Dynamic;

-- ----------------------------
-- Records of edu_teacher
-- ----------------------------
INSERT INTO `edu_teacher` VALUES ('1189426437876985857', '苏苏', '最牛逼', '首席讲师', 2, 'https://guli-file-190513.oss-cn-beijing.aliyuncs.com/avatar/default.jpg', 0, 0, '2019-10-30 14:18:56', '2020-09-25 19:57:56');
INSERT INTO `edu_teacher` VALUES ('1189426464967995393', '王五', '高级讲师简介', '高级讲师', 1, 'https://guli-file-190513.oss-cn-beijing.aliyuncs.com/avatar/default.jpg', 0, 0, '2019-10-30 14:19:02', '2019-11-12 13:37:18');
INSERT INTO `edu_teacher` VALUES ('1192249914833055746', '李四', '高级讲师简介', '高级讲师', 1, 'https://guli-file-190513.oss-cn-beijing.aliyuncs.com/avatar/default.jpg', 0, 0, '2019-11-07 09:18:25', '2019-11-12 13:37:01');
INSERT INTO `edu_teacher` VALUES ('1192327476087115778', '赵钱', '首席讲师简介', '首席讲师', 2, 'https://guli-file-190513.oss-cn-beijing.aliyuncs.com/avatar/default.jpg', 0, 0, '2019-11-07 14:26:37', '2019-11-11 16:26:26');
INSERT INTO `edu_teacher` VALUES ('1195337453429129218', '张三', '首席讲师简介', '首席讲师', 2, 'https://guli-file-190513.oss-cn-beijing.aliyuncs.com/avatar/default.jpg', 0, 0, '2019-11-15 21:47:12', '2019-11-15 21:47:27');
INSERT INTO `edu_teacher` VALUES ('1309457523014721537', 'sunny', '首席讲师简介', '首席讲师', 1, 'https://guli-file-190513.oss-cn-beijing.aliyuncs.com/avatar/default.jpg', 0, 0, '2020-09-25 19:39:37', '2020-09-27 11:38:21');
INSERT INTO `edu_teacher` VALUES ('1310044959117688834', '王樊', '首席讲师太牛啦，讲的太好啦', '副教授', 2, 'https://guli-file-190513.oss-cn-beijing.aliyuncs.com/avatar/default.jpg', 1, 0, '2020-09-27 10:33:52', '2020-09-27 11:37:59');
INSERT INTO `edu_teacher` VALUES ('1310045866995761154', '冲冲冲冲', '首席讲师太牛啦，讲的太好啦', '这是一名首席讲师', 2, 'https://guli-file-190513.oss-cn-beijing.aliyuncs.com/avatar/default.jpg', 1, 0, '2020-09-27 10:37:29', '2020-09-27 10:37:29');
INSERT INTO `edu_teacher` VALUES ('1310597024902565890', '大D', '普通讲师大D', '讲师', 1, 'https://guli-file-190513.oss-cn-beijing.aliyuncs.com/avatar/default.jpg', 1, 0, '2020-09-28 23:07:35', '2020-09-28 23:07:35');
INSERT INTO `edu_teacher` VALUES ('2', '速速', '近年主持国家自然科学基金（6项）、江苏省重大科技成果转化项目（5项）、江苏省产学研前瞻性联合研究项目（3项）、省工业科技支撑、省高技术、省自然科学基金等省部级及其企业的主要科研项目40多个，多个项目在企业成功转化，产生了较好的经济、社会和环境效益。积极开展产学研科技合作，并与省内16家企业建立了江苏省研究生工作站，其中6家为江苏省优秀研究生工作站', '高级', 1, 'https://guli-file-190513.oss-cn-beijing.aliyuncs.com/avatar/default.jpg', 0, 0, '2019-10-30 14:18:46', '2019-11-12 13:36:36');
INSERT INTO `edu_teacher` VALUES ('3', '晴天', '高级讲师简介', '高级讲师资历', 2, 'https://guli-file-190513.oss-cn-beijing.aliyuncs.com/avatar/default.jpg', 1, 0, '2019-10-30 11:53:03', '2019-10-30 11:53:03');
INSERT INTO `edu_teacher` VALUES ('4', '哒哒哒', '近年主持国家自然科学基金（6项）、江苏省重大科技成果转化项目（5项）、江苏省产学研前瞻性联合研究项目（3项）、省工业科技支撑、省高技术、省自然科学基金等省部级及其企业的主要科研项目40多个，多个项目在企业成功转化，产生了较好的经济、社会和环境效益。积极开展产学研科技合作，并与省内16家企业建立了江苏省研究生工作站，其中6家为江苏省优秀研究生工作站', '高级', 1, 'https://guli-file-190513.oss-cn-beijing.aliyuncs.com/avatar/default.jpg', 0, 0, '2019-10-30 14:18:46', '2019-11-12 13:36:36');
INSERT INTO `edu_teacher` VALUES ('5', '虫虫', '高级讲师简介', '高级讲师资历', 1, 'https://guli-file-190513.oss-cn-beijing.aliyuncs.com/avatar/default.jpg', 1, 0, '2019-10-30 11:53:03', '2019-10-30 11:53:03');
INSERT INTO `edu_teacher` VALUES ('6', '哒哒哒1', '近年主持国家自然科学基金（6项）、江苏省重大科技成果转化项目（5项）、江苏省产学研前瞻性联合研究项目（3项）、省工业科技支撑、省高技术、省自然科学基金等省部级及其企业的主要科研项目40多个，多个项目在企业成功转化，产生了较好的经济、社会和环境效益。积极开展产学研科技合作，并与省内16家企业建立了江苏省研究生工作站，其中6家为江苏省优秀研究生工作站', '高级', 1, 'https://guli-file-190513.oss-cn-beijing.aliyuncs.com/avatar/default.jpg', 0, 0, '2019-10-30 14:18:46', '2019-11-12 13:36:36');
INSERT INTO `edu_teacher` VALUES ('62', '哒哒哒12', '近年主持国家自然科学基金（6项）、江苏省重大科技成果转化项目（5项）、江苏省产学研前瞻性联合研究项目（3项）、省工业科技支撑、省高技术、省自然科学基金等省部级及其企业的主要科研项目40多个，多个项目在企业成功转化，产生了较好的经济、社会和环境效益。积极开展产学研科技合作，并与省内16家企业建立了江苏省研究生工作站，其中6家为江苏省优秀研究生工作站', '高级', 1, 'https://guli-file-190513.oss-cn-beijing.aliyuncs.com/avatar/default.jpg', 0, 0, '2019-10-30 14:18:46', '2019-11-12 13:36:36');
INSERT INTO `edu_teacher` VALUES ('623', '哒哒哒22', '近年主持国家自然科学基金（6项）、江苏省重大科技成果转化项目（5项）、江苏省产学研前瞻性联合研究项目（3项）、省工业科技支撑、省高技术、省自然科学基金等省部级及其企业的主要科研项目40多个，多个项目在企业成功转化，产生了较好的经济、社会和环境效益。积极开展产学研科技合作，并与省内16家企业建立了江苏省研究生工作站，其中6家为江苏省优秀研究生工作站', '高级', 1, 'https://guli-file-190513.oss-cn-beijing.aliyuncs.com/avatar/default.jpg', 0, 0, '2019-10-30 14:18:46', '2020-09-27 11:41:44');
INSERT INTO `edu_teacher` VALUES ('7', '虫虫1', '高级讲师简介', '高级讲师资历', 1, 'https://guli-file-190513.oss-cn-beijing.aliyuncs.com/avatar/default.jpg', 1, 0, '2019-10-30 11:53:03', '2019-10-30 11:53:03');
INSERT INTO `edu_teacher` VALUES ('72', '虫虫12', '高级讲师简介', '高级讲师资历', 1, 'https://guli-file-190513.oss-cn-beijing.aliyuncs.com/avatar/default.jpg', 1, 0, '2019-10-30 11:53:03', '2019-10-30 11:53:03');
INSERT INTO `edu_teacher` VALUES ('723', '虫虫123', '高级讲师简介', '高级讲师资历', 1, 'https://guli-file-190513.oss-cn-beijing.aliyuncs.com/avatar/default.jpg', 1, 0, '2019-10-30 11:53:03', '2019-10-30 11:53:03');

-- ----------------------------
-- Table structure for edu_video
-- ----------------------------
DROP TABLE IF EXISTS `edu_video`;
CREATE TABLE `edu_video`  (
  `id` char(19) CHARACTER SET utf8mb4 COLLATE utf8mb4_0900_ai_ci NOT NULL COMMENT '视频ID',
  `course_id` char(19) CHARACTER SET utf8mb4 COLLATE utf8mb4_0900_ai_ci NOT NULL COMMENT '课程ID',
  `chapter_id` char(19) CHARACTER SET utf8mb4 COLLATE utf8mb4_0900_ai_ci NOT NULL COMMENT '章节ID',
  `title` varchar(50) CHARACTER SET utf8mb4 COLLATE utf8mb4_0900_ai_ci NOT NULL COMMENT '节点名称',
  `video_source_id` varchar(100) CHARACTER SET utf8mb4 COLLATE utf8mb4_0900_ai_ci NULL DEFAULT NULL COMMENT '云端视频资源',
  `video_original_name` varchar(100) CHARACTER SET utf8mb4 COLLATE utf8mb4_0900_ai_ci NULL DEFAULT NULL COMMENT '原始文件名称',
  `sort` int(10) UNSIGNED NOT NULL DEFAULT 0 COMMENT '排序字段',
  `play_count` bigint(20) UNSIGNED NOT NULL DEFAULT 0 COMMENT '播放次数',
  `is_free` tinyint(1) UNSIGNED NOT NULL DEFAULT 0 COMMENT '是否可以试听：0收费 1免费',
  `duration` float NOT NULL DEFAULT 0 COMMENT '视频时长（秒）',
  `status` varchar(20) CHARACTER SET utf8mb4 COLLATE utf8mb4_0900_ai_ci NOT NULL DEFAULT 'Empty' COMMENT 'Empty未上传 Transcoding转码中  Normal正常',
  `size` bigint(20) UNSIGNED NOT NULL DEFAULT 0 COMMENT '视频源文件大小（字节）',
  `version` bigint(20) UNSIGNED NOT NULL DEFAULT 1 COMMENT '乐观锁',
  `create_time` datetime(0) NOT NULL COMMENT '创建时间',
  `update_time` datetime(0) NOT NULL COMMENT '更新时间',
  `is_deleted` tinyint(1) NULL DEFAULT 0 COMMENT '逻辑删除',
  PRIMARY KEY (`id`) USING BTREE,
  INDEX `idx_course_id`(`course_id`) USING BTREE,
  INDEX `idx_chapter_id`(`chapter_id`) USING BTREE
) ENGINE = InnoDB CHARACTER SET = utf8mb4 COLLATE = utf8mb4_0900_ai_ci COMMENT = '课程视频' ROW_FORMAT = Compact;

-- ----------------------------
-- Records of edu_video
-- ----------------------------
INSERT INTO `edu_video` VALUES ('1182499307429339137', '18', '32', '第一节', '', '', 0, 0, 0, 0, '', 0, 1, '2019-10-11 11:32:59', '2019-10-11 11:57:38', 0);
INSERT INTO `edu_video` VALUES ('1185312444399071234', '14', '1', '12', '', '', 0, 0, 0, 0, 'Empty', 0, 1, '2019-10-19 05:51:23', '2019-10-19 05:51:33', 0);
INSERT INTO `edu_video` VALUES ('1189434737808990210', '18', '44', '测试', '', '', 1, 0, 0, 0, 'Empty', 0, 1, '2019-10-30 14:51:55', '2019-10-30 14:51:55', 0);
INSERT INTO `edu_video` VALUES ('1189471423678939138', '18', '1181729226915577857', 'test', '0945710874a1464bb5134e06a022eccb', '6 - What If I Want to Move Faster.mp4', 1, 0, 0, 0, 'Empty', 0, 1, '2019-10-30 17:17:41', '2019-10-30 17:17:41', 1);
INSERT INTO `edu_video` VALUES ('1189476403626409986', '18', '1181729226915577857', '22', '0945710874a1464bb5134e06a022eccb', '6 - What If I Want to Move Faster.mp4', 0, 0, 0, 0, 'Empty', 0, 1, '2019-10-30 17:37:29', '2019-10-30 17:37:29', 1);
INSERT INTO `edu_video` VALUES ('1192252824606289921', '1192252213659774977', '1192252428399751169', '第一课时', '0945710874a1464bb5134e06a022eccb', '6 - What If I Want to Move Faster.mp4', 0, 0, 0, 0, 'Empty', 0, 1, '2019-11-07 09:29:59', '2019-11-07 09:29:59', 0);
INSERT INTO `edu_video` VALUES ('1192628092797730818', '1192252213659774977', '1192252428399751169', '第二课时', '0945710874a1464bb5134e06a022eccb', '6 - What If I Want to Move Faster.mp4', 0, 0, 1, 0, 'Empty', 0, 1, '2019-11-08 10:21:10', '2019-11-08 10:21:22', 0);
INSERT INTO `edu_video` VALUES ('1192632495013380097', '1192252213659774977', '1192252428399751169', '第三课时', '0945710874a1464bb5134e06a022eccb', '6 - What If I Want to Move Faster.mp4', 0, 0, 1, 0, 'Empty', 0, 1, '2019-11-08 10:38:40', '2019-11-08 10:38:40', 0);
INSERT INTO `edu_video` VALUES ('1194117638832111617', '1192252213659774977', '1192252428399751169', '第四课时', '0945710874a1464bb5134e06a022eccb', '6 - What If I Want to Move Faster.mp4', 0, 0, 0, 0, 'Empty', 0, 1, '2019-11-12 13:00:05', '2019-11-12 13:00:05', 0);
INSERT INTO `edu_video` VALUES ('1196263770832023554', '1192252213659774977', '1192252428399751169', '第五课时', '0945710874a1464bb5134e06a022eccb', '6 - What If I Want to Move Faster.mp4', 5, 0, 0, 0, 'Empty', 0, 1, '2019-11-18 11:08:03', '2019-11-18 11:08:03', 0);
INSERT INTO `edu_video` VALUES ('1311951776026521601', '1311875258457829378', '1311923674999279617', '第一小节', '', NULL, 0, 0, 1, 0, 'Empty', 0, 1, '2020-10-02 16:50:53', '2020-10-02 16:50:53', 0);
INSERT INTO `edu_video` VALUES ('1311951823568957441', '1311875258457829378', '1311925703742181378', '第一小节', '', NULL, 1, 0, 1, 0, 'Empty', 0, 1, '2020-10-02 16:51:04', '2020-10-02 16:51:04', 0);
INSERT INTO `edu_video` VALUES ('1311972942065696769', '1311972845852557313', '1311972910470004737', '第一小节', '', NULL, 1, 0, 1, 0, 'Empty', 0, 1, '2020-10-02 18:14:59', '2020-10-02 18:14:59', 1);
INSERT INTO `edu_video` VALUES ('1312232668909297665', '1312232592715571201', '1312232642732646401', '第一小节', '', NULL, 0, 0, 0, 0, 'Empty', 0, 1, '2020-10-03 11:27:03', '2020-10-03 11:27:03', 1);
INSERT INTO `edu_video` VALUES ('1312281551697870849', '1312280426085089282', '1312280498436833281', '第一小节 php天下第一', '0945710874a1464bb5134e06a022eccb', '', 32, 0, 0, 0, 'Empty', 0, 1, '2020-10-03 14:41:18', '2020-10-03 14:41:18', 1);
INSERT INTO `edu_video` VALUES ('1312282596792598529', '1312280426085089282', '1312280498436833281', '第二小节', '0945710874a1464bb5134e06a022eccb', '6 - What If I Want to Move Faster.mp4', 0, 0, 0, 0, 'Empty', 0, 2, '2020-10-03 14:45:27', '2020-10-03 15:02:09', 1);
INSERT INTO `edu_video` VALUES ('1312287174317572098', '1312280426085089282', '1312280498436833281', '第二小节', '0945710874a1464bb5134e06a022eccb', '6 - What If I Want to Move Faster.mp4', 0, 0, 0, 0, 'Empty', 0, 2, '2020-10-03 15:03:38', '2020-10-03 15:21:10', 1);
INSERT INTO `edu_video` VALUES ('1312288190370938882', '1312280426085089282', '1312280498436833281', '第一小节', '', '', 0, 0, 0, 0, 'Empty', 0, 1, '2020-10-03 15:07:40', '2020-10-03 15:07:40', 1);
INSERT INTO `edu_video` VALUES ('1312291770813382657', '1312280426085089282', '1312280498436833281', '小节', '', '', 0, 0, 0, 0, 'Empty', 0, 3, '2020-10-03 15:21:54', '2020-10-03 15:22:03', 0);
INSERT INTO `edu_video` VALUES ('1312737144669736961', '1312737085408415745', '1312737116676952065', '12121', '', '', 0, 0, 0, 0, 'Empty', 0, 1, '2020-10-04 20:51:39', '2020-10-04 20:51:39', 1);
INSERT INTO `edu_video` VALUES ('1312737277901803522', '1312737085408415745', '1312737116676952065', '111111', '0945710874a1464bb5134e06a022eccb', '6 - What If I Want to Move Faster.mp4', 0, 0, 0, 0, 'Empty', 0, 1, '2020-10-04 20:52:11', '2020-10-04 20:52:11', 1);
INSERT INTO `edu_video` VALUES ('1312737329479159810', '1312737085408415745', '1312737116676952065', '哈哈昂', '0945710874a1464bb5134e06a022eccb', '6 - What If I Want to Move Faster.mp4', 0, 0, 0, 0, 'Empty', 0, 1, '2020-10-04 20:52:23', '2020-10-04 20:52:23', 1);
INSERT INTO `edu_video` VALUES ('1312740130624114690', '1312740059291586562', '1312740082511253505', '第一小节', '0945710874a1464bb5134e06a022eccb', '6 - What If I Want to Move Faster.mp4', 0, 0, 0, 0, 'Empty', 0, 1, '2020-10-04 21:03:31', '2020-10-04 21:03:31', 1);
INSERT INTO `edu_video` VALUES ('1312740184093102082', '1312740059291586562', '1312740082511253505', '第二小节', '0945710874a1464bb5134e06a022eccb', '6 - What If I Want to Move Faster.mp4', 2, 0, 0, 0, 'Empty', 0, 1, '2020-10-04 21:03:44', '2020-10-04 21:03:44', 1);
INSERT INTO `edu_video` VALUES ('1312740739104378881', '1312740059291586562', '1312740082511253505', '第二小节', '0945710874a1464bb5134e06a022eccb', '6 - What If I Want to Move Faster.mp4', 2, 0, 0, 0, 'Empty', 0, 1, '2020-10-04 21:05:56', '2020-10-04 21:05:56', 1);
INSERT INTO `edu_video` VALUES ('1312742052760395777', '1312741977137094658', '1312742003552821250', '第一小节', '0945710874a1464bb5134e06a022eccb', '6 - What If I Want to Move Faster.mp4', 22, 0, 0, 0, 'Empty', 0, 1, '2020-10-04 21:11:10', '2020-10-04 21:11:10', 1);
INSERT INTO `edu_video` VALUES ('1312742092346236929', '1312741977137094658', '1312742003552821250', '第二小节', '0945710874a1464bb5134e06a022eccb', '6 - What If I Want to Move Faster.mp4', 2, 0, 0, 0, 'Empty', 0, 1, '2020-10-04 21:11:19', '2020-10-04 21:11:19', 1);
INSERT INTO `edu_video` VALUES ('17', '18', '48', '最终测试视频', '0945710874a1464bb5134e06a022eccb', '6 - What If I Want to Move Faster.mp4', 0, 1000, 1, 100, 'Draft', 0, 2, '2019-01-01 13:08:57', '2020-10-16 22:25:54', 0);
INSERT INTO `edu_video` VALUES ('18', '18', '15', '第二节：表达式和赋值语句', '0945710874a1464bb5134e06a022eccb', '6 - What If I Want to Move Faster.mp4', 2, 999, 1, 100, 'Draft', 0, 1, '2019-01-01 13:09:02', '2019-03-08 03:30:27', 0);
INSERT INTO `edu_video` VALUES ('19', '18', '15', '第三节：String类', '0945710874a1464bb5134e06a022eccb', '6 - What If I Want to Move Faster.mp4', 3, 888, 0, 100, 'Draft', 0, 1, '2019-01-01 13:09:05', '2019-11-12 12:50:45', 0);
INSERT INTO `edu_video` VALUES ('20', '18', '15', '第四节：程序风格', '0945710874a1464bb5134e06a022eccb', '6 - What If I Want to Move Faster.mp4', 4, 666, 0, 100, 'Draft', 0, 1, '2019-01-01 13:09:05', '2019-10-11 09:20:09', 0);

-- ----------------------------
-- Table structure for statistics_daily
-- ----------------------------
DROP TABLE IF EXISTS `statistics_daily`;
CREATE TABLE `statistics_daily`  (
  `id` char(19) CHARACTER SET utf8 COLLATE utf8_general_ci NOT NULL COMMENT '主键',
  `date_calculated` varchar(20) CHARACTER SET utf8 COLLATE utf8_general_ci NOT NULL COMMENT '统计日期',
  `register_num` int(11) NOT NULL DEFAULT 0 COMMENT '注册人数',
  `login_num` int(11) NOT NULL DEFAULT 0 COMMENT '登录人数',
  `video_view_num` int(11) NOT NULL DEFAULT 0 COMMENT '每日播放视频数',
  `course_num` int(11) NOT NULL DEFAULT 0 COMMENT '每日新增课程数',
  `create_time` datetime(0) NOT NULL COMMENT '创建时间',
  `update_time` datetime(0) NOT NULL COMMENT '更新时间',
  PRIMARY KEY (`id`) USING BTREE,
  INDEX `statistics_day`(`date_calculated`) USING BTREE
) ENGINE = InnoDB CHARACTER SET = utf8 COLLATE = utf8_general_ci COMMENT = '网站统计日数据' ROW_FORMAT = Dynamic;

-- ----------------------------
-- Records of statistics_daily
-- ----------------------------
INSERT INTO `statistics_daily` VALUES ('1078490017163833345', '2018-12-28', 0, 0, 154, 170, '2018-12-28 11:17:12', '2019-09-09 12:12:12');
INSERT INTO `statistics_daily` VALUES ('1087142127818768386', '2019-01-02', 2, 0, 167, 177, '2019-01-21 08:17:36', '2019-09-09 12:12:12');
INSERT INTO `statistics_daily` VALUES ('1087198321809457153', '2019-01-01', 1, 0, 130, 189, '2019-01-21 12:00:54', '2019-09-09 12:12:12');
INSERT INTO `statistics_daily` VALUES ('1087198383973236738', '2019-01-03', 0, 0, 114, 130, '2019-01-21 12:01:09', '2019-09-09 12:12:12');
INSERT INTO `statistics_daily` VALUES ('1087451681764982785', '2019-01-04', 0, 0, 118, 155, '2019-01-22 04:47:39', '2019-09-09 12:12:12');
INSERT INTO `statistics_daily` VALUES ('1087455336471785473', '2019-01-05', 0, 0, 184, 186, '2019-01-22 05:02:11', '2019-09-09 12:12:12');
INSERT INTO `statistics_daily` VALUES ('1105339962460491777', '2019-03-01', 0, 143, 168, 136, '2019-03-12 13:29:18', '2019-03-12 13:29:18');
INSERT INTO `statistics_daily` VALUES ('1105339977027309569', '2019-03-02', 0, 165, 171, 158, '2019-03-12 13:29:21', '2019-03-12 13:29:21');
INSERT INTO `statistics_daily` VALUES ('1105339990738489346', '2019-03-03', 0, 143, 147, 194, '2019-03-12 13:29:25', '2019-03-12 13:29:25');
INSERT INTO `statistics_daily` VALUES ('1105340000544772098', '2019-03-04', 0, 155, 106, 153, '2019-03-12 13:29:27', '2019-03-12 13:29:27');
INSERT INTO `statistics_daily` VALUES ('1105340011244441602', '2019-03-05', 0, 186, 102, 155, '2019-03-12 13:29:30', '2019-03-12 13:29:30');
INSERT INTO `statistics_daily` VALUES ('1105340020929089538', '2019-03-06', 0, 140, 192, 129, '2019-03-12 13:29:32', '2019-03-12 13:29:32');
INSERT INTO `statistics_daily` VALUES ('1105340029800042497', '2019-03-07', 0, 186, 139, 116, '2019-03-12 13:29:34', '2019-03-12 13:29:34');
INSERT INTO `statistics_daily` VALUES ('1105340038696161282', '2019-03-08', 0, 120, 166, 112, '2019-03-12 13:29:36', '2019-03-12 13:29:36');
INSERT INTO `statistics_daily` VALUES ('1105340049441968129', '2019-03-09', 0, 182, 147, 119, '2019-03-12 13:29:39', '2019-03-12 13:29:39');
INSERT INTO `statistics_daily` VALUES ('1105340059738984449', '2019-03-10', 0, 199, 141, 103, '2019-03-12 13:29:41', '2019-03-12 13:29:41');
INSERT INTO `statistics_daily` VALUES ('1105340070438653953', '2019-03-11', 0, 127, 137, 156, '2019-03-12 13:29:44', '2019-03-12 13:29:44');
INSERT INTO `statistics_daily` VALUES ('1105340080307851266', '2019-03-12', 0, 167, 123, 132, '2019-03-12 13:29:46', '2019-03-12 13:29:46');
INSERT INTO `statistics_daily` VALUES ('1105340090047025153', '2019-03-13', 0, 106, 132, 103, '2019-03-12 13:29:48', '2019-03-12 13:29:48');
INSERT INTO `statistics_daily` VALUES ('1105340100075606017', '2019-03-14', 0, 166, 180, 118, '2019-03-12 13:29:51', '2019-03-12 13:29:51');
INSERT INTO `statistics_daily` VALUES ('1105340110511034370', '2019-03-15', 0, 114, 151, 185, '2019-03-12 13:29:53', '2019-03-12 13:29:53');
INSERT INTO `statistics_daily` VALUES ('1105340132833120258', '2019-03-17', 0, 169, 106, 131, '2019-03-12 13:29:59', '2019-03-12 13:29:59');
INSERT INTO `statistics_daily` VALUES ('1105340145659301890', '2019-03-18', 0, 120, 106, 163, '2019-03-12 13:30:02', '2019-03-12 13:30:02');
INSERT INTO `statistics_daily` VALUES ('1105340153578147842', '2019-03-19', 0, 146, 155, 153, '2019-03-12 13:30:03', '2019-03-12 13:30:03');
INSERT INTO `statistics_daily` VALUES ('1105340162436517890', '2019-03-20', 0, 127, 181, 186, '2019-03-12 13:30:06', '2019-03-12 13:30:06');
INSERT INTO `statistics_daily` VALUES ('1105340171517186050', '2019-03-21', 0, 106, 134, 145, '2019-03-12 13:30:08', '2019-03-12 13:30:08');
INSERT INTO `statistics_daily` VALUES ('1105340181034061825', '2019-03-22', 0, 161, 182, 143, '2019-03-12 13:30:10', '2019-03-12 13:30:10');
INSERT INTO `statistics_daily` VALUES ('1105340190072786946', '2019-03-23', 0, 183, 101, 182, '2019-03-12 13:30:12', '2019-03-12 13:30:12');
INSERT INTO `statistics_daily` VALUES ('1105340199426084865', '2019-03-24', 0, 117, 100, 102, '2019-03-12 13:30:14', '2019-03-12 13:30:14');
INSERT INTO `statistics_daily` VALUES ('1105340209261727745', '2019-03-25', 0, 116, 103, 160, '2019-03-12 13:30:17', '2019-03-12 13:30:17');
INSERT INTO `statistics_daily` VALUES ('1105340217935548418', '2019-03-26', 0, 101, 119, 150, '2019-03-12 13:30:19', '2019-03-12 13:30:19');
INSERT INTO `statistics_daily` VALUES ('1105340225967640577', '2019-03-27', 0, 129, 141, 181, '2019-03-12 13:30:21', '2019-03-12 13:30:21');
INSERT INTO `statistics_daily` VALUES ('1105340234075230209', '2019-03-28', 0, 113, 179, 158, '2019-03-12 13:30:23', '2019-03-12 13:30:23');
INSERT INTO `statistics_daily` VALUES ('1105340242837131265', '2019-03-29', 0, 117, 131, 101, '2019-03-12 13:30:25', '2019-03-12 13:30:25');
INSERT INTO `statistics_daily` VALUES ('1105340252395950082', '2019-03-30', 0, 153, 187, 174, '2019-03-12 13:30:27', '2019-03-12 13:30:27');
INSERT INTO `statistics_daily` VALUES ('1105340261958963201', '2019-03-31', 0, 179, 135, 199, '2019-03-12 13:30:29', '2019-03-12 13:30:29');
INSERT INTO `statistics_daily` VALUES ('1105372743634898945', '2019-01-06', 0, 113, 143, 148, '2019-03-12 15:39:34', '2019-03-12 15:39:34');
INSERT INTO `statistics_daily` VALUES ('1105372754380705793', '2019-01-07', 0, 173, 158, 153, '2019-03-12 15:39:36', '2019-03-12 15:39:36');
INSERT INTO `statistics_daily` VALUES ('1105372762526044162', '2019-01-08', 0, 135, 199, 131, '2019-03-12 15:39:38', '2019-03-12 15:39:38');
INSERT INTO `statistics_daily` VALUES ('1105372771229224961', '2019-01-09', 0, 161, 107, 162, '2019-03-12 15:39:40', '2019-03-12 15:39:40');
INSERT INTO `statistics_daily` VALUES ('1105372780922261505', '2019-01-10', 0, 182, 196, 135, '2019-03-12 15:39:42', '2019-03-12 15:39:42');
INSERT INTO `statistics_daily` VALUES ('1105372790103592961', '2019-01-11', 0, 123, 194, 102, '2019-03-12 15:39:45', '2019-03-12 15:39:45');
INSERT INTO `statistics_daily` VALUES ('1105372798626418689', '2019-01-12', 0, 185, 106, 180, '2019-03-12 15:39:47', '2019-03-12 15:39:47');
INSERT INTO `statistics_daily` VALUES ('1165', '2018-01-01', 583, 26, 236, 14, '2018-01-25 06:38:19', '2019-09-09 12:12:12');
INSERT INTO `statistics_daily` VALUES ('1166', '2018-01-02', 583, 26, 236, 14, '2018-01-25 06:38:19', '2019-09-09 12:12:12');
INSERT INTO `statistics_daily` VALUES ('1167', '2018-01-03', 584, 26, 236, 14, '2018-01-25 06:38:19', '2019-09-09 12:12:12');
INSERT INTO `statistics_daily` VALUES ('1168', '2018-01-04', 584, 26, 237, 14, '2018-01-25 06:38:19', '2019-09-09 12:12:12');
INSERT INTO `statistics_daily` VALUES ('1169', '2018-01-05', 585, 26, 237, 14, '2018-01-25 06:38:19', '2019-09-09 12:12:12');
INSERT INTO `statistics_daily` VALUES ('1170', '2018-01-06', 585, 26, 237, 14, '2018-01-25 06:38:19', '2019-09-09 12:12:12');
INSERT INTO `statistics_daily` VALUES ('1171', '2018-01-07', 586, 26, 237, 14, '2018-01-25 06:38:19', '2019-09-09 12:12:12');
INSERT INTO `statistics_daily` VALUES ('1172', '2018-01-08', 586, 26, 237, 14, '2018-01-25 06:38:19', '2019-09-09 12:12:12');
INSERT INTO `statistics_daily` VALUES ('1173', '2018-01-09', 587, 26, 238, 14, '2018-01-25 06:38:19', '2019-09-09 12:12:12');
INSERT INTO `statistics_daily` VALUES ('1174', '2018-01-10', 587, 26, 238, 14, '2018-01-25 06:38:19', '2019-09-09 12:12:12');
INSERT INTO `statistics_daily` VALUES ('1175', '2018-01-11', 588, 27, 238, 14, '2018-01-25 06:38:19', '2019-09-09 12:12:12');
INSERT INTO `statistics_daily` VALUES ('1176', '2018-01-12', 588, 27, 238, 14, '2018-01-25 06:38:19', '2019-09-09 12:12:12');
INSERT INTO `statistics_daily` VALUES ('1177', '2018-01-13', 589, 27, 238, 14, '2018-01-25 06:38:19', '2019-09-09 12:12:12');
INSERT INTO `statistics_daily` VALUES ('1178', '2018-01-14', 589, 27, 239, 14, '2018-01-25 06:38:19', '2019-09-09 12:12:12');
INSERT INTO `statistics_daily` VALUES ('1179', '2018-01-15', 590, 27, 239, 14, '2018-01-25 06:38:19', '2019-09-09 12:12:12');
INSERT INTO `statistics_daily` VALUES ('1180', '2018-01-16', 590, 27, 239, 14, '2018-01-25 06:38:19', '2019-09-09 12:12:12');
INSERT INTO `statistics_daily` VALUES ('1181', '2018-01-17', 591, 27, 239, 14, '2018-01-25 06:38:19', '2019-09-09 12:12:12');
INSERT INTO `statistics_daily` VALUES ('1182', '2018-01-18', 591, 27, 239, 14, '2018-01-25 06:38:19', '2019-09-09 12:12:12');
INSERT INTO `statistics_daily` VALUES ('1183', '2018-01-19', 592, 27, 240, 14, '2018-01-25 06:38:19', '2019-09-09 12:12:12');
INSERT INTO `statistics_daily` VALUES ('1183991737299263490', '2019-10-01', 0, 145, 149, 153, '2019-10-15 14:23:22', '2019-10-15 14:23:22');
INSERT INTO `statistics_daily` VALUES ('1183999299272904705', '2019-10-03', 0, 125, 102, 153, '2019-10-15 14:53:25', '2019-10-15 14:53:25');
INSERT INTO `statistics_daily` VALUES ('1183999309477646338', '2019-10-04', 0, 103, 194, 161, '2019-10-15 14:53:28', '2019-10-15 14:53:28');
INSERT INTO `statistics_daily` VALUES ('1183999318919024642', '2019-10-05', 0, 173, 174, 147, '2019-10-15 14:53:30', '2019-10-15 14:53:30');
INSERT INTO `statistics_daily` VALUES ('1183999331409661954', '2019-10-06', 0, 129, 197, 173, '2019-10-15 14:53:33', '2019-10-15 14:53:33');
INSERT INTO `statistics_daily` VALUES ('1183999342897860610', '2019-10-07', 0, 184, 125, 169, '2019-10-15 14:53:36', '2019-10-15 14:53:36');
INSERT INTO `statistics_daily` VALUES ('1183999351588458498', '2019-10-08', 0, 173, 143, 138, '2019-10-15 14:53:38', '2019-10-15 14:53:38');
INSERT INTO `statistics_daily` VALUES ('1183999360316805122', '2019-10-09', 0, 161, 158, 117, '2019-10-15 14:53:40', '2019-10-15 14:53:40');
INSERT INTO `statistics_daily` VALUES ('1183999367480676353', '2019-10-10', 0, 190, 166, 135, '2019-10-15 14:53:42', '2019-10-15 14:53:42');
INSERT INTO `statistics_daily` VALUES ('1184', '2018-01-20', 592, 27, 240, 14, '2018-01-25 06:38:19', '2019-09-09 12:12:12');
INSERT INTO `statistics_daily` VALUES ('1184030117693284353', '2019-10-11', 0, 182, 199, 193, '2019-10-15 16:55:53', '2019-10-15 16:55:53');
INSERT INTO `statistics_daily` VALUES ('1185', '2018-01-21', 593, 27, 240, 14, '2018-01-25 06:38:19', '2019-09-09 12:12:12');
INSERT INTO `statistics_daily` VALUES ('1185373213064482818', '2019-01-19', 6, 135, 126, 167, '2019-10-19 09:52:52', '2019-10-19 09:52:52');
INSERT INTO `statistics_daily` VALUES ('1186', '2018-01-22', 593, 27, 240, 14, '2018-01-25 06:38:19', '2019-09-09 12:12:12');
INSERT INTO `statistics_daily` VALUES ('1186536619937435650', '2019-10-02', 0, 187, 183, 108, '2019-10-22 14:55:50', '2019-10-22 14:55:50');
INSERT INTO `statistics_daily` VALUES ('1187', '2018-01-23', 594, 27, 240, 14, '2018-01-25 06:38:19', '2019-09-09 12:12:12');
INSERT INTO `statistics_daily` VALUES ('1188', '2018-01-24', 594, 27, 241, 14, '2018-01-25 06:38:19', '2019-09-09 12:12:12');
INSERT INTO `statistics_daily` VALUES ('1189', '2018-01-25', 595, 27, 241, 14, '2018-01-25 06:38:19', '2019-09-09 12:12:12');
INSERT INTO `statistics_daily` VALUES ('1190', '2018-01-26', 595, 27, 241, 14, '2018-01-25 06:38:19', '2019-09-09 12:12:12');
INSERT INTO `statistics_daily` VALUES ('1191', '2018-01-27', 596, 27, 241, 14, '2018-01-25 06:38:19', '2019-09-09 12:12:12');
INSERT INTO `statistics_daily` VALUES ('1192', '2018-01-28', 596, 27, 241, 14, '2018-01-25 06:38:19', '2019-09-09 12:12:12');
INSERT INTO `statistics_daily` VALUES ('1192253597226455042', '2019-11-01', 0, 129, 122, 167, '2019-11-07 09:33:03', '2019-11-07 09:33:03');
INSERT INTO `statistics_daily` VALUES ('1192253902756335617', '2019-11-02', 0, 170, 192, 192, '2019-11-07 09:34:16', '2019-11-07 09:34:16');
INSERT INTO `statistics_daily` VALUES ('1193', '2018-01-29', 597, 27, 242, 14, '2018-01-25 06:38:19', '2019-09-09 12:12:12');
INSERT INTO `statistics_daily` VALUES ('1194', '2018-01-30', 597, 27, 242, 14, '2018-01-25 06:38:19', '2019-09-09 12:12:12');
INSERT INTO `statistics_daily` VALUES ('1194060032935493633', '2019-11-11', 0, 121, 121, 122, '2019-11-12 09:11:11', '2019-11-12 09:11:11');
INSERT INTO `statistics_daily` VALUES ('1194060301425475585', '2019-11-10', 0, 155, 187, 140, '2019-11-12 09:12:15', '2019-11-12 09:12:15');
INSERT INTO `statistics_daily` VALUES ('1195', '2018-01-31', 598, 27, 242, 14, '2018-01-25 06:38:19', '2019-09-09 12:12:12');
INSERT INTO `statistics_daily` VALUES ('1196', '2018-02-01', 598, 27, 242, 14, '2018-01-25 06:38:19', '2019-09-09 12:12:12');
INSERT INTO `statistics_daily` VALUES ('1197', '2018-02-02', 599, 27, 242, 14, '2018-01-25 06:38:19', '2019-09-09 12:12:12');
INSERT INTO `statistics_daily` VALUES ('1198', '2018-02-03', 599, 27, 243, 14, '2018-01-25 06:38:19', '2019-09-09 12:12:12');
INSERT INTO `statistics_daily` VALUES ('1199', '2018-02-04', 600, 27, 243, 14, '2018-01-25 06:38:19', '2019-09-09 12:12:12');
INSERT INTO `statistics_daily` VALUES ('1200', '2018-02-05', 600, 27, 243, 14, '2018-01-25 06:38:19', '2019-09-09 12:12:12');
INSERT INTO `statistics_daily` VALUES ('1201', '2018-02-06', 601, 27, 243, 14, '2018-01-25 06:38:19', '2019-09-09 12:12:12');
INSERT INTO `statistics_daily` VALUES ('1202', '2018-02-07', 601, 27, 243, 14, '2018-01-25 06:38:19', '2019-09-09 12:12:12');
INSERT INTO `statistics_daily` VALUES ('1203', '2018-02-08', 602, 27, 244, 14, '2018-01-25 06:38:19', '2019-09-09 12:12:12');
INSERT INTO `statistics_daily` VALUES ('1204', '2018-02-09', 602, 27, 244, 14, '2018-01-25 06:38:19', '2019-09-09 12:12:12');
INSERT INTO `statistics_daily` VALUES ('1205', '2018-02-10', 603, 27, 244, 14, '2018-01-25 06:38:19', '2019-09-09 12:12:12');
INSERT INTO `statistics_daily` VALUES ('1206', '2018-02-11', 603, 27, 244, 14, '2018-01-25 06:38:19', '2019-09-09 12:12:12');
INSERT INTO `statistics_daily` VALUES ('1207', '2018-02-12', 604, 27, 244, 14, '2018-01-25 06:38:19', '2019-09-09 12:12:12');
INSERT INTO `statistics_daily` VALUES ('1208', '2018-02-13', 604, 27, 245, 14, '2018-01-25 06:38:19', '2019-09-09 12:12:12');
INSERT INTO `statistics_daily` VALUES ('1209', '2018-02-14', 605, 27, 245, 14, '2018-01-25 06:38:19', '2019-09-09 12:12:12');
INSERT INTO `statistics_daily` VALUES ('1210', '2018-02-15', 605, 27, 245, 14, '2018-01-25 06:38:19', '2019-09-09 12:12:12');
INSERT INTO `statistics_daily` VALUES ('1211', '2018-02-16', 606, 27, 245, 14, '2018-01-25 06:38:19', '2019-09-09 12:12:12');
INSERT INTO `statistics_daily` VALUES ('1212', '2018-02-17', 606, 27, 245, 14, '2018-01-25 06:38:19', '2019-09-09 12:12:12');
INSERT INTO `statistics_daily` VALUES ('1213', '2018-02-18', 607, 27, 246, 14, '2018-01-25 06:38:19', '2019-09-09 12:12:12');
INSERT INTO `statistics_daily` VALUES ('1214', '2018-02-19', 607, 27, 246, 14, '2018-01-25 06:38:19', '2019-09-09 12:12:12');
INSERT INTO `statistics_daily` VALUES ('1215', '2018-02-20', 608, 27, 246, 14, '2018-01-25 06:38:19', '2019-09-09 12:12:12');
INSERT INTO `statistics_daily` VALUES ('1216', '2018-02-21', 608, 27, 246, 14, '2018-01-25 06:38:19', '2019-09-09 12:12:12');
INSERT INTO `statistics_daily` VALUES ('1217', '2018-02-22', 609, 27, 246, 14, '2018-01-25 06:38:19', '2019-09-09 12:12:12');
INSERT INTO `statistics_daily` VALUES ('1218', '2018-02-23', 609, 27, 247, 14, '2018-01-25 06:38:19', '2019-09-09 12:12:12');
INSERT INTO `statistics_daily` VALUES ('1219', '2018-02-24', 610, 27, 247, 14, '2018-01-25 06:38:19', '2019-09-09 12:12:12');
INSERT INTO `statistics_daily` VALUES ('1220', '2018-02-25', 610, 27, 247, 14, '2018-01-25 06:38:19', '2019-09-09 12:12:12');
INSERT INTO `statistics_daily` VALUES ('1221', '2018-02-26', 611, 27, 247, 14, '2018-01-25 06:38:19', '2019-09-09 12:12:12');
INSERT INTO `statistics_daily` VALUES ('1222', '2018-02-27', 611, 27, 247, 14, '2018-01-25 06:38:19', '2019-09-09 12:12:12');
INSERT INTO `statistics_daily` VALUES ('1223', '2018-02-28', 612, 27, 248, 14, '2018-01-25 06:38:19', '2019-09-09 12:12:12');
INSERT INTO `statistics_daily` VALUES ('1224', '2018-03-01', 612, 27, 248, 14, '2018-01-25 06:38:19', '2019-09-09 12:12:12');
INSERT INTO `statistics_daily` VALUES ('1225', '2018-03-02', 613, 28, 248, 14, '2018-01-25 06:38:19', '2019-09-09 12:12:12');
INSERT INTO `statistics_daily` VALUES ('1226', '2018-03-03', 613, 28, 248, 14, '2018-01-25 06:38:19', '2019-09-09 12:12:12');
INSERT INTO `statistics_daily` VALUES ('1227', '2018-03-04', 614, 28, 248, 14, '2018-01-25 06:38:19', '2019-09-09 12:12:12');
INSERT INTO `statistics_daily` VALUES ('1228', '2018-03-05', 614, 28, 249, 14, '2018-01-25 06:38:19', '2019-09-09 12:12:12');
INSERT INTO `statistics_daily` VALUES ('1229', '2018-03-06', 615, 28, 249, 14, '2018-01-25 06:38:19', '2019-09-09 12:12:12');
INSERT INTO `statistics_daily` VALUES ('1230', '2018-03-07', 615, 28, 249, 14, '2018-01-25 06:38:19', '2019-09-09 12:12:12');
INSERT INTO `statistics_daily` VALUES ('1231', '2018-03-08', 616, 28, 249, 14, '2018-01-25 06:38:19', '2019-09-09 12:12:12');
INSERT INTO `statistics_daily` VALUES ('1232', '2018-03-09', 616, 28, 249, 14, '2018-01-25 06:38:19', '2019-09-09 12:12:12');
INSERT INTO `statistics_daily` VALUES ('1233', '2018-03-10', 617, 28, 250, 14, '2018-01-25 06:38:19', '2019-09-09 12:12:12');
INSERT INTO `statistics_daily` VALUES ('1234', '2018-03-11', 617, 28, 250, 14, '2018-01-25 06:38:19', '2019-09-09 12:12:12');
INSERT INTO `statistics_daily` VALUES ('1235', '2018-03-12', 618, 28, 250, 14, '2018-01-25 06:38:19', '2019-09-09 12:12:12');
INSERT INTO `statistics_daily` VALUES ('1236', '2018-03-13', 618, 28, 250, 14, '2018-01-25 06:38:19', '2019-09-09 12:12:12');
INSERT INTO `statistics_daily` VALUES ('1237', '2018-03-14', 619, 28, 250, 14, '2018-01-25 06:38:19', '2019-09-09 12:12:12');
INSERT INTO `statistics_daily` VALUES ('1238', '2018-03-15', 619, 28, 251, 14, '2018-01-25 06:38:19', '2019-09-09 12:12:12');
INSERT INTO `statistics_daily` VALUES ('1239', '2018-03-16', 620, 28, 251, 14, '2018-01-25 06:38:19', '2019-09-09 12:12:12');
INSERT INTO `statistics_daily` VALUES ('1240', '2018-03-17', 620, 28, 251, 14, '2018-01-25 06:38:19', '2019-09-09 12:12:12');
INSERT INTO `statistics_daily` VALUES ('1241', '2018-03-18', 621, 28, 251, 14, '2018-01-25 06:38:19', '2019-09-09 12:12:12');
INSERT INTO `statistics_daily` VALUES ('1242', '2018-03-19', 621, 28, 251, 14, '2018-01-25 06:38:19', '2019-09-09 12:12:12');
INSERT INTO `statistics_daily` VALUES ('1243', '2018-03-20', 622, 28, 252, 14, '2018-01-25 06:38:19', '2019-09-09 12:12:12');
INSERT INTO `statistics_daily` VALUES ('1244', '2018-03-21', 622, 28, 252, 14, '2018-01-25 06:38:19', '2019-09-09 12:12:12');
INSERT INTO `statistics_daily` VALUES ('1245', '2018-03-22', 623, 28, 252, 14, '2018-01-25 06:38:19', '2019-09-09 12:12:12');
INSERT INTO `statistics_daily` VALUES ('1246', '2018-03-23', 623, 28, 252, 14, '2018-01-25 06:38:19', '2019-09-09 12:12:12');
INSERT INTO `statistics_daily` VALUES ('1247', '2018-03-24', 624, 28, 252, 14, '2018-01-25 06:38:19', '2019-09-09 12:12:12');
INSERT INTO `statistics_daily` VALUES ('1248', '2018-03-25', 624, 28, 253, 14, '2018-01-25 06:38:19', '2019-09-09 12:12:12');
INSERT INTO `statistics_daily` VALUES ('1249', '2018-03-26', 625, 28, 253, 14, '2018-01-25 06:38:19', '2019-09-09 12:12:12');
INSERT INTO `statistics_daily` VALUES ('1250', '2018-03-27', 625, 28, 253, 14, '2018-01-25 06:38:19', '2019-09-09 12:12:12');
INSERT INTO `statistics_daily` VALUES ('1251', '2018-03-28', 626, 28, 253, 14, '2018-01-25 06:38:19', '2019-09-09 12:12:12');
INSERT INTO `statistics_daily` VALUES ('1252', '2018-03-29', 626, 28, 253, 14, '2018-01-25 06:38:19', '2019-09-09 12:12:12');
INSERT INTO `statistics_daily` VALUES ('1253', '2018-03-30', 627, 28, 254, 14, '2018-01-25 06:38:19', '2019-09-09 12:12:12');
INSERT INTO `statistics_daily` VALUES ('1254', '2018-03-31', 627, 28, 254, 14, '2018-01-25 06:38:19', '2019-09-09 12:12:12');
INSERT INTO `statistics_daily` VALUES ('1255', '2018-04-01', 628, 28, 254, 14, '2018-01-25 06:38:19', '2019-09-09 12:12:12');
INSERT INTO `statistics_daily` VALUES ('1256', '2018-04-02', 628, 28, 254, 14, '2018-01-25 06:38:19', '2019-09-09 12:12:12');
INSERT INTO `statistics_daily` VALUES ('1257', '2018-04-03', 629, 28, 254, 14, '2018-01-25 06:38:19', '2019-09-09 12:12:12');
INSERT INTO `statistics_daily` VALUES ('1258', '2018-04-04', 629, 28, 255, 14, '2018-01-25 06:38:19', '2019-09-09 12:12:12');
INSERT INTO `statistics_daily` VALUES ('1259', '2018-04-05', 630, 28, 255, 14, '2018-01-25 06:38:19', '2019-09-09 12:12:12');
INSERT INTO `statistics_daily` VALUES ('1260', '2018-04-06', 630, 28, 255, 14, '2018-01-25 06:38:19', '2019-09-09 12:12:12');
INSERT INTO `statistics_daily` VALUES ('1261', '2018-04-07', 631, 28, 255, 14, '2018-01-25 06:38:19', '2019-09-09 12:12:12');
INSERT INTO `statistics_daily` VALUES ('1262', '2018-04-08', 631, 28, 255, 14, '2018-01-25 06:38:19', '2019-09-09 12:12:12');
INSERT INTO `statistics_daily` VALUES ('1263', '2018-04-09', 632, 28, 256, 14, '2018-01-25 06:38:19', '2019-09-09 12:12:12');
INSERT INTO `statistics_daily` VALUES ('1264', '2018-04-10', 632, 28, 256, 14, '2018-01-25 06:38:19', '2019-09-09 12:12:12');
INSERT INTO `statistics_daily` VALUES ('1265', '2018-04-11', 633, 28, 256, 14, '2018-01-25 06:38:19', '2019-09-09 12:12:12');
INSERT INTO `statistics_daily` VALUES ('1266', '2018-04-12', 633, 28, 256, 14, '2018-01-25 06:38:19', '2019-09-09 12:12:12');
INSERT INTO `statistics_daily` VALUES ('1267', '2018-04-13', 634, 28, 256, 14, '2018-01-25 06:38:19', '2019-09-09 12:12:12');
INSERT INTO `statistics_daily` VALUES ('1268', '2018-04-14', 634, 28, 257, 14, '2018-01-25 06:38:19', '2019-09-09 12:12:12');
INSERT INTO `statistics_daily` VALUES ('1269', '2018-04-15', 635, 28, 257, 14, '2018-01-25 06:38:19', '2019-09-09 12:12:12');
INSERT INTO `statistics_daily` VALUES ('1270', '2018-04-16', 635, 28, 257, 14, '2018-01-25 06:38:19', '2019-09-09 12:12:12');
INSERT INTO `statistics_daily` VALUES ('1271', '2018-04-17', 636, 28, 257, 14, '2018-01-25 06:38:19', '2019-09-09 12:12:12');
INSERT INTO `statistics_daily` VALUES ('1272', '2018-04-18', 636, 28, 257, 14, '2018-01-25 06:38:19', '2019-09-09 12:12:12');
INSERT INTO `statistics_daily` VALUES ('1273', '2018-04-19', 637, 28, 258, 14, '2018-01-25 06:38:19', '2019-09-09 12:12:12');
INSERT INTO `statistics_daily` VALUES ('1274', '2018-04-20', 637, 28, 258, 14, '2018-01-25 06:38:19', '2019-09-09 12:12:12');
INSERT INTO `statistics_daily` VALUES ('1275', '2018-04-21', 638, 29, 258, 14, '2018-01-25 06:38:19', '2019-09-09 12:12:12');
INSERT INTO `statistics_daily` VALUES ('1276', '2018-04-22', 638, 29, 258, 14, '2018-01-25 06:38:19', '2019-09-09 12:12:12');
INSERT INTO `statistics_daily` VALUES ('1277', '2018-04-23', 639, 29, 258, 14, '2018-01-25 06:38:19', '2019-09-09 12:12:12');
INSERT INTO `statistics_daily` VALUES ('1278', '2018-04-24', 639, 29, 259, 14, '2018-01-25 06:38:19', '2019-09-09 12:12:12');
INSERT INTO `statistics_daily` VALUES ('1279', '2018-04-25', 640, 29, 259, 14, '2018-01-25 06:38:19', '2019-09-09 12:12:12');
INSERT INTO `statistics_daily` VALUES ('1280', '2018-04-26', 640, 29, 259, 14, '2018-01-25 06:38:19', '2019-09-09 12:12:12');
INSERT INTO `statistics_daily` VALUES ('1281', '2018-04-27', 641, 29, 259, 14, '2018-01-25 06:38:19', '2019-09-09 12:12:12');
INSERT INTO `statistics_daily` VALUES ('1282', '2018-04-28', 641, 29, 259, 14, '2018-01-25 06:38:19', '2019-09-09 12:12:12');
INSERT INTO `statistics_daily` VALUES ('1283', '2018-04-29', 642, 29, 260, 14, '2018-01-25 06:38:19', '2019-09-09 12:12:12');
INSERT INTO `statistics_daily` VALUES ('1284', '2018-04-30', 642, 29, 260, 14, '2018-01-25 06:38:19', '2019-09-09 12:12:12');
INSERT INTO `statistics_daily` VALUES ('1285', '2018-05-01', 643, 29, 260, 14, '2018-01-25 06:38:19', '2019-09-09 12:12:12');
INSERT INTO `statistics_daily` VALUES ('1286', '2018-05-02', 643, 29, 260, 14, '2018-01-25 06:38:19', '2019-09-09 12:12:12');
INSERT INTO `statistics_daily` VALUES ('1287', '2018-05-03', 644, 29, 260, 14, '2018-01-25 06:38:19', '2019-09-09 12:12:12');
INSERT INTO `statistics_daily` VALUES ('1288', '2018-05-04', 644, 29, 261, 14, '2018-01-25 06:38:19', '2019-09-09 12:12:12');
INSERT INTO `statistics_daily` VALUES ('1289', '2018-05-05', 645, 29, 261, 14, '2018-01-25 06:38:19', '2019-09-09 12:12:12');
INSERT INTO `statistics_daily` VALUES ('1290', '2018-05-06', 645, 29, 261, 14, '2018-01-25 06:38:19', '2019-09-09 12:12:12');
INSERT INTO `statistics_daily` VALUES ('1291', '2018-05-07', 646, 29, 261, 14, '2018-01-25 06:38:19', '2019-09-09 12:12:12');
INSERT INTO `statistics_daily` VALUES ('1292', '2018-05-08', 646, 29, 261, 14, '2018-01-25 06:38:19', '2019-09-09 12:12:12');
INSERT INTO `statistics_daily` VALUES ('1293', '2018-05-09', 647, 29, 262, 14, '2018-01-25 06:38:19', '2019-09-09 12:12:12');
INSERT INTO `statistics_daily` VALUES ('1294', '2018-05-10', 647, 29, 262, 14, '2018-01-25 06:38:19', '2019-09-09 12:12:12');
INSERT INTO `statistics_daily` VALUES ('1295', '2018-05-11', 648, 29, 262, 14, '2018-01-25 06:38:19', '2019-09-09 12:12:12');
INSERT INTO `statistics_daily` VALUES ('1296', '2018-05-12', 648, 29, 262, 14, '2018-01-25 06:38:19', '2019-09-09 12:12:12');
INSERT INTO `statistics_daily` VALUES ('1297', '2018-05-13', 649, 29, 262, 14, '2018-01-25 06:38:19', '2019-09-09 12:12:12');
INSERT INTO `statistics_daily` VALUES ('1298', '2018-05-14', 649, 29, 263, 14, '2018-01-25 06:38:19', '2019-09-09 12:12:12');
INSERT INTO `statistics_daily` VALUES ('1299', '2018-05-15', 5, 29, 263, 14, '2018-01-25 06:38:19', '2019-09-09 12:12:12');
INSERT INTO `statistics_daily` VALUES ('1300', '2018-05-16', 650, 29, 263, 14, '2018-01-25 06:38:19', '2019-09-09 12:12:12');
INSERT INTO `statistics_daily` VALUES ('1301', '2018-05-17', 651, 29, 263, 14, '2018-01-25 06:38:19', '2019-09-09 12:12:12');
INSERT INTO `statistics_daily` VALUES ('1302', '2018-05-18', 651, 29, 263, 14, '2018-01-25 06:38:19', '2019-09-09 12:12:12');
INSERT INTO `statistics_daily` VALUES ('1303', '2018-05-19', 652, 29, 264, 14, '2018-01-25 06:38:19', '2019-09-09 12:12:12');
INSERT INTO `statistics_daily` VALUES ('1304', '2018-05-20', 652, 29, 264, 14, '2018-01-25 06:38:19', '2019-09-09 12:12:12');
INSERT INTO `statistics_daily` VALUES ('1305', '2018-05-21', 653, 29, 264, 14, '2018-01-25 06:38:19', '2019-09-09 12:12:12');
INSERT INTO `statistics_daily` VALUES ('1306', '2018-05-22', 1, 29, 264, 14, '2018-01-25 06:38:19', '2019-09-09 12:12:12');
INSERT INTO `statistics_daily` VALUES ('1307', '2018-05-23', 654, 29, 264, 14, '2018-01-25 06:38:19', '2019-09-09 12:12:12');
INSERT INTO `statistics_daily` VALUES ('1308', '2018-05-24', 654, 29, 265, 14, '2018-01-25 06:38:19', '2019-09-09 12:12:12');
INSERT INTO `statistics_daily` VALUES ('1309', '2018-05-25', 1, 29, 265, 14, '2018-01-25 06:38:19', '2019-09-09 12:12:12');
INSERT INTO `statistics_daily` VALUES ('1310', '2018-05-26', 655, 29, 265, 14, '2018-01-25 06:38:19', '2019-09-09 12:12:12');
INSERT INTO `statistics_daily` VALUES ('1311', '2018-05-27', 656, 29, 265, 14, '2018-01-25 06:38:19', '2019-09-09 12:12:12');
INSERT INTO `statistics_daily` VALUES ('1312', '2018-05-28', 656, 29, 265, 14, '2018-01-25 06:38:19', '2019-09-09 12:12:12');
INSERT INTO `statistics_daily` VALUES ('1313', '2018-05-29', 657, 29, 266, 14, '2018-01-25 06:38:19', '2019-09-09 12:12:12');
INSERT INTO `statistics_daily` VALUES ('1314', '2018-05-30', 657, 29, 266, 14, '2018-01-25 06:38:19', '2019-09-09 12:12:12');
INSERT INTO `statistics_daily` VALUES ('1315', '2018-05-31', 658, 29, 266, 14, '2018-01-25 06:38:19', '2019-09-09 12:12:12');
INSERT INTO `statistics_daily` VALUES ('1316', '2018-06-01', 658, 29, 266, 14, '2018-01-25 06:38:19', '2019-09-09 12:12:12');
INSERT INTO `statistics_daily` VALUES ('1317', '2018-06-02', 659, 29, 266, 14, '2018-01-25 06:38:19', '2019-09-09 12:12:12');
INSERT INTO `statistics_daily` VALUES ('1318', '2018-06-03', 659, 29, 267, 14, '2018-01-25 06:38:19', '2019-09-09 12:12:12');
INSERT INTO `statistics_daily` VALUES ('1318835700988223490', '2019-03-16', 12, 193, 188, 138, '2020-10-21 16:45:09', '2020-10-21 16:45:09');
INSERT INTO `statistics_daily` VALUES ('1318841324283174913', '2020-10-08', 0, 174, 120, 150, '2020-10-21 17:07:29', '2020-10-21 17:07:29');
INSERT INTO `statistics_daily` VALUES ('1319', '2018-06-04', 660, 29, 267, 14, '2018-01-25 06:38:19', '2019-09-09 12:12:12');
INSERT INTO `statistics_daily` VALUES ('1320', '2018-06-05', 660, 29, 267, 14, '2018-01-25 06:38:19', '2019-09-09 12:12:12');
INSERT INTO `statistics_daily` VALUES ('1321', '2018-06-06', 661, 29, 267, 14, '2018-01-25 06:38:19', '2019-09-09 12:12:12');
INSERT INTO `statistics_daily` VALUES ('1322', '2018-06-07', 661, 29, 267, 14, '2018-01-25 06:38:19', '2019-09-09 12:12:12');
INSERT INTO `statistics_daily` VALUES ('1323', '2018-06-08', 662, 29, 268, 14, '2018-01-25 06:38:19', '2019-09-09 12:12:12');
INSERT INTO `statistics_daily` VALUES ('1324', '2018-06-09', 662, 29, 268, 14, '2018-01-25 06:38:19', '2019-09-09 12:12:12');
INSERT INTO `statistics_daily` VALUES ('1325', '2018-06-10', 663, 30, 268, 14, '2018-01-25 06:38:19', '2019-09-09 12:12:12');
INSERT INTO `statistics_daily` VALUES ('1326', '2018-06-11', 663, 30, 268, 14, '2018-01-25 06:38:19', '2019-09-09 12:12:12');
INSERT INTO `statistics_daily` VALUES ('1327', '2018-06-12', 664, 30, 268, 14, '2018-01-25 06:38:19', '2019-09-09 12:12:12');
INSERT INTO `statistics_daily` VALUES ('1328', '2018-06-13', 664, 30, 269, 14, '2018-01-25 06:38:19', '2019-09-09 12:12:12');
INSERT INTO `statistics_daily` VALUES ('1329', '2018-06-14', 665, 30, 269, 14, '2018-01-25 06:38:19', '2019-09-09 12:12:12');
INSERT INTO `statistics_daily` VALUES ('1330', '2018-06-15', 665, 30, 269, 14, '2018-01-25 06:38:19', '2019-09-09 12:12:12');
INSERT INTO `statistics_daily` VALUES ('1331', '2018-06-16', 666, 30, 269, 14, '2018-01-25 06:38:19', '2019-09-09 12:12:12');
INSERT INTO `statistics_daily` VALUES ('1332', '2018-06-17', 666, 30, 269, 14, '2018-01-25 06:38:19', '2019-09-09 12:12:12');
INSERT INTO `statistics_daily` VALUES ('1333', '2018-06-18', 667, 30, 270, 14, '2018-01-25 06:38:19', '2019-09-09 12:12:12');
INSERT INTO `statistics_daily` VALUES ('1334', '2018-06-19', 667, 30, 270, 14, '2018-01-25 06:38:19', '2019-09-09 12:12:12');
INSERT INTO `statistics_daily` VALUES ('1335', '2018-06-20', 668, 30, 270, 14, '2018-01-25 06:38:19', '2019-09-09 12:12:12');
INSERT INTO `statistics_daily` VALUES ('1336', '2018-06-21', 668, 30, 270, 14, '2018-01-25 06:38:19', '2019-09-09 12:12:12');
INSERT INTO `statistics_daily` VALUES ('1337', '2018-06-22', 669, 30, 270, 14, '2018-01-25 06:38:19', '2019-09-09 12:12:12');
INSERT INTO `statistics_daily` VALUES ('1338', '2018-06-23', 669, 30, 271, 14, '2018-01-25 06:38:19', '2019-09-09 12:12:12');
INSERT INTO `statistics_daily` VALUES ('1339', '2018-06-24', 670, 30, 271, 14, '2018-01-25 06:38:19', '2019-09-09 12:12:12');
INSERT INTO `statistics_daily` VALUES ('1340', '2018-06-25', 670, 30, 271, 14, '2018-01-25 06:38:19', '2019-09-09 12:12:12');
INSERT INTO `statistics_daily` VALUES ('1341', '2018-06-26', 671, 30, 271, 14, '2018-01-25 06:38:19', '2019-09-09 12:12:12');
INSERT INTO `statistics_daily` VALUES ('1342', '2018-06-27', 671, 30, 271, 14, '2018-01-25 06:38:19', '2019-09-09 12:12:12');
INSERT INTO `statistics_daily` VALUES ('1343', '2018-06-28', 672, 30, 272, 14, '2018-01-25 06:38:19', '2019-09-09 12:12:12');
INSERT INTO `statistics_daily` VALUES ('1344', '2018-06-29', 672, 30, 272, 14, '2018-01-25 06:38:19', '2019-09-09 12:12:12');
INSERT INTO `statistics_daily` VALUES ('1345', '2018-06-30', 673, 30, 272, 14, '2018-01-25 06:38:20', '2019-09-09 12:12:12');
INSERT INTO `statistics_daily` VALUES ('1346', '2018-07-01', 673, 30, 272, 14, '2018-01-25 06:38:20', '2019-09-09 12:12:12');
INSERT INTO `statistics_daily` VALUES ('1347', '2018-07-02', 674, 30, 272, 14, '2018-01-25 06:38:20', '2019-09-09 12:12:12');
INSERT INTO `statistics_daily` VALUES ('1348', '2018-07-03', 674, 30, 273, 14, '2018-01-25 06:38:20', '2019-09-09 12:12:12');
INSERT INTO `statistics_daily` VALUES ('1349', '2018-07-04', 675, 30, 273, 14, '2018-01-25 06:38:20', '2019-09-09 12:12:12');
INSERT INTO `statistics_daily` VALUES ('1350', '2018-07-05', 675, 30, 273, 14, '2018-01-25 06:38:20', '2019-09-09 12:12:12');
INSERT INTO `statistics_daily` VALUES ('1351', '2018-07-06', 676, 30, 273, 14, '2018-01-25 06:38:20', '2019-09-09 12:12:12');
INSERT INTO `statistics_daily` VALUES ('1352', '2018-07-07', 676, 30, 273, 14, '2018-01-25 06:38:20', '2019-09-09 12:12:12');
INSERT INTO `statistics_daily` VALUES ('1353', '2018-07-08', 677, 30, 274, 14, '2018-01-25 06:38:20', '2019-09-09 12:12:12');
INSERT INTO `statistics_daily` VALUES ('1354', '2018-07-09', 677, 30, 274, 14, '2018-01-25 06:38:20', '2019-09-09 12:12:12');
INSERT INTO `statistics_daily` VALUES ('1355', '2018-07-10', 678, 30, 274, 14, '2018-01-25 06:38:20', '2019-09-09 12:12:12');
INSERT INTO `statistics_daily` VALUES ('1356', '2018-07-11', 678, 30, 274, 14, '2018-01-25 06:38:20', '2019-09-09 12:12:12');
INSERT INTO `statistics_daily` VALUES ('1357', '2018-07-12', 679, 30, 274, 14, '2018-01-25 06:38:20', '2019-09-09 12:12:12');
INSERT INTO `statistics_daily` VALUES ('1358', '2018-07-13', 679, 30, 275, 14, '2018-01-25 06:38:20', '2019-09-09 12:12:12');
INSERT INTO `statistics_daily` VALUES ('1359', '2018-07-14', 680, 30, 275, 14, '2018-01-25 06:38:20', '2019-09-09 12:12:12');
INSERT INTO `statistics_daily` VALUES ('1360', '2018-07-15', 680, 30, 275, 14, '2018-01-25 06:38:20', '2019-09-09 12:12:12');
INSERT INTO `statistics_daily` VALUES ('1361', '2018-07-16', 681, 30, 275, 14, '2018-01-25 06:38:20', '2019-09-09 12:12:12');
INSERT INTO `statistics_daily` VALUES ('1362', '2018-07-17', 681, 30, 275, 14, '2018-01-25 06:38:20', '2019-09-09 12:12:12');
INSERT INTO `statistics_daily` VALUES ('1363', '2018-07-18', 682, 30, 276, 14, '2018-01-25 06:38:20', '2019-09-09 12:12:12');
INSERT INTO `statistics_daily` VALUES ('1364', '2018-07-19', 682, 30, 276, 14, '2018-01-25 06:38:20', '2019-09-09 12:12:12');
INSERT INTO `statistics_daily` VALUES ('1365', '2018-07-20', 683, 30, 276, 14, '2018-01-25 06:38:20', '2019-09-09 12:12:12');
INSERT INTO `statistics_daily` VALUES ('1366', '2018-07-21', 683, 30, 276, 14, '2018-01-25 06:38:20', '2019-09-09 12:12:12');
INSERT INTO `statistics_daily` VALUES ('1367', '2018-07-22', 684, 30, 276, 14, '2018-01-25 06:38:20', '2019-09-09 12:12:12');
INSERT INTO `statistics_daily` VALUES ('1368', '2018-07-23', 684, 30, 277, 14, '2018-01-25 06:38:20', '2019-09-09 12:12:12');
INSERT INTO `statistics_daily` VALUES ('1369', '2018-07-24', 685, 30, 277, 14, '2018-01-25 06:38:20', '2019-09-09 12:12:12');
INSERT INTO `statistics_daily` VALUES ('1370', '2018-07-25', 685, 30, 277, 14, '2018-01-25 06:38:20', '2019-09-09 12:12:12');
INSERT INTO `statistics_daily` VALUES ('1371', '2018-07-26', 686, 30, 277, 14, '2018-01-25 06:38:20', '2019-09-09 12:12:12');
INSERT INTO `statistics_daily` VALUES ('1372', '2018-07-27', 686, 30, 277, 14, '2018-01-25 06:38:20', '2019-09-09 12:12:12');
INSERT INTO `statistics_daily` VALUES ('1373', '2018-07-28', 687, 30, 278, 14, '2018-01-25 06:38:20', '2019-09-09 12:12:12');
INSERT INTO `statistics_daily` VALUES ('1374', '2018-07-29', 687, 30, 278, 14, '2018-01-25 06:38:20', '2019-09-09 12:12:12');
INSERT INTO `statistics_daily` VALUES ('1375', '2018-07-30', 688, 31, 278, 14, '2018-01-25 06:38:20', '2019-09-09 12:12:12');
INSERT INTO `statistics_daily` VALUES ('1376', '2018-07-31', 688, 31, 278, 14, '2018-01-25 06:38:20', '2019-09-09 12:12:12');
INSERT INTO `statistics_daily` VALUES ('1377', '2018-08-01', 689, 31, 278, 14, '2018-01-25 06:38:20', '2019-09-09 12:12:12');
INSERT INTO `statistics_daily` VALUES ('1378', '2018-08-02', 689, 31, 279, 14, '2018-01-25 06:38:20', '2019-09-09 12:12:12');
INSERT INTO `statistics_daily` VALUES ('1379', '2018-08-03', 690, 31, 279, 14, '2018-01-25 06:38:20', '2019-09-09 12:12:12');
INSERT INTO `statistics_daily` VALUES ('1380', '2018-08-04', 690, 31, 279, 14, '2018-01-25 06:38:20', '2019-09-09 12:12:12');
INSERT INTO `statistics_daily` VALUES ('1381', '2018-08-05', 691, 31, 279, 14, '2018-01-25 06:38:20', '2019-09-09 12:12:12');
INSERT INTO `statistics_daily` VALUES ('1382', '2018-08-06', 691, 31, 279, 14, '2018-01-25 06:38:20', '2019-09-09 12:12:12');
INSERT INTO `statistics_daily` VALUES ('1383', '2018-08-07', 692, 31, 280, 14, '2018-01-25 06:38:20', '2019-09-09 12:12:12');
INSERT INTO `statistics_daily` VALUES ('1384', '2018-08-08', 692, 31, 280, 14, '2018-01-25 06:38:20', '2019-09-09 12:12:12');
INSERT INTO `statistics_daily` VALUES ('1385', '2018-08-09', 1, 31, 280, 14, '2018-01-25 06:38:20', '2019-09-09 12:12:12');
INSERT INTO `statistics_daily` VALUES ('1386', '2018-08-10', 693, 31, 280, 14, '2018-01-25 06:38:20', '2019-09-09 12:12:12');
INSERT INTO `statistics_daily` VALUES ('1387', '2018-08-11', 694, 31, 280, 14, '2018-01-25 06:38:20', '2019-09-09 12:12:12');
INSERT INTO `statistics_daily` VALUES ('1388', '2018-08-12', 694, 31, 281, 14, '2018-01-25 06:38:20', '2019-09-09 12:12:12');
INSERT INTO `statistics_daily` VALUES ('1389', '2018-08-13', 695, 31, 281, 14, '2018-01-25 06:38:20', '2019-09-09 12:12:12');
INSERT INTO `statistics_daily` VALUES ('1390', '2018-08-14', 695, 31, 281, 14, '2018-01-25 06:38:20', '2019-09-09 12:12:12');
INSERT INTO `statistics_daily` VALUES ('1391', '2018-08-15', 696, 31, 281, 14, '2018-01-25 06:38:20', '2019-09-09 12:12:12');
INSERT INTO `statistics_daily` VALUES ('1392', '2018-08-16', 696, 31, 281, 14, '2018-01-25 06:38:20', '2019-09-09 12:12:12');
INSERT INTO `statistics_daily` VALUES ('1393', '2018-08-17', 697, 31, 282, 14, '2018-01-25 06:38:20', '2019-09-09 12:12:12');
INSERT INTO `statistics_daily` VALUES ('1394', '2018-08-18', 697, 31, 282, 14, '2018-01-25 06:38:20', '2019-09-09 12:12:12');
INSERT INTO `statistics_daily` VALUES ('1395', '2018-08-19', 698, 31, 282, 14, '2018-01-25 06:38:20', '2019-09-09 12:12:12');
INSERT INTO `statistics_daily` VALUES ('1396', '2018-08-20', 698, 31, 282, 14, '2018-01-25 06:38:20', '2019-09-09 12:12:12');
INSERT INTO `statistics_daily` VALUES ('1397', '2018-08-21', 699, 31, 282, 14, '2018-01-25 06:38:20', '2019-09-09 12:12:12');
INSERT INTO `statistics_daily` VALUES ('1398', '2018-08-22', 699, 31, 283, 14, '2018-01-25 06:38:20', '2019-09-09 12:12:12');
INSERT INTO `statistics_daily` VALUES ('1399', '2018-08-23', 700, 31, 283, 14, '2018-01-25 06:38:20', '2019-09-09 12:12:12');
INSERT INTO `statistics_daily` VALUES ('1400', '2018-08-24', 700, 31, 283, 14, '2018-01-25 06:38:20', '2019-09-09 12:12:12');
INSERT INTO `statistics_daily` VALUES ('1401', '2018-08-25', 701, 31, 283, 14, '2018-01-25 06:38:20', '2019-09-09 12:12:12');
INSERT INTO `statistics_daily` VALUES ('1402', '2018-08-26', 701, 31, 283, 14, '2018-01-25 06:38:20', '2019-09-09 12:12:12');
INSERT INTO `statistics_daily` VALUES ('1403', '2018-08-27', 702, 31, 284, 14, '2018-01-25 06:38:20', '2019-09-09 12:12:12');
INSERT INTO `statistics_daily` VALUES ('1404', '2018-08-28', 702, 31, 284, 14, '2018-01-25 06:38:20', '2019-09-09 12:12:12');
INSERT INTO `statistics_daily` VALUES ('1405', '2018-08-29', 703, 31, 284, 14, '2018-01-25 06:38:20', '2019-09-09 12:12:12');
INSERT INTO `statistics_daily` VALUES ('1406', '2018-08-30', 703, 31, 284, 14, '2018-01-25 06:38:20', '2019-09-09 12:12:12');
INSERT INTO `statistics_daily` VALUES ('1407', '2018-08-31', 704, 31, 284, 14, '2018-01-25 06:38:20', '2019-09-09 12:12:12');
INSERT INTO `statistics_daily` VALUES ('1408', '2018-09-01', 1, 31, 285, 14, '2018-01-25 06:38:20', '2019-09-09 12:12:12');
INSERT INTO `statistics_daily` VALUES ('1409', '2018-09-02', 705, 31, 285, 14, '2018-01-25 06:38:20', '2019-09-09 12:12:12');
INSERT INTO `statistics_daily` VALUES ('1410', '2018-09-03', 705, 31, 285, 14, '2018-01-25 06:38:20', '2019-09-09 12:12:12');
INSERT INTO `statistics_daily` VALUES ('1411', '2018-09-04', 706, 31, 285, 14, '2018-01-25 06:38:20', '2019-09-09 12:12:12');
INSERT INTO `statistics_daily` VALUES ('1412', '2018-09-05', 706, 31, 285, 14, '2018-01-25 06:38:20', '2019-09-09 12:12:12');
INSERT INTO `statistics_daily` VALUES ('1413', '2018-09-06', 707, 31, 286, 14, '2018-01-25 06:38:20', '2019-09-09 12:12:12');
INSERT INTO `statistics_daily` VALUES ('1414', '2018-09-07', 707, 31, 1, 14, '2018-01-25 06:38:20', '2019-09-09 12:12:12');
INSERT INTO `statistics_daily` VALUES ('1415', '2018-09-08', 708, 31, 1, 14, '2018-01-25 06:38:20', '2019-09-09 12:12:12');
INSERT INTO `statistics_daily` VALUES ('1416', '2018-09-09', 1, 31, 1, 14, '2018-01-25 06:38:20', '2019-09-09 12:12:12');
INSERT INTO `statistics_daily` VALUES ('1417', '2018-09-10', 1, 31, 2, 14, '2018-01-25 06:38:20', '2019-09-09 12:12:12');
INSERT INTO `statistics_daily` VALUES ('1418', '2018-09-11', 709, 31, 287, 14, '2018-01-25 06:38:20', '2019-09-09 12:12:12');
INSERT INTO `statistics_daily` VALUES ('1419', '2018-09-12', 710, 31, 287, 14, '2018-01-25 06:38:20', '2019-09-09 12:12:12');
INSERT INTO `statistics_daily` VALUES ('1420', '2018-09-13', 710, 31, 287, 14, '2018-01-25 06:38:20', '2019-09-09 12:12:12');
INSERT INTO `statistics_daily` VALUES ('1421', '2018-09-14', 711, 31, 287, 14, '2018-01-25 06:38:20', '2019-09-09 12:12:12');
INSERT INTO `statistics_daily` VALUES ('1422', '2018-09-15', 711, 31, 287, 14, '2018-01-25 06:38:20', '2019-09-09 12:12:12');
INSERT INTO `statistics_daily` VALUES ('1423', '2018-09-16', 712, 31, 288, 14, '2018-01-25 06:38:20', '2019-09-09 12:12:12');
INSERT INTO `statistics_daily` VALUES ('1424', '2018-09-17', 712, 31, 288, 14, '2018-01-25 06:38:20', '2019-09-09 12:12:12');
INSERT INTO `statistics_daily` VALUES ('1425', '2018-09-18', 713, 32, 288, 14, '2018-01-25 06:38:20', '2019-09-09 12:12:12');
INSERT INTO `statistics_daily` VALUES ('1426', '2018-09-19', 713, 32, 288, 14, '2018-01-25 06:38:20', '2019-09-09 12:12:12');
INSERT INTO `statistics_daily` VALUES ('1427', '2018-09-20', 714, 32, 288, 14, '2018-01-25 06:38:20', '2019-09-09 12:12:12');
INSERT INTO `statistics_daily` VALUES ('1428', '2018-09-21', 714, 32, 289, 14, '2018-01-25 06:38:20', '2019-09-09 12:12:12');
INSERT INTO `statistics_daily` VALUES ('1429', '2018-09-22', 715, 32, 289, 14, '2018-01-25 06:38:20', '2019-09-09 12:12:12');
INSERT INTO `statistics_daily` VALUES ('1430', '2018-09-23', 715, 32, 289, 14, '2018-01-25 06:38:20', '2019-09-09 12:12:12');
INSERT INTO `statistics_daily` VALUES ('1431', '2018-09-24', 716, 32, 1, 14, '2018-01-25 06:38:20', '2019-09-09 12:12:12');
INSERT INTO `statistics_daily` VALUES ('1432', '2018-09-25', 716, 32, 289, 14, '2018-01-25 06:38:20', '2019-09-09 12:12:12');
INSERT INTO `statistics_daily` VALUES ('1433', '2018-09-26', 717, 32, 290, 14, '2018-01-25 06:38:20', '2019-09-09 12:12:12');
INSERT INTO `statistics_daily` VALUES ('1434', '2018-09-27', 717, 32, 290, 14, '2018-01-25 06:38:20', '2019-09-09 12:12:12');
INSERT INTO `statistics_daily` VALUES ('1435', '2018-09-28', 718, 32, 290, 14, '2018-01-25 06:38:20', '2019-09-09 12:12:12');
INSERT INTO `statistics_daily` VALUES ('1436', '2018-09-29', 718, 32, 1, 14, '2018-01-25 06:38:20', '2019-09-09 12:12:12');
INSERT INTO `statistics_daily` VALUES ('1437', '2018-09-30', 719, 32, 290, 14, '2018-01-25 06:38:20', '2019-09-09 12:12:12');
INSERT INTO `statistics_daily` VALUES ('1438', '2018-10-01', 719, 32, 291, 14, '2018-01-25 06:38:20', '2019-09-09 12:12:12');
INSERT INTO `statistics_daily` VALUES ('1439', '2018-10-02', 720, 32, 291, 14, '2018-01-25 06:38:20', '2019-09-09 12:12:12');
INSERT INTO `statistics_daily` VALUES ('1440', '2018-10-03', 720, 32, 291, 14, '2018-01-25 06:38:20', '2019-09-09 12:12:12');
INSERT INTO `statistics_daily` VALUES ('1441', '2018-10-04', 721, 32, 291, 14, '2018-01-25 06:38:20', '2019-09-09 12:12:12');
INSERT INTO `statistics_daily` VALUES ('1442', '2018-10-05', 721, 32, 291, 14, '2018-01-25 06:38:20', '2019-09-09 12:12:12');
INSERT INTO `statistics_daily` VALUES ('1443', '2018-10-06', 722, 32, 292, 14, '2018-01-25 06:38:20', '2019-09-09 12:12:12');
INSERT INTO `statistics_daily` VALUES ('1444', '2018-10-07', 722, 32, 292, 14, '2018-01-25 06:38:20', '2019-09-09 12:12:12');
INSERT INTO `statistics_daily` VALUES ('1445', '2018-10-08', 1, 32, 292, 14, '2018-01-25 06:38:20', '2019-09-09 12:12:12');
INSERT INTO `statistics_daily` VALUES ('1446', '2018-10-09', 723, 32, 292, 14, '2018-01-25 06:38:20', '2019-09-09 12:12:12');
INSERT INTO `statistics_daily` VALUES ('1447', '2018-10-10', 724, 32, 292, 14, '2018-01-25 06:38:20', '2019-09-09 12:12:12');
INSERT INTO `statistics_daily` VALUES ('1448', '2018-10-11', 724, 32, 293, 14, '2018-01-25 06:38:20', '2019-09-09 12:12:12');
INSERT INTO `statistics_daily` VALUES ('1449', '2018-10-12', 725, 32, 293, 14, '2018-01-25 06:38:20', '2019-09-09 12:12:12');
INSERT INTO `statistics_daily` VALUES ('1450', '2018-10-13', 725, 32, 293, 14, '2018-01-25 06:38:20', '2019-09-09 12:12:12');
INSERT INTO `statistics_daily` VALUES ('1451', '2018-10-14', 726, 32, 4, 14, '2018-01-25 06:38:20', '2019-09-09 12:12:12');
INSERT INTO `statistics_daily` VALUES ('1452', '2018-10-15', 726, 32, 293, 14, '2018-01-25 06:38:20', '2019-09-09 12:12:12');
INSERT INTO `statistics_daily` VALUES ('1453', '2018-10-16', 727, 32, 294, 14, '2018-01-25 06:38:20', '2019-09-09 12:12:12');
INSERT INTO `statistics_daily` VALUES ('1454', '2018-10-17', 727, 32, 294, 14, '2018-01-25 06:38:20', '2019-09-09 12:12:12');
INSERT INTO `statistics_daily` VALUES ('1455', '2018-10-18', 728, 32, 294, 14, '2018-01-25 06:38:20', '2019-09-09 12:12:12');
INSERT INTO `statistics_daily` VALUES ('1456', '2018-10-19', 728, 32, 294, 14, '2018-01-25 06:38:20', '2019-09-09 12:12:12');
INSERT INTO `statistics_daily` VALUES ('1457', '2018-10-20', 729, 32, 294, 14, '2018-01-25 06:38:20', '2019-09-09 12:12:12');
INSERT INTO `statistics_daily` VALUES ('1458', '2018-10-21', 729, 32, 295, 14, '2018-01-25 06:38:20', '2019-09-09 12:12:12');
INSERT INTO `statistics_daily` VALUES ('1459', '2018-10-22', 730, 32, 1, 14, '2018-01-25 06:38:20', '2019-09-09 12:12:12');
INSERT INTO `statistics_daily` VALUES ('1460', '2018-10-23', 730, 32, 295, 14, '2018-01-25 06:38:20', '2019-09-09 12:12:12');
INSERT INTO `statistics_daily` VALUES ('1461', '2018-10-24', 731, 32, 295, 14, '2018-01-25 06:38:20', '2019-09-09 12:12:12');
INSERT INTO `statistics_daily` VALUES ('1462', '2018-10-25', 731, 32, 295, 14, '2018-01-25 06:38:20', '2019-09-09 12:12:12');
INSERT INTO `statistics_daily` VALUES ('1463', '2018-10-26', 732, 32, 296, 14, '2018-01-25 06:38:20', '2019-09-09 12:12:12');
INSERT INTO `statistics_daily` VALUES ('1464', '2018-10-27', 732, 32, 296, 14, '2018-01-25 06:38:20', '2019-09-09 12:12:12');
INSERT INTO `statistics_daily` VALUES ('1465', '2018-10-28', 733, 32, 296, 14, '2018-01-25 06:38:20', '2019-09-09 12:12:12');
INSERT INTO `statistics_daily` VALUES ('1466', '2018-10-29', 2, 32, 3, 14, '2018-01-25 06:38:20', '2019-09-09 12:12:12');
INSERT INTO `statistics_daily` VALUES ('1467', '2018-10-30', 734, 32, 296, 14, '2018-01-25 06:38:20', '2019-09-09 12:12:12');
INSERT INTO `statistics_daily` VALUES ('1468', '2018-10-31', 734, 32, 297, 14, '2018-01-25 06:38:20', '2019-09-09 12:12:12');
INSERT INTO `statistics_daily` VALUES ('1469', '2018-11-01', 735, 32, 297, 14, '2018-01-25 06:38:20', '2019-09-09 12:12:12');
INSERT INTO `statistics_daily` VALUES ('1470', '2018-11-02', 735, 32, 297, 14, '2018-01-25 06:38:20', '2019-09-09 12:12:12');
INSERT INTO `statistics_daily` VALUES ('1471', '2018-11-03', 1, 32, 297, 14, '2018-01-25 06:38:20', '2019-09-09 12:12:12');
INSERT INTO `statistics_daily` VALUES ('1472', '2018-11-04', 736, 32, 1, 14, '2018-01-25 06:38:20', '2019-09-09 12:12:12');
INSERT INTO `statistics_daily` VALUES ('1473', '2018-11-05', 737, 32, 298, 14, '2018-01-25 06:38:20', '2019-09-09 12:12:12');
INSERT INTO `statistics_daily` VALUES ('1474', '2018-11-06', 737, 32, 298, 14, '2018-01-25 06:38:20', '2019-09-09 12:12:12');
INSERT INTO `statistics_daily` VALUES ('1475', '2018-11-07', 738, 33, 298, 14, '2018-01-25 06:38:20', '2019-09-09 12:12:12');
INSERT INTO `statistics_daily` VALUES ('1476', '2018-11-08', 738, 33, 169, 14, '2018-01-25 06:38:20', '2019-09-09 12:12:12');
INSERT INTO `statistics_daily` VALUES ('1477', '2018-11-09', 1, 33, 298, 14, '2018-01-25 06:38:20', '2019-09-09 12:12:12');
INSERT INTO `statistics_daily` VALUES ('1478', '2018-11-10', 739, 33, 78, 14, '2018-01-25 06:38:20', '2019-09-09 12:12:12');
INSERT INTO `statistics_daily` VALUES ('1479', '2018-11-11', 740, 33, 299, 14, '2018-01-25 06:38:20', '2019-09-09 12:12:12');
INSERT INTO `statistics_daily` VALUES ('1480', '2018-11-12', 740, 33, 299, 14, '2018-01-25 06:38:20', '2019-09-09 12:12:12');
INSERT INTO `statistics_daily` VALUES ('1481', '2018-11-13', 741, 33, 299, 14, '2018-01-25 06:38:20', '2019-09-09 12:12:12');
INSERT INTO `statistics_daily` VALUES ('1482', '2018-11-14', 741, 33, 299, 14, '2018-01-25 06:38:20', '2019-09-09 12:12:12');
INSERT INTO `statistics_daily` VALUES ('1483', '2018-11-15', 742, 33, 300, 14, '2018-01-25 06:38:20', '2019-09-09 12:12:12');
INSERT INTO `statistics_daily` VALUES ('1484', '2018-11-16', 742, 33, 35, 14, '2018-01-25 06:38:20', '2019-09-09 12:12:12');
INSERT INTO `statistics_daily` VALUES ('1485', '2018-11-17', 743, 33, 300, 14, '2018-01-25 06:38:20', '2019-09-09 12:12:12');
INSERT INTO `statistics_daily` VALUES ('1486', '2018-11-18', 743, 33, 300, 14, '2018-01-25 06:38:20', '2019-09-09 12:12:12');
INSERT INTO `statistics_daily` VALUES ('1487', '2018-11-19', 744, 33, 300, 14, '2018-01-25 06:38:20', '2019-09-09 12:12:12');
INSERT INTO `statistics_daily` VALUES ('1488', '2018-11-20', 744, 33, 301, 14, '2018-01-25 06:38:20', '2019-09-09 12:12:12');
INSERT INTO `statistics_daily` VALUES ('1489', '2018-11-21', 745, 33, 234, 14, '2018-01-25 06:38:20', '2019-09-09 12:12:12');
INSERT INTO `statistics_daily` VALUES ('1490', '2018-11-22', 456, 33, 301, 14, '2018-01-25 06:38:20', '2019-09-09 12:12:12');
INSERT INTO `statistics_daily` VALUES ('1491', '2018-11-23', 746, 33, 301, 14, '2018-01-25 06:38:20', '2019-09-09 12:12:12');
INSERT INTO `statistics_daily` VALUES ('1492', '2018-11-24', 746, 33, 301, 14, '2018-01-25 06:38:20', '2019-09-09 12:12:12');
INSERT INTO `statistics_daily` VALUES ('1493', '2018-11-25', 747, 33, 302, 14, '2018-01-25 06:38:20', '2019-09-09 12:12:12');
INSERT INTO `statistics_daily` VALUES ('1494', '2018-11-26', 747, 4, 302, 14, '2018-01-25 06:38:20', '2019-09-09 12:12:12');
INSERT INTO `statistics_daily` VALUES ('1495', '2018-11-27', 748, 33, 302, 14, '2018-01-25 06:38:20', '2019-09-09 12:12:12');
INSERT INTO `statistics_daily` VALUES ('1496', '2018-11-28', 748, 33, 36, 14, '2018-01-25 06:38:20', '2019-09-09 12:12:12');
INSERT INTO `statistics_daily` VALUES ('1497', '2018-11-29', 749, 33, 302, 2, '2018-01-25 06:38:20', '2019-09-09 12:12:12');
INSERT INTO `statistics_daily` VALUES ('1498', '2018-11-30', 749, 3, 303, 14, '2018-01-25 06:38:20', '2019-09-09 12:12:12');
INSERT INTO `statistics_daily` VALUES ('1499', '2018-12-01', 750, 33, 303, 14, '2018-01-25 06:38:20', '2019-09-09 12:12:12');
INSERT INTO `statistics_daily` VALUES ('1500', '2018-12-02', 234, 33, 303, 14, '2018-01-25 06:38:20', '2019-09-09 12:12:12');
INSERT INTO `statistics_daily` VALUES ('1501', '2018-12-03', 751, 33, 303, 14, '2018-01-25 06:38:20', '2019-09-09 12:12:12');
INSERT INTO `statistics_daily` VALUES ('1502', '2018-12-04', 751, 33, 303, 14, '2018-01-25 06:38:20', '2019-09-09 12:12:12');
INSERT INTO `statistics_daily` VALUES ('1503', '2018-12-05', 752, 6, 304, 33, '2018-01-25 06:38:20', '2019-09-09 12:12:12');
INSERT INTO `statistics_daily` VALUES ('1505', '2018-12-07', 753, 33, 55, 14, '2018-01-25 06:38:20', '2019-09-09 12:12:12');
INSERT INTO `statistics_daily` VALUES ('1506', '2018-12-08', 753, 33, 304, 14, '2018-01-25 06:38:20', '2019-09-09 12:12:12');
INSERT INTO `statistics_daily` VALUES ('1507', '2018-12-09', 754, 33, 304, 14, '2018-01-25 06:38:20', '2019-09-09 12:12:12');
INSERT INTO `statistics_daily` VALUES ('1508', '2018-12-10', 754, 1, 305, 14, '2018-01-25 06:38:20', '2019-09-09 12:12:12');
INSERT INTO `statistics_daily` VALUES ('1509', '2018-12-11', 755, 33, 305, 14, '2018-01-25 06:38:20', '2019-09-09 12:12:12');
INSERT INTO `statistics_daily` VALUES ('1510', '2018-12-12', 755, 33, 305, 14, '2018-01-25 06:38:20', '2019-09-09 12:12:12');
INSERT INTO `statistics_daily` VALUES ('1511', '2018-12-13', 756, 33, 305, 14, '2018-01-25 06:38:20', '2019-09-09 12:12:12');
INSERT INTO `statistics_daily` VALUES ('1512', '2018-12-14', 366, 33, 305, 14, '2018-01-25 06:38:20', '2019-09-09 12:12:12');
INSERT INTO `statistics_daily` VALUES ('1513', '2018-12-15', 757, 33, 66, 14, '2018-01-25 06:38:20', '2019-09-09 12:12:12');
INSERT INTO `statistics_daily` VALUES ('1514', '2018-12-16', 757, 33, 306, 14, '2018-01-25 06:38:20', '2019-09-09 12:12:12');
INSERT INTO `statistics_daily` VALUES ('1515', '2018-12-17', 758, 33, 306, 14, '2018-01-25 06:38:20', '2019-09-09 12:12:12');
INSERT INTO `statistics_daily` VALUES ('1516', '2018-12-18', 758, 2, 306, 14, '2018-01-25 06:38:20', '2019-09-09 12:12:12');
INSERT INTO `statistics_daily` VALUES ('1517', '2018-12-19', 759, 33, 306, 14, '2018-01-25 06:38:20', '2019-09-09 12:12:12');
INSERT INTO `statistics_daily` VALUES ('1518', '2018-12-20', 564, 33, 307, 14, '2018-01-25 06:38:20', '2019-09-09 12:12:12');
INSERT INTO `statistics_daily` VALUES ('1519', '2018-12-21', 760, 33, 307, 14, '2018-01-25 06:38:20', '2019-09-09 12:12:12');
INSERT INTO `statistics_daily` VALUES ('1520', '2018-12-22', 760, 33, 307, 14, '2018-01-25 06:38:20', '2019-09-09 12:12:12');
INSERT INTO `statistics_daily` VALUES ('1521', '2018-12-23', 761, 33, 307, 14, '2018-01-25 06:38:20', '2019-09-09 12:12:12');
INSERT INTO `statistics_daily` VALUES ('1522', '2018-12-24', 761, 33, 307, 14, '2018-01-25 06:38:20', '2019-09-09 12:12:12');
INSERT INTO `statistics_daily` VALUES ('1527', '2018-12-29', 764, 34, 308, 14, '2018-01-25 06:38:20', '2019-09-09 12:12:12');
INSERT INTO `statistics_daily` VALUES ('1528', '2018-12-30', 764, 34, 309, 14, '2018-01-25 06:38:20', '2019-09-09 12:12:12');
INSERT INTO `statistics_daily` VALUES ('1529', '2018-12-31', 765, 34, 309, 14, '2018-01-25 06:38:20', '2019-09-09 12:12:12');
INSERT INTO `statistics_daily` VALUES ('1554', '2018-01-01', 333, 34, 314, 14, '2018-02-02 08:58:31', '2019-09-09 12:12:12');
INSERT INTO `statistics_daily` VALUES ('1555', '2018-01-02', 778, 34, 314, 14, '2018-02-02 08:58:31', '2019-09-09 12:12:12');
INSERT INTO `statistics_daily` VALUES ('1556', '2018-01-03', 778, 34, 314, 14, '2018-02-02 08:58:31', '2019-09-09 12:12:12');
INSERT INTO `statistics_daily` VALUES ('1557', '2018-01-04', 779, 34, 314, 14, '2018-02-02 08:58:31', '2019-09-09 12:12:12');
INSERT INTO `statistics_daily` VALUES ('1558', '2018-01-05', 779, 34, 315, 14, '2018-02-02 08:58:31', '2019-09-09 12:12:12');
INSERT INTO `statistics_daily` VALUES ('1559', '2018-01-06', 780, 34, 315, 14, '2018-02-02 08:58:31', '2019-09-09 12:12:12');
INSERT INTO `statistics_daily` VALUES ('1560', '2018-01-07', 780, 34, 315, 14, '2018-02-02 08:58:31', '2019-09-09 12:12:12');
INSERT INTO `statistics_daily` VALUES ('1561', '2018-01-08', 781, 34, 315, 14, '2018-02-02 08:58:31', '2019-09-09 12:12:12');
INSERT INTO `statistics_daily` VALUES ('1562', '2018-01-09', 781, 34, 315, 14, '2018-02-02 08:58:31', '2019-09-09 12:12:12');
INSERT INTO `statistics_daily` VALUES ('1563', '2018-01-10', 782, 34, 316, 14, '2018-02-02 08:58:31', '2019-09-09 12:12:12');
INSERT INTO `statistics_daily` VALUES ('1564', '2018-01-11', 782, 34, 316, 14, '2018-02-02 08:58:31', '2019-09-09 12:12:12');
INSERT INTO `statistics_daily` VALUES ('1565', '2018-01-12', 783, 34, 316, 14, '2018-02-02 08:58:31', '2019-09-09 12:12:12');
INSERT INTO `statistics_daily` VALUES ('1566', '2018-01-13', 783, 34, 316, 14, '2018-02-02 08:58:31', '2019-09-09 12:12:12');
INSERT INTO `statistics_daily` VALUES ('1567', '2018-01-14', 784, 34, 316, 14, '2018-02-02 08:58:31', '2019-09-09 12:12:12');
INSERT INTO `statistics_daily` VALUES ('1568', '2018-01-15', 784, 34, 317, 14, '2018-02-02 08:58:31', '2019-09-09 12:12:12');
INSERT INTO `statistics_daily` VALUES ('1569', '2018-01-16', 23, 34, 317, 14, '2018-02-02 08:58:31', '2019-09-09 12:12:12');
INSERT INTO `statistics_daily` VALUES ('1570', '2018-01-17', 785, 34, 317, 14, '2018-02-02 08:58:31', '2019-09-09 12:12:12');
INSERT INTO `statistics_daily` VALUES ('1571', '2018-01-18', 786, 34, 317, 14, '2018-02-02 08:58:31', '2019-09-09 12:12:12');
INSERT INTO `statistics_daily` VALUES ('1572', '2018-01-19', 786, 34, 317, 14, '2018-02-02 08:58:31', '2019-09-09 12:12:12');
INSERT INTO `statistics_daily` VALUES ('1573', '2018-01-20', 787, 2, 318, 14, '2018-02-02 08:58:31', '2019-09-09 12:12:12');
INSERT INTO `statistics_daily` VALUES ('1574', '2018-01-21', 787, 2, 318, 14, '2018-02-02 08:58:31', '2019-09-09 12:12:12');
INSERT INTO `statistics_daily` VALUES ('1575', '2018-01-22', 788, 1, 318, 14, '2018-02-02 08:58:31', '2019-09-09 12:12:12');
INSERT INTO `statistics_daily` VALUES ('1576', '2018-01-23', 788, 35, 318, 14, '2018-02-02 08:58:31', '2019-09-09 12:12:12');
INSERT INTO `statistics_daily` VALUES ('1577', '2018-01-24', 789, 35, 318, 14, '2018-02-02 08:58:31', '2019-09-09 12:12:12');
INSERT INTO `statistics_daily` VALUES ('1578', '2018-01-25', 789, 1, 319, 14, '2018-02-02 08:58:31', '2019-09-09 12:12:12');
INSERT INTO `statistics_daily` VALUES ('1579', '2018-01-26', 790, 1, 319, 14, '2018-02-02 08:58:31', '2019-09-09 12:12:12');
INSERT INTO `statistics_daily` VALUES ('1580', '2018-01-27', 531, 2, 319, 14, '2018-02-02 08:58:31', '2019-09-09 12:12:12');
INSERT INTO `statistics_daily` VALUES ('1581', '2018-01-28', 791, 2, 319, 14, '2018-02-02 08:58:31', '2019-09-09 12:12:12');
INSERT INTO `statistics_daily` VALUES ('1582', '2018-01-29', 791, 2, 319, 14, '2018-02-02 08:58:31', '2019-09-09 12:12:12');
INSERT INTO `statistics_daily` VALUES ('1583', '2018-01-30', 2, 4, 2, 14, '2018-02-02 08:58:31', '2019-09-09 12:12:12');
INSERT INTO `statistics_daily` VALUES ('1584', '2018-01-31', 792, 35, 320, 14, '2018-02-02 08:58:31', '2019-09-09 12:12:12');
INSERT INTO `statistics_daily` VALUES ('1586', '2018-02-01', 793, 4, 3, 14, '2018-02-25 10:54:34', '2019-09-09 12:12:12');
INSERT INTO `statistics_daily` VALUES ('1587', '2018-02-02', 794, 2, 1, 14, '2018-02-25 10:54:34', '2019-09-09 12:12:12');
INSERT INTO `statistics_daily` VALUES ('1588', '2018-02-03', 794, 1, 4, 14, '2018-02-25 10:54:34', '2019-09-09 12:12:12');
INSERT INTO `statistics_daily` VALUES ('1589', '2018-02-04', 795, 35, 321, 14, '2018-02-25 10:54:34', '2019-09-09 12:12:12');
INSERT INTO `statistics_daily` VALUES ('1590', '2018-02-05', 795, 35, 321, 14, '2018-02-25 10:54:34', '2019-09-09 12:12:12');
INSERT INTO `statistics_daily` VALUES ('1591', '2018-02-06', 796, 35, 321, 14, '2018-02-25 10:54:34', '2019-09-09 12:12:12');
INSERT INTO `statistics_daily` VALUES ('1592', '2018-02-07', 796, 35, 321, 14, '2018-02-25 10:54:34', '2019-09-09 12:12:12');
INSERT INTO `statistics_daily` VALUES ('1593', '2018-02-08', 797, 35, 322, 14, '2018-02-25 10:54:34', '2019-09-09 12:12:12');
INSERT INTO `statistics_daily` VALUES ('1594', '2018-02-09', 797, 35, 322, 14, '2018-02-25 10:54:34', '2019-09-09 12:12:12');
INSERT INTO `statistics_daily` VALUES ('1595', '2018-02-10', 99, 35, 322, 14, '2018-02-25 10:54:34', '2019-09-09 12:12:12');
INSERT INTO `statistics_daily` VALUES ('1596', '2018-02-11', 798, 35, 322, 14, '2018-02-25 10:54:34', '2019-09-09 12:12:12');
INSERT INTO `statistics_daily` VALUES ('1597', '2018-02-12', 799, 35, 322, 14, '2018-02-25 10:54:34', '2019-09-09 12:12:12');
INSERT INTO `statistics_daily` VALUES ('1598', '2018-02-13', 799, 35, 323, 14, '2018-02-25 10:54:34', '2019-09-09 12:12:12');
INSERT INTO `statistics_daily` VALUES ('1599', '2018-02-14', 800, 35, 323, 14, '2018-02-25 10:54:34', '2019-09-09 12:12:12');
INSERT INTO `statistics_daily` VALUES ('1600', '2018-02-15', 800, 35, 323, 14, '2018-02-25 10:54:34', '2019-09-09 12:12:12');
INSERT INTO `statistics_daily` VALUES ('1601', '2018-02-16', 89, 35, 90, 14, '2018-02-25 10:54:34', '2019-09-09 12:12:12');
INSERT INTO `statistics_daily` VALUES ('1602', '2018-02-17', 801, 35, 323, 14, '2018-02-25 10:54:34', '2019-09-09 12:12:12');
INSERT INTO `statistics_daily` VALUES ('1603', '2018-02-18', 802, 23, 324, 14, '2018-02-25 10:54:34', '2019-09-09 12:12:12');
INSERT INTO `statistics_daily` VALUES ('1604', '2018-02-19', 802, 2, 324, 14, '2018-02-25 10:54:34', '2019-09-09 12:12:12');
INSERT INTO `statistics_daily` VALUES ('1605', '2018-02-20', 803, 56, 324, 14, '2018-02-25 10:54:34', '2019-09-09 12:12:12');
INSERT INTO `statistics_daily` VALUES ('1606', '2018-02-21', 45, 35, 89, 14, '2018-02-25 10:54:34', '2019-09-09 12:12:12');
INSERT INTO `statistics_daily` VALUES ('1607', '2018-02-22', 804, 35, 324, 14, '2018-02-25 10:54:34', '2019-09-09 12:12:12');
INSERT INTO `statistics_daily` VALUES ('1608', '2018-02-23', 804, 35, 325, 14, '2018-02-25 10:54:34', '2019-09-09 12:12:12');
INSERT INTO `statistics_daily` VALUES ('1609', '2018-02-24', 805, 1, 3, 14, '2018-02-25 10:54:34', '2019-09-09 12:12:12');
INSERT INTO `statistics_daily` VALUES ('1610', '2018-05-15', 0, 0, 0, 7, '2018-05-16 00:25:27', '2019-09-09 12:12:12');
INSERT INTO `statistics_daily` VALUES ('1611', '2018-10-01', 0, 0, 0, 7, '2018-10-24 16:17:15', '2019-09-09 12:12:12');
INSERT INTO `statistics_daily` VALUES ('1612', '2018-10-02', 0, 0, 0, 7, '2018-10-24 16:17:15', '2019-09-09 12:12:12');
INSERT INTO `statistics_daily` VALUES ('1613', '2018-10-03', 0, 0, 0, 7, '2018-10-24 16:17:15', '2019-09-09 12:12:12');
INSERT INTO `statistics_daily` VALUES ('1614', '2018-10-04', 0, 0, 0, 7, '2018-10-24 16:17:15', '2019-09-09 12:12:12');
INSERT INTO `statistics_daily` VALUES ('1615', '2018-10-05', 0, 0, 0, 7, '2018-10-24 16:17:15', '2019-09-09 12:12:12');

-- ----------------------------
-- Table structure for t_order
-- ----------------------------
DROP TABLE IF EXISTS `t_order`;
CREATE TABLE `t_order`  (
  `id` char(19) CHARACTER SET utf8mb4 COLLATE utf8mb4_0900_ai_ci NOT NULL DEFAULT '',
  `order_no` varchar(20) CHARACTER SET utf8mb4 COLLATE utf8mb4_0900_ai_ci NOT NULL DEFAULT '' COMMENT '订单号',
  `course_id` varchar(19) CHARACTER SET utf8mb4 COLLATE utf8mb4_0900_ai_ci NOT NULL DEFAULT '' COMMENT '课程id',
  `course_title` varchar(100) CHARACTER SET utf8mb4 COLLATE utf8mb4_0900_ai_ci NULL DEFAULT NULL COMMENT '课程名称',
  `course_cover` varchar(255) CHARACTER SET utf8mb4 COLLATE utf8mb4_0900_ai_ci NULL DEFAULT NULL COMMENT '课程封面',
  `teacher_name` varchar(20) CHARACTER SET utf8mb4 COLLATE utf8mb4_0900_ai_ci NULL DEFAULT NULL COMMENT '讲师名称',
  `member_id` varchar(19) CHARACTER SET utf8mb4 COLLATE utf8mb4_0900_ai_ci NOT NULL DEFAULT '' COMMENT '会员id',
  `nickname` varchar(50) CHARACTER SET utf8mb4 COLLATE utf8mb4_0900_ai_ci NULL DEFAULT NULL COMMENT '会员昵称',
  `mobile` varchar(11) CHARACTER SET utf8mb4 COLLATE utf8mb4_0900_ai_ci NULL DEFAULT NULL COMMENT '会员手机',
  `total_fee` decimal(10, 2) NULL DEFAULT 0.01 COMMENT '订单金额（分）',
  `pay_type` tinyint(3) NULL DEFAULT NULL COMMENT '支付类型（1：微信 2：支付宝）',
  `status` tinyint(3) NULL DEFAULT NULL COMMENT '订单状态（0：未支付 1：已支付）',
  `is_deleted` tinyint(1) UNSIGNED NOT NULL DEFAULT 0 COMMENT '逻辑删除 1（true）已删除， 0（false）未删除',
  `create_time` datetime(0) NOT NULL COMMENT '创建时间',
  `update_time` datetime(0) NOT NULL COMMENT '更新时间',
  PRIMARY KEY (`id`) USING BTREE,
  UNIQUE INDEX `ux_order_no`(`order_no`) USING BTREE,
  INDEX `idx_course_id`(`course_id`) USING BTREE,
  INDEX `idx_member_id`(`member_id`) USING BTREE
) ENGINE = InnoDB CHARACTER SET = utf8mb4 COLLATE = utf8mb4_0900_ai_ci COMMENT = '订单' ROW_FORMAT = Dynamic;

-- ----------------------------
-- Records of t_order
-- ----------------------------
INSERT INTO `t_order` VALUES ('1195693605513891841', '1195693605555834880', '18', 'Java精品课程', 'http://guli-file.oss-cn-beijing.aliyuncs.com/cover/2019/03/06/866e9aca-b530-4f71-a690-72d4a4bfd1e7.jpg', '晴天', '1', '小三1231', '13700000001', 1.00, NULL, 0, 0, '2019-11-16 21:22:25', '2019-11-16 21:22:25');
INSERT INTO `t_order` VALUES ('1195694200178118657', '1195694200186507264', '18', 'Java精品课程', 'http://guli-file.oss-cn-beijing.aliyuncs.com/cover/2019/03/06/866e9aca-b530-4f71-a690-72d4a4bfd1e7.jpg', '晴天', '1', '小三1231', '13700000001', 1.00, NULL, 0, 0, '2019-11-16 21:24:47', '2019-11-16 21:24:47');
INSERT INTO `t_order` VALUES ('1196264007411744769', '1196264005255872512', '1192252213659774977', 'java基础课程：test', 'https://guli-file-190513.oss-cn-beijing.aliyuncs.com/cover/default.gif', '晴天', '1', '小三1231', '13700000001', 1.00, NULL, 1, 0, '2019-11-18 11:09:00', '2019-11-18 11:10:14');
INSERT INTO `t_order` VALUES ('1196265495278174209', '1196265495273979904', '18', 'Java精品课程', 'http://guli-file.oss-cn-beijing.aliyuncs.com/cover/2019/03/06/866e9aca-b530-4f71-a690-72d4a4bfd1e7.jpg', '晴天', '1', '小三1231', '13700000001', 1.00, NULL, 0, 0, '2019-11-18 11:14:54', '2019-11-18 11:14:54');
INSERT INTO `t_order` VALUES ('1317731377449398273', '20201018153657634', '18', 'Java精品课程', 'https://online-teach-file.oss-cn-beijing.aliyuncs.com/cms/2019/11/14/297acd3b-b592-4cfb-a446-a28310369675.jpg', 'test', '1314761457287684098', 'sunny', '19137654621', 0.01, 1, 1, 0, '2020-10-18 15:36:57', '2020-10-18 15:37:12');
INSERT INTO `t_order` VALUES ('1317736199279902721', '20201018155606843', '1192252213659774977', 'java基础课程：test', 'https://online-teach-file.oss-cn-beijing.aliyuncs.com/cms/2019/11/14/297acd3b-b592-4cfb-a446-a28310369675.jpg', 'test', '1314761457287684098', 'sunny', '19137654621', 0.01, 1, 1, 0, '2020-10-18 15:56:07', '2020-10-18 15:56:23');
INSERT INTO `t_order` VALUES ('1317738993147723777', '20201018160713767', '1311845751566979074', '机器学习', 'https://online-teach-file.oss-cn-beijing.aliyuncs.com/cms/2019/11/14/297acd3b-b592-4cfb-a446-a28310369675.jpg', 'test', '1314761457287684098', 'sunny', '19137654621', 0.01, 1, 1, 0, '2020-10-18 16:07:13', '2020-10-18 16:07:24');
INSERT INTO `t_order` VALUES ('1317739282466701314', '20201018160822411', '1311972845852557313', 'test', 'https://online-teach-file.oss-cn-beijing.aliyuncs.com/cms/2019/11/14/297acd3b-b592-4cfb-a446-a28310369675.jpg', 'test', '1314761457287684098', 'sunny', '19137654621', 0.01, 1, 1, 0, '2020-10-18 16:08:22', '2020-10-18 16:08:33');
INSERT INTO `t_order` VALUES ('1317739574025355265', '20201018160931097', '1312280426085089282', 'php从入门到入坟', 'https://online-teach-file.oss-cn-beijing.aliyuncs.com/cms/2019/11/14/297acd3b-b592-4cfb-a446-a28310369675.jpg', 'test', '1314761457287684098', 'sunny', '19137654621', 0.01, 1, 1, 0, '2020-10-18 16:09:32', '2020-10-18 16:09:45');
INSERT INTO `t_order` VALUES ('1317740373098983425', '20201018161242113', '1313739573142003714', '111', 'https://online-teach-file.oss-cn-beijing.aliyuncs.com/cms/2019/11/14/297acd3b-b592-4cfb-a446-a28310369675.jpg', 'test', '1314761457287684098', 'sunny', '19137654621', 0.01, 1, 1, 0, '2020-10-18 16:12:42', '2020-10-18 16:12:56');

-- ----------------------------
-- Table structure for t_pay_log
-- ----------------------------
DROP TABLE IF EXISTS `t_pay_log`;
CREATE TABLE `t_pay_log`  (
  `id` char(19) CHARACTER SET utf8mb4 COLLATE utf8mb4_0900_ai_ci NOT NULL DEFAULT '',
  `order_no` varchar(20) CHARACTER SET utf8mb4 COLLATE utf8mb4_0900_ai_ci NOT NULL DEFAULT '' COMMENT '订单号',
  `pay_time` datetime(0) NULL DEFAULT NULL COMMENT '支付完成时间',
  `total_fee` decimal(10, 2) NULL DEFAULT 0.01 COMMENT '支付金额（分）',
  `transaction_id` varchar(30) CHARACTER SET utf8mb4 COLLATE utf8mb4_0900_ai_ci NULL DEFAULT NULL COMMENT '交易流水号',
  `trade_state` char(20) CHARACTER SET utf8mb4 COLLATE utf8mb4_0900_ai_ci NULL DEFAULT NULL COMMENT '交易状态',
  `pay_type` tinyint(3) NOT NULL DEFAULT 0 COMMENT '支付类型（1：微信 2：支付宝）',
  `attr` text CHARACTER SET utf8mb4 COLLATE utf8mb4_0900_ai_ci NULL COMMENT '其他属性',
  `is_deleted` tinyint(1) UNSIGNED NOT NULL DEFAULT 0 COMMENT '逻辑删除 1（true）已删除， 0（false）未删除',
  `create_time` datetime(0) NOT NULL COMMENT '创建时间',
  `update_time` datetime(0) NOT NULL COMMENT '更新时间',
  PRIMARY KEY (`id`) USING BTREE,
  UNIQUE INDEX `uk_order_no`(`order_no`) USING BTREE
) ENGINE = InnoDB CHARACTER SET = utf8mb4 COLLATE = utf8mb4_0900_ai_ci COMMENT = '支付日志表' ROW_FORMAT = Dynamic;

-- ----------------------------
-- Records of t_pay_log
-- ----------------------------
INSERT INTO `t_pay_log` VALUES ('1194498446013001730', '1194498300579704832', '2019-11-13 14:13:17', 1.00, '4200000469201911130676624386', 'SUCCESS', 1, '{\"transaction_id\":\"4200000469201911130676624386\",\"nonce_str\":\"2Lc23ILl231It53M\",\"trade_state\":\"SUCCESS\",\"bank_type\":\"CFT\",\"openid\":\"oNpSGwR-QGG5DaZtDkh2UZlsFDQE\",\"sign\":\"5404850AA3ED0E844DE104651477F07A\",\"return_msg\":\"OK\",\"fee_type\":\"CNY\",\"mch_id\":\"1473426802\",\"cash_fee\":\"1\",\"out_trade_no\":\"1194498300579704832\",\"cash_fee_type\":\"CNY\",\"appid\":\"wx8397f8696b538317\",\"total_fee\":\"1\",\"trade_state_desc\":\"支付成功\",\"trade_type\":\"NATIVE\",\"result_code\":\"SUCCESS\",\"attach\":\"\",\"time_end\":\"20191113141314\",\"is_subscribe\":\"N\",\"return_code\":\"SUCCESS\"}', 0, '2019-11-13 14:13:17', '2019-11-13 14:13:17');
INSERT INTO `t_pay_log` VALUES ('1195253787449430017', '1195253049260314624', '2019-11-15 16:14:44', 1.00, '4200000454201911150981874895', 'SUCCESS', 1, '{\"transaction_id\":\"4200000454201911150981874895\",\"nonce_str\":\"MAM5UM4Xhv1lItvO\",\"trade_state\":\"SUCCESS\",\"bank_type\":\"CFT\",\"openid\":\"oNpSGwR-QGG5DaZtDkh2UZlsFDQE\",\"sign\":\"7DBDCAF4A078B30BB3EF073E6A238C20\",\"return_msg\":\"OK\",\"fee_type\":\"CNY\",\"mch_id\":\"1473426802\",\"cash_fee\":\"1\",\"out_trade_no\":\"1195253049260314624\",\"cash_fee_type\":\"CNY\",\"appid\":\"wx8397f8696b538317\",\"total_fee\":\"1\",\"trade_state_desc\":\"支付成功\",\"trade_type\":\"NATIVE\",\"result_code\":\"SUCCESS\",\"attach\":\"\",\"time_end\":\"20191115161440\",\"is_subscribe\":\"N\",\"return_code\":\"SUCCESS\"}', 0, '2019-11-15 16:14:44', '2019-11-15 16:14:44');
INSERT INTO `t_pay_log` VALUES ('1196264321397342210', '1196264005255872512', '2019-11-18 11:10:14', 1.00, '4200000453201911184025781554', 'SUCCESS', 1, '{\"transaction_id\":\"4200000453201911184025781554\",\"nonce_str\":\"D1dHexCLIFIxAAg2\",\"trade_state\":\"SUCCESS\",\"bank_type\":\"CFT\",\"openid\":\"oNpSGwR-QGG5DaZtDkh2UZlsFDQE\",\"sign\":\"C9F5CA1EE49EA7891736D73BEB423962\",\"return_msg\":\"OK\",\"fee_type\":\"CNY\",\"mch_id\":\"1473426802\",\"cash_fee\":\"1\",\"out_trade_no\":\"1196264005255872512\",\"cash_fee_type\":\"CNY\",\"appid\":\"wx8397f8696b538317\",\"total_fee\":\"1\",\"trade_state_desc\":\"支付成功\",\"trade_type\":\"NATIVE\",\"result_code\":\"SUCCESS\",\"attach\":\"\",\"time_end\":\"20191118111011\",\"is_subscribe\":\"N\",\"return_code\":\"SUCCESS\"}', 0, '2019-11-18 11:10:14', '2019-11-18 11:10:14');
INSERT INTO `t_pay_log` VALUES ('1317490222409211905', '20201017231044534', '2020-10-17 23:38:31', 0.01, '4200000764202010171957111698', 'SUCCESS', 1, '{\"transaction_id\":\"4200000764202010171957111698\",\"nonce_str\":\"dJOmJkD6EfRJM4bA\",\"trade_state\":\"SUCCESS\",\"bank_type\":\"OTHERS\",\"openid\":\"oHwsHuM1QE_b2VisI_5qPcNJSTIc\",\"sign\":\"67529EAE80B9D2077C4B508E3825B473\",\"return_msg\":\"OK\",\"fee_type\":\"CNY\",\"mch_id\":\"1558950191\",\"cash_fee\":\"1\",\"out_trade_no\":\"20201017231044534\",\"cash_fee_type\":\"CNY\",\"appid\":\"wx74862e0dfcf69954\",\"total_fee\":\"1\",\"trade_state_desc\":\"支付成功\",\"trade_type\":\"NATIVE\",\"result_code\":\"SUCCESS\",\"attach\":\"\",\"time_end\":\"20201017232207\",\"is_subscribe\":\"N\",\"return_code\":\"SUCCESS\"}', 0, '2020-10-17 23:38:41', '2020-10-17 23:38:41');
INSERT INTO `t_pay_log` VALUES ('1317731440863080450', '20201018153657634', '2020-10-18 15:37:12', 0.01, '4200000770202010188953541298', 'SUCCESS', 1, '{\"transaction_id\":\"4200000770202010188953541298\",\"nonce_str\":\"CcoAopN8WdDfKsdZ\",\"trade_state\":\"SUCCESS\",\"bank_type\":\"OTHERS\",\"openid\":\"oHwsHuM1QE_b2VisI_5qPcNJSTIc\",\"sign\":\"8197A5197D72478B0D9E86C5A3C0F910\",\"return_msg\":\"OK\",\"fee_type\":\"CNY\",\"mch_id\":\"1558950191\",\"cash_fee\":\"1\",\"out_trade_no\":\"20201018153657634\",\"cash_fee_type\":\"CNY\",\"appid\":\"wx74862e0dfcf69954\",\"total_fee\":\"1\",\"trade_state_desc\":\"支付成功\",\"trade_type\":\"NATIVE\",\"result_code\":\"SUCCESS\",\"attach\":\"\",\"time_end\":\"20201018153711\",\"is_subscribe\":\"N\",\"return_code\":\"SUCCESS\"}', 0, '2020-10-18 15:37:12', '2020-10-18 15:37:12');
INSERT INTO `t_pay_log` VALUES ('1317736266074193921', '20201018155606843', '2020-10-18 15:56:23', 0.01, '4200000766202010189527038887', 'SUCCESS', 1, '{\"transaction_id\":\"4200000766202010189527038887\",\"nonce_str\":\"aTL9PYFQ8pxsSeEN\",\"trade_state\":\"SUCCESS\",\"bank_type\":\"OTHERS\",\"openid\":\"oHwsHuM1QE_b2VisI_5qPcNJSTIc\",\"sign\":\"18198A7B669E6246AA5DFA6600424D77\",\"return_msg\":\"OK\",\"fee_type\":\"CNY\",\"mch_id\":\"1558950191\",\"cash_fee\":\"1\",\"out_trade_no\":\"20201018155606843\",\"cash_fee_type\":\"CNY\",\"appid\":\"wx74862e0dfcf69954\",\"total_fee\":\"1\",\"trade_state_desc\":\"支付成功\",\"trade_type\":\"NATIVE\",\"result_code\":\"SUCCESS\",\"attach\":\"\",\"time_end\":\"20201018155621\",\"is_subscribe\":\"N\",\"return_code\":\"SUCCESS\"}', 0, '2020-10-18 15:56:23', '2020-10-18 15:56:23');
INSERT INTO `t_pay_log` VALUES ('1317739326691442689', '20201018160822411', '2020-10-18 16:08:33', 0.01, '4200000767202010189753141882', 'SUCCESS', 1, '{\"transaction_id\":\"4200000767202010189753141882\",\"nonce_str\":\"BnrnKPqHnD5W5sRH\",\"trade_state\":\"SUCCESS\",\"bank_type\":\"OTHERS\",\"openid\":\"oHwsHuM1QE_b2VisI_5qPcNJSTIc\",\"sign\":\"2E25BC4C8B25C64550BCEC317B9738E4\",\"return_msg\":\"OK\",\"fee_type\":\"CNY\",\"mch_id\":\"1558950191\",\"cash_fee\":\"1\",\"out_trade_no\":\"20201018160822411\",\"cash_fee_type\":\"CNY\",\"appid\":\"wx74862e0dfcf69954\",\"total_fee\":\"1\",\"trade_state_desc\":\"支付成功\",\"trade_type\":\"NATIVE\",\"result_code\":\"SUCCESS\",\"attach\":\"\",\"time_end\":\"20201018160832\",\"is_subscribe\":\"N\",\"return_code\":\"SUCCESS\"}', 0, '2020-10-18 16:08:33', '2020-10-18 16:08:33');
INSERT INTO `t_pay_log` VALUES ('1317739632506535938', '20201018160931097', '2020-10-18 16:09:45', 0.01, '4200000770202010186388618325', 'SUCCESS', 1, '{\"transaction_id\":\"4200000770202010186388618325\",\"nonce_str\":\"PVPTytfDYziKuYq6\",\"trade_state\":\"SUCCESS\",\"bank_type\":\"OTHERS\",\"openid\":\"oHwsHuM1QE_b2VisI_5qPcNJSTIc\",\"sign\":\"A946BB636F259C51C84599ACFA7E492C\",\"return_msg\":\"OK\",\"fee_type\":\"CNY\",\"mch_id\":\"1558950191\",\"cash_fee\":\"1\",\"out_trade_no\":\"20201018160931097\",\"cash_fee_type\":\"CNY\",\"appid\":\"wx74862e0dfcf69954\",\"total_fee\":\"1\",\"trade_state_desc\":\"支付成功\",\"trade_type\":\"NATIVE\",\"result_code\":\"SUCCESS\",\"attach\":\"\",\"time_end\":\"20201018160945\",\"is_subscribe\":\"N\",\"return_code\":\"SUCCESS\"}', 0, '2020-10-18 16:09:45', '2020-10-18 16:09:45');
INSERT INTO `t_pay_log` VALUES ('1317740430246375425', '20201018161242113', '2020-10-18 16:12:56', 0.01, '4200000759202010181807728232', 'SUCCESS', 1, '{\"transaction_id\":\"4200000759202010181807728232\",\"nonce_str\":\"FhupmmZPHWQnfRee\",\"trade_state\":\"SUCCESS\",\"bank_type\":\"OTHERS\",\"openid\":\"oHwsHuM1QE_b2VisI_5qPcNJSTIc\",\"sign\":\"6D648EAEC24582BBB1FCBF913E5FD107\",\"return_msg\":\"OK\",\"fee_type\":\"CNY\",\"mch_id\":\"1558950191\",\"cash_fee\":\"1\",\"out_trade_no\":\"20201018161242113\",\"cash_fee_type\":\"CNY\",\"appid\":\"wx74862e0dfcf69954\",\"total_fee\":\"1\",\"trade_state_desc\":\"支付成功\",\"trade_type\":\"NATIVE\",\"result_code\":\"SUCCESS\",\"attach\":\"\",\"time_end\":\"20201018161256\",\"is_subscribe\":\"N\",\"return_code\":\"SUCCESS\"}', 0, '2020-10-18 16:12:56', '2020-10-18 16:12:56');

-- ----------------------------
-- Table structure for ucenter_member
-- ----------------------------
DROP TABLE IF EXISTS `ucenter_member`;
CREATE TABLE `ucenter_member`  (
  `id` char(19) CHARACTER SET utf8mb4 COLLATE utf8mb4_0900_ai_ci NOT NULL COMMENT '会员id',
  `openid` varchar(128) CHARACTER SET utf8mb4 COLLATE utf8mb4_0900_ai_ci NULL DEFAULT NULL COMMENT '微信openid',
  `mobile` varchar(11) CHARACTER SET utf8mb4 COLLATE utf8mb4_0900_ai_ci NULL DEFAULT '' COMMENT '手机号',
  `password` varchar(255) CHARACTER SET utf8mb4 COLLATE utf8mb4_0900_ai_ci NULL DEFAULT NULL COMMENT '密码',
  `nickname` varchar(50) CHARACTER SET utf8mb4 COLLATE utf8mb4_0900_ai_ci NULL DEFAULT NULL COMMENT '昵称',
  `sex` tinyint(2) UNSIGNED NULL DEFAULT NULL COMMENT '性别 1 女，2 男',
  `age` tinyint(3) UNSIGNED NULL DEFAULT NULL COMMENT '年龄',
  `avatar` varchar(255) CHARACTER SET utf8mb4 COLLATE utf8mb4_0900_ai_ci NULL DEFAULT NULL COMMENT '用户头像',
  `sign` varchar(100) CHARACTER SET utf8mb4 COLLATE utf8mb4_0900_ai_ci NULL DEFAULT NULL COMMENT '用户签名',
  `is_disabled` tinyint(1) NOT NULL DEFAULT 0 COMMENT '是否禁用 1（true）已禁用，  0（false）未禁用',
  `is_deleted` tinyint(1) NOT NULL DEFAULT 0 COMMENT '逻辑删除 1（true）已删除， 0（false）未删除',
  `create_time` datetime(0) NOT NULL COMMENT '创建时间',
  `update_time` datetime(0) NOT NULL COMMENT '更新时间',
  PRIMARY KEY (`id`) USING BTREE
) ENGINE = InnoDB CHARACTER SET = utf8mb4 COLLATE = utf8mb4_0900_ai_ci COMMENT = '会员表' ROW_FORMAT = Dynamic;

-- ----------------------------
-- Records of ucenter_member
-- ----------------------------
INSERT INTO `ucenter_member` VALUES ('1', NULL, '13700000001', '96e79218965eb72c92a549dd5a330112', '小三123', 1, 5, 'http://thirdwx.qlogo.cn/mmopen/vi_32/DYAIOgq83eoj0hHXhgJNOTSOFsS4uZs8x1ConecaVOB8eIl115xmJZcT4oCicvia7wMEufibKtTLqiaJeanU2Lpg3w/132', NULL, 0, 0, '2019-01-01 12:11:33', '2019-11-08 11:56:01');
INSERT INTO `ucenter_member` VALUES ('1080736474267144193', NULL, '13700000011', '96e79218965eb72c92a549dd5a330112', '用户XJtDfaYeKk', 1, 19, 'http://thirdwx.qlogo.cn/mmopen/vi_32/DYAIOgq83eoj0hHXhgJNOTSOFsS4uZs8x1ConecaVOB8eIl115xmJZcT4oCicvia7wMEufibKtTLqiaJeanU2Lpg3w/132', NULL, 0, 0, '2019-01-02 12:12:45', '2019-01-02 12:12:56');
INSERT INTO `ucenter_member` VALUES ('1080736474355224577', NULL, '13700000002', '96e79218965eb72c92a549dd5a330112', '用户wUrNkzAPrc', 1, 27, 'http://thirdwx.qlogo.cn/mmopen/vi_32/DYAIOgq83eoj0hHXhgJNOTSOFsS4uZs8x1ConecaVOB8eIl115xmJZcT4oCicvia7wMEufibKtTLqiaJeanU2Lpg3w/132', NULL, 0, 0, '2019-01-02 12:13:56', '2019-01-02 12:14:07');
INSERT INTO `ucenter_member` VALUES ('1086387099449442306', NULL, '13520191388', '96e79218965eb72c92a549dd5a330112', '用户XTMUeHDAoj', 2, 20, 'http://thirdwx.qlogo.cn/mmopen/vi_32/DYAIOgq83eoj0hHXhgJNOTSOFsS4uZs8x1ConecaVOB8eIl115xmJZcT4oCicvia7wMEufibKtTLqiaJeanU2Lpg3w/132', NULL, 0, 0, '2019-01-19 06:17:23', '2019-01-19 06:17:23');
INSERT INTO `ucenter_member` VALUES ('1086387099520745473', NULL, '13520191389', '96e79218965eb72c92a549dd5a330112', '用户vSdKeDlimn', 1, 21, 'http://thirdwx.qlogo.cn/mmopen/vi_32/DYAIOgq83eoj0hHXhgJNOTSOFsS4uZs8x1ConecaVOB8eIl115xmJZcT4oCicvia7wMEufibKtTLqiaJeanU2Lpg3w/132', NULL, 0, 0, '2019-01-19 06:17:23', '2019-01-19 06:17:23');
INSERT INTO `ucenter_member` VALUES ('1086387099608825858', NULL, '13520191381', '96e79218965eb72c92a549dd5a330112', '用户EoyWUVXQoP', 1, 18, 'http://thirdwx.qlogo.cn/mmopen/vi_32/DYAIOgq83eoj0hHXhgJNOTSOFsS4uZs8x1ConecaVOB8eIl115xmJZcT4oCicvia7wMEufibKtTLqiaJeanU2Lpg3w/132', NULL, 0, 0, '2019-01-19 06:17:23', '2019-01-19 06:17:23');
INSERT INTO `ucenter_member` VALUES ('1086387099701100545', NULL, '13520191382', '96e79218965eb72c92a549dd5a330112', '用户LcAYbxLNdN', 2, 24, 'http://thirdwx.qlogo.cn/mmopen/vi_32/DYAIOgq83eoj0hHXhgJNOTSOFsS4uZs8x1ConecaVOB8eIl115xmJZcT4oCicvia7wMEufibKtTLqiaJeanU2Lpg3w/132', NULL, 0, 0, '2019-01-19 06:17:23', '2019-01-19 06:17:23');
INSERT INTO `ucenter_member` VALUES ('1086387099776598018', NULL, '13520191383', '96e79218965eb72c92a549dd5a330112', '用户dZdjcgltnk', 2, 25, 'http://thirdwx.qlogo.cn/mmopen/vi_32/DYAIOgq83eoj0hHXhgJNOTSOFsS4uZs8x1ConecaVOB8eIl115xmJZcT4oCicvia7wMEufibKtTLqiaJeanU2Lpg3w/132', NULL, 0, 0, '2019-01-19 06:17:23', '2019-01-19 06:17:23');
INSERT INTO `ucenter_member` VALUES ('1086387099852095490', NULL, '13520191384', '96e79218965eb72c92a549dd5a330112', '用户wNHGHlxUwX', 2, 23, 'http://thirdwx.qlogo.cn/mmopen/vi_32/DYAIOgq83eoj0hHXhgJNOTSOFsS4uZs8x1ConecaVOB8eIl115xmJZcT4oCicvia7wMEufibKtTLqiaJeanU2Lpg3w/132', NULL, 0, 0, '2019-01-19 06:17:23', '2019-01-19 06:17:23');
INSERT INTO `ucenter_member` VALUES ('1106746895272849410', 'o1R-t5u2TfEVeVjO9CPGdHPNw-to', NULL, NULL, '檀梵\'', NULL, NULL, 'http://thirdwx.qlogo.cn/mmopen/vi_32/zZfLXcetf2Rpsibq6HbPUWKgWSJHtha9y1XBeaqluPUs6BYicW1FJaVqj7U3ozHd3iaodGKJOvY2PvqYTuCKwpyfQ/132', NULL, 0, 0, '2019-03-16 10:39:57', '2019-03-16 10:39:57');
INSERT INTO `ucenter_member` VALUES ('1106822699956654081', NULL, NULL, NULL, NULL, NULL, NULL, 'http://thirdwx.qlogo.cn/mmopen/vi_32/DYAIOgq83eoj0hHXhgJNOTSOFsS4uZs8x1ConecaVOB8eIl115xmJZcT4oCicvia7wMEufibKtTLqiaJeanU2Lpg3w/132', NULL, 0, 0, '2019-03-16 15:41:10', '2019-03-16 15:41:10');
INSERT INTO `ucenter_member` VALUES ('1106823035660357634', 'o1R-t5i4gENwHYRb5lVFy98Z0bdk', NULL, NULL, 'GaoSir', NULL, NULL, 'http://thirdwx.qlogo.cn/mmopen/vi_32/Q0j4TwGTfTJI53RcCuc1no02os6ZrattWGiazlPnicoZQ59zkS7phNdLEWUPDk8fzoxibAnXV1Sbx0trqXEsGhXPw/132', NULL, 0, 0, '2019-03-16 15:42:30', '2019-03-16 15:42:30');
INSERT INTO `ucenter_member` VALUES ('1106823041599492098', NULL, NULL, NULL, NULL, NULL, NULL, 'http://thirdwx.qlogo.cn/mmopen/vi_32/DYAIOgq83eoj0hHXhgJNOTSOFsS4uZs8x1ConecaVOB8eIl115xmJZcT4oCicvia7wMEufibKtTLqiaJeanU2Lpg3w/132', NULL, 0, 0, '2019-03-16 15:42:32', '2019-03-16 15:42:32');
INSERT INTO `ucenter_member` VALUES ('1106823115788341250', 'o1R-t5l_3rnbZbn4jWwFdy6Gk6cg', NULL, NULL, '换个网名哇、', NULL, NULL, 'http://thirdwx.qlogo.cn/mmopen/vi_32/jJHyeM0EN2jhB70LntI3k8fEKe7W6CwykrKMgDJM4VZqCpcxibVibX397p0vmbKURGkLS4jxjGB0GpZfxCicgt07w/132', NULL, 0, 0, '2019-03-16 15:42:49', '2019-03-16 15:42:49');
INSERT INTO `ucenter_member` VALUES ('1106826046730227714', 'o1R-t5gyxumyBqt0CWcnh0S6Ya1g', NULL, NULL, '我是Helen', NULL, NULL, 'http://thirdwx.qlogo.cn/mmopen/vi_32/Q0j4TwGTfTKDRfib8wy7A2ltERKh4VygxdjVC1x5OaOb1t9hot4JNt5agwaVLdJLcD9vJCNcxkvQnlvLYIPfrZw/132', NULL, 0, 0, '2019-03-16 15:54:28', '2019-03-16 15:54:28');
INSERT INTO `ucenter_member` VALUES ('1106828185829490690', 'o1R-t5nNlou5lRwBVgGNJFm4rbc4', NULL, NULL, ' 虎头', NULL, NULL, 'http://thirdwx.qlogo.cn/mmopen/vi_32/Q0j4TwGTfTKxCqRzuYWQmpwiaqQEjNxbC7WicebicXQusU306jgmfoOzUcFg1qaDq5BStiblwBjw5dUOblQ2gUicQOQ/132', NULL, 0, 0, '2019-03-16 16:02:58', '2019-03-16 16:02:58');
INSERT INTO `ucenter_member` VALUES ('1106830599651442689', 'o1R-t5hZHQB1cbX7HZJsiM727_SA', NULL, NULL, '是吴啊', NULL, NULL, 'http://thirdwx.qlogo.cn/mmopen/vi_32/Q0j4TwGTfTJ9CsqApybcs7f3Dyib9IxIh0sBqJb7LicbjU4WticJFF0PVwFvHgtbFdBwfmk3H2t3NyqmEmVx17tRA/132', NULL, 0, 0, '2019-03-16 16:12:34', '2019-03-16 16:12:34');
INSERT INTO `ucenter_member` VALUES ('1106830976199278593', 'o1R-t5meKOoyEJ3-IhWRCBKFcvzU', NULL, NULL, '我才是Helen', NULL, NULL, 'http://thirdwx.qlogo.cn/mmopen/vi_32/DYAIOgq83epMicP9UT6mVjYWdno0OJZkOXiajG0sllJTbGJ9DYiceej2XvbDSGCK8LCF7jv1PuG2uoYlePWic9XO8A/132', NULL, 0, 0, '2019-03-16 16:14:03', '2019-03-16 16:14:03');
INSERT INTO `ucenter_member` VALUES ('1106831936900415490', 'o1R-t5jXYSWakGtnUBnKbfVT5Iok', NULL, NULL, '文若姬', NULL, NULL, 'http://thirdwx.qlogo.cn/mmopen/vi_32/3HEmJwpSzguqqAyzmBwqT6aicIanswZibEOicQInQJI3ZY1qmu59icJC6N7SahKqWYv24GvX5KH2fibwt0mPWcTJ3fg/132', NULL, 0, 0, '2019-03-16 16:17:52', '2019-03-16 16:17:52');
INSERT INTO `ucenter_member` VALUES ('1106832491064442882', 'o1R-t5sud081Qsa2Vb2xSKgGnf_g', NULL, NULL, 'Peanut', NULL, NULL, 'http://thirdwx.qlogo.cn/mmopen/vi_32/DYAIOgq83eoj0hHXhgJNOTSOFsS4uZs8x1ConecaVOB8eIl115xmJZcT4oCicvia7wMEufibKtTLqiaJeanU2Lpg3w/132', NULL, 0, 0, '2019-03-16 16:20:04', '2019-03-16 16:20:04');
INSERT INTO `ucenter_member` VALUES ('1106833021442510849', 'o1R-t5lsGc3I8P5bDpHj7m_AIRvQ', NULL, NULL, '食物链终结者', NULL, NULL, 'http://thirdwx.qlogo.cn/mmopen/vi_32/MQ7qUmCprK9am16M1Ia1Cs3RK0qiarRrl9y8gsssBjIZeS2GwKSrnq7ZYhmrzuzDwBxSMMAofrXeLic9IBlW4M3Q/132', NULL, 0, 0, '2019-03-16 16:22:11', '2019-03-16 16:22:11');
INSERT INTO `ucenter_member` VALUES ('1191600824445046786', NULL, '15210078344', '96e79218965eb72c92a549dd5a330112', 'IT妖姬', 1, 5, 'http://thirdwx.qlogo.cn/mmopen/vi_32/DYAIOgq83eoj0hHXhgJNOTSOFsS4uZs8x1ConecaVOB8eIl115xmJZcT4oCicvia7wMEufibKtTLqiaJeanU2Lpg3w/132', NULL, 0, 0, '2019-11-05 14:19:10', '2019-11-08 18:04:43');
INSERT INTO `ucenter_member` VALUES ('1191616288114163713', NULL, '17866603606', '96e79218965eb72c92a549dd5a330112', 'xiaowu', NULL, NULL, 'http://thirdwx.qlogo.cn/mmopen/vi_32/DYAIOgq83eoj0hHXhgJNOTSOFsS4uZs8x1ConecaVOB8eIl115xmJZcT4oCicvia7wMEufibKtTLqiaJeanU2Lpg3w/132', NULL, 0, 0, '2019-11-05 15:20:37', '2019-11-05 15:20:37');
INSERT INTO `ucenter_member` VALUES ('1195187659054329857', NULL, '15010546384', '96e79218965eb72c92a549dd5a330112', 'qy', NULL, NULL, 'http://thirdwx.qlogo.cn/mmopen/vi_32/DYAIOgq83eoj0hHXhgJNOTSOFsS4uZs8x1ConecaVOB8eIl115xmJZcT4oCicvia7wMEufibKtTLqiaJeanU2Lpg3w/132', NULL, 0, 0, '2019-11-15 11:51:58', '2019-11-15 11:51:58');
INSERT INTO `ucenter_member` VALUES ('1314761457287684098', NULL, '19137654621', '96e79218965eb72c92a549dd5a330112', 'sunny', NULL, NULL, 'https://thirdwx.qlogo.cn/mmopen/vi_32/Q0j4TwGTfTJIPPnnhFCDvdwjUOaLPdHkNTG4vS0K2MBk7SaEK0LNDVb1xT9rdzWJ0NhN5MIK1MTdcpLnHuiaQbg/132', NULL, 0, 0, '2020-10-10 10:55:33', '2020-10-10 10:55:33');
INSERT INTO `ucenter_member` VALUES ('1314826130942853122', 'o3_SC55-Qrz6N9TyDSEZ3Cehk3og', '', NULL, 'sunny', NULL, NULL, 'https://thirdwx.qlogo.cn/mmopen/vi_32/Q0j4TwGTfTJIPPnnhFCDvdwjUOaLPdHkNTG4vS0K2MBk7SaEK0LNDVb1xT9rdzWJ0NhN5MIK1MTdcpLnHuiaQbg/132', NULL, 0, 0, '2020-10-10 15:12:33', '2020-10-10 15:12:33');
INSERT INTO `ucenter_member` VALUES ('1314830182472744962', 'o3_SC55-Qrz6N9TyDSEZ3Cehk3og', '', NULL, 'sunny', NULL, NULL, 'https://thirdwx.qlogo.cn/mmopen/vi_32/Q0j4TwGTfTJIPPnnhFCDvdwjUOaLPdHkNTG4vS0K2MBk7SaEK0LNDVb1xT9rdzWJ0NhN5MIK1MTdcpLnHuiaQbg/132', NULL, 0, 0, '2020-10-10 15:28:39', '2020-10-10 15:28:39');
INSERT INTO `ucenter_member` VALUES ('1314831396694392834', 'o3_SC55-Qrz6N9TyDSEZ3Cehk3og', '', NULL, 'sunny', NULL, NULL, 'https://thirdwx.qlogo.cn/mmopen/vi_32/Q0j4TwGTfTJIPPnnhFCDvdwjUOaLPdHkNTG4vS0K2MBk7SaEK0LNDVb1xT9rdzWJ0NhN5MIK1MTdcpLnHuiaQbg/132', NULL, 0, 0, '2020-10-10 15:33:28', '2020-10-10 15:33:28');
INSERT INTO `ucenter_member` VALUES ('1314833977785188354', 'o3_SC55-Qrz6N9TyDSEZ3Cehk3og', '', NULL, 'sunny', NULL, NULL, 'https://thirdwx.qlogo.cn/mmopen/vi_32/Q0j4TwGTfTJIPPnnhFCDvdwjUOaLPdHkNTG4vS0K2MBk7SaEK0LNDVb1xT9rdzWJ0NhN5MIK1MTdcpLnHuiaQbg/132', NULL, 0, 0, '2020-10-10 15:43:43', '2020-10-10 15:43:43');

SET FOREIGN_KEY_CHECKS = 1;
